Company,Telephony,3-Letter
1 TIME AIRLINE (PTY) LTD,NEXTIME,RNX
2 EXCEL AVIATION LTD,BROADSWORD,BRO
"2 SQN, NO 1 ELEMENTARY FLYING TRAINING SCHOOL",WYTON,WYT
"3D AVIATION, INC. (HELENA, MT)",SECUREX,SEC
7STAR GLOBAL AIRLINES LIMITED,STAR WINGS,SGL
"21-AIR, LLC",CARGO SOUTH,CSB
25ONLY AVIATION GMBH,ONLY JET,ONY
"32 (TR) SQUADRON, RAF NORTHOLT",NORTHOLT,NOH
"34 SQUADRON, ROYAL AUSTRALIAN AIR FORCE",,EVY
43 AIR SCHOOL,PRIMA,PIU
84 SQN RAF AKROTIRI,GRIFTER,AKG
213 FLIGHT UNIT,,TFU
"223 FLIGHT UNIT, STATE AIRLINE",CHKALOVSK-AVIA,CHD
224TH FLIGHT UNIT,CARGO UNIT,TTF
247 AVIATION LIMITED,NIGHTINGALE,EMC
247 JET LTD,CLOUD RUNNER,TWF
1903 AVIATION,HIGH SCORE,HCR
1590877AB DBA NORTHSTAR AIR TOURS LTD,GREY JAY,GJA
2080061 ONTARIO INC.,PHOENIX NORTH,PHX
9736140 CANADA INC. - PASCAN,PASCAN,PSC
A-JET AVIATION CO. LTD,JET MONGOLIA,AJR
A-SAFAR AIR SERVICES LIMITED,AIR SAFAR,SFM
AAC-ANGOLA AIR CHARTER LIMITED,ANGOLA CHARTER,AGO
ABABEEL AVIATION CO. LTD,BABEL AIR,BBE
ABAKAN AIR,ABAKAN AIR,NKP
ABAN AIR,ABAN,ABE
ABAS,ABAS,MRP
"ABC AEROLINEAS, S.A. DE C.V.",ABC AEROLINEAS,AIJ
ABC AIR HUNGARY LTD,ABC HUNGARY,AHU
ABC BEDARFSFLUG GMBH,FLY TYROL,FTY
ABELAG AVIATION,ABG,AAB
ABERDAIR AVIATION GH LTD,,ROH
ABERDAIR AVIATION LIMITED,ABERDAV,BDV
ABS JETS,BAIR,ABP
ABSA AEROLINHAS BRASILEIRAS S/A,TAMCARGO,LTG
ABSOLUTE FLIGHT SERVICES (PTY) LTD,TITANIUM,TTN
ABU DHABI AVIATION,BARAKAH,BAR
"ABX AIR, INC. (WILMINGTON, OH)",ABEX,ABX
"AC AVIATION CO., LTD",SINOJET,ACJ
ACA-ANCARGO AIR SOCIEDADE DE TRANSPORTE DE CARGA LDA,ANCARGO AIR,NCL
"ACADEMY AIRLINES (GRIFFIN, GA)",ACADEMY,ACD
ACASS IRELAND LTD.,SONAS,SON
ACE AIR,ACE TAXI,ATZ
"ACERO TAXI, S.A. DE C.V.",ACERO,ARO
"ACM AIR CHARTER GMBH, RHEINMUENSTER",BAVARIAN,BVR
"ACM AVIATION, INC. (SAN JOSE, CA)",BAY JET,BJT
"ACP JET CHARTER, INC.",PALMBEACH JET,JPB
"ACP JET CHARTERS, INC. DBA PHENIX JET",ROCKSTAR,RKS
ACROPOLIS AVIATION LTD,ACROPOLIS,CRV
ACT HAVAYOLLARI A.S.,CARGO TURK,RUN
"ACT TWO, INC.",WOODWARD,WDW
ACTION AIRLINES (ACTION AIR CHARTER),ACTION AIR,AXQ
AD ASTRA EXECUTIVE CHARTER SP.Z.O.O.,AD ASTRA,ADC
AD AVIATION LIMITED,FLIGHTVUE,VUE
ADAM AIRCRAFT SERVICES GMBH,ADAM,WDA
"ADEFA, S.A.",,ADF
"ADI SHUTTLE GROUP, LLC (MATHER, CA)",TECHJET,TEC
ADLER AVIATION LTD,SHOCKWAVE,SWH
ADMINISTRACION DE AEROPUERTOS Y SERVICIOS AUXILIARES A LA NAVEGACION AEREA (AASANA),,XXV
"ADMINISTRACION PROFESIONAL DE AERONAVES, S.A. DE C.V.",AEROPROFESIONAL,RPR
ADMIRAL BEVERAGE CORPORATION,SPEEDGOAT,SGO
ADRIA AIRWAYS,ADRIA,ADR
"ADRO SERVICIOS AEREOS, S.A. DE C.V.",ADRO SERVICIOS,DRO
"ADVANCE AVIATION CO., LTD",ADVANCE AVIATION,AAX
"ADVANCE AVIATION JET CO., LTD",LEE JET,AJV
"ADVANCE AVIATION SERVICES, INC. (MIAMI SPRINGS, FL)",,XTJ
"ADVANCED AIR CO., LTD",,ADD
"ADVANCED AIR, LLC",WINGSPAN,WSN
ADVANCED FLIGHT TRAINING LTD,ADVANCED,ADV
ADVENTIA,ADVENTIA,DVN
"ADVISORS AVIATION (ST. LOUIS, MO)",CARDINAL,BKM
AEF CRANWELL,,UAH
"AEG AVIATION SERVICES (STATELINE, NV)",,EBS
AEGEAN AIRLINES,AEGEAN,AEE
AEGEAN EXECUTIVE S.A.,SEAGULL,AEW
AEGLE AVIATION (ARUBA) N.V.,RHOMBUS,AEL
"AEKO KULA, INC. D/B/A ALOHA AIR CARGO (HONOLULU, HI)",ALOHA,AAH
AEOLUS AIR LIMITED,AEOLUS,AAZ
AER LINGUS (UK) LIMITED,GREEN FLIGHT,EUK
AER LINGUS TEORANTA,SHAMROCK,EIN
"AERBRAVA, S.C.P.",,EBV
"AERCARIBE, S.A.",ADMIRE,ACL
AEREA,,AEF
"AEREA FLYING TRAINING ORGANIZATION, S.A.",AEREA TRAINING,ADG
"AEREO CABO, S.A. DE C.V.",CABOAEREO,CBV
"AEREO DORADO, S.A. DE C.V.",AEREO DORADO,DRD
"AEREO GE, S.A. DE C.V.",GEMEX,GEE
AEREO RUTA MAYA,RUTA MAYA,MMG
"AEREO TAXI PARAZA, S.A. DE C.V.",AEREO PARAZA,PZA
"AEREOTAXIS, S.A. DE C.V.",AEREOTAXIS,TXI
"AEREOTCLA, S.A. DE C.V.",AEROCLA,TLA
AERFI GROUP PLC,AIR TARA,AGP
AERIAL SURVEYS (1980) LTD,SURVEY,SUY
AERIS GESTION S.L.,AERIS,RIS
AERIUS MANAGEMENT LLC,JET CITY,JCY
"AERO4M, D.O.O.",VEGA,AEH
"AERO AIR, LLC (HILLSBORO, OR)",WILLAMETTE,WIL
AERO AIRLINE PLC,ILEK,ILK
AERO ALBATROS,ALBATROS ESPANA,ABM
AERO ALBATROS,ALBATROS,ALB
AERO ASAHI CORPORATION,,AKF
AERO ASIA,AERO ASIA,RSO
"AERO BARLOZ, S.A. DE C.V.",AEROLOZ,BLZ
"AERO BG, S.A. DE C.V.",AERO BG,BGG
"AERO BINIZA, S.A. DE C.V.",BINIZA,BZS
"AERO CALAFIA, S.A. DE C.V.",CALAFIA,CFV
"AERO CHARTER AND TRANSPORT (ALBUQUERQUE, NM)",CHAR-TRAN,CTA
AERO CHARTER KRIFKA GES MBH,KRIFKA AIR,KFK
"AERO CHARTER, INC. (CHESTERFIELD, MO)",GASLIGHT,GLT
AERO CLUB DE CASTELLON,,RRB
AERO CLUB DE PORTUGAL,CLUB PORTUGAL,CLP
AERO CLUBE DO ALGARVE,CLUBE ALGARVE,CGV
AERO CONTRACTORS COMPANY OF NIGERIA LTD.,AEROLINE,NIG
"AERO COPTER, S.A. DE C.V.",AERO-COP,PTE
AERO CORPORATE,IVORYCORP,ARP
"AERO DAVINCI INTERNATIONAL, S.A. DE C.V.",AERO DAVINCI,DVI
"AERO DILI TRANSPORT SERVICE, S.A.",AERO DILI,DTL
AERO DYNAMICS,COTSWOLD,ADL
"AERO EJECUTIVOS, C.A.",VENEJECUTIV,VEJ
"AERO ELITE ACAPULCO, S.A. DE C.V.",ELITACAPULCO,EPU
AERO ENTREPRISE,AERO ENTREPRISE,AON
AERO EXPEDITION LLC,AERO GEORGIA,GEX
AERO EXPRESS,,XPN
AERO FLIGHTOPS UK LTD,BLACK JET,UKA
AERO GUERNSEY LTD,AERO,AEO
"AERO INDUSTRIES, INC. (RICHMOND, VA)",WABASH,WAB
AERO JET,,TEJ
"AERO JET EXPRESS, S.A. DE C.V.",JET EXPRES,AJE
"AERO JET INTERNATIONAL (FORT LAUDERDALE, FL)",REVA AIR,RVQ
AERO JL,AERO JOE,JLA
"AERO JOMACHA, S.A. DE C.V.",AERO JOMACHA,MHC
AERO K AIRLINES,AEROHANGUK,EOK
"AERO LAB, S.A. DE C.V.",AEROLAB,ERL
"AERO LIDER, S.A. DE C.V.",AEROLIDER,LDR
AERO LINK AIR SERVICES S.L.,LINK SERVICE,ARK
AERO MADRID,AEROMADRID,AEM
AERO MARAT SA DE CV,AEROMARAT,MOC
"AERO MCFLY, S.A. DE C.V.",MCFLY,MFL
AERO MONGOLIA,AERO MONGOLIA,MNG
AERO NOMAD AIRLINES LLC,AERO NOMAD,ANK
AERO NOVA,AERONOVA,OVA
"AERO OWEN, S.A. DE C.V",AERO OWEN,OWN
"AERO PERSONAL, S.A. DE C.V.",AEROPERSONAL,PNL
"AERO PREMIER DE MEXICO, S.A. DE C.V.",AEROPREMIER,MIE
"AERO QUIMMCO, S.A DE C.V.",QUIMMCO,QUI
"AERO RENTA DE COAHUILA, S.A. DE C.V.",AEROCOAHUILA,RCO
"AERO ROA, S.A.DE C.V.",AERO ROA,ROO
"AERO ROCA, S.A. DE C.V.",AEROROCA,RRC
"AERO SALMON, S.A. DE C.V.",AERO-SAL,SOM
"AERO SAMI, S.A. DE C.V.",SAMI,SMI
AERO SERVICE BOLIVIA,,GHM
AERO SERVICES,AEROSERV,BAS
"AERO SERVICIO CORPORATIVO, S.A. DE C.V.",SERVICORP,SRV
"AERO SERVICIO GUERRERO, S.A. DE C.V.",AERO GUERRERO,GUE
"AERO SERVICIO PITY, S.A. DE C.V.",PITY,PTD
"AERO SERVICIOS AZTECA, S.A. DE C.V.",AEROAZTECA,TED
"AERO SERVICIOS EMPRESARIALES, S.A. DE C.V.",SERVIEMPRESARIAL,EMS
"AERO SERVICIOS ESPECIALIZADOS, S.A. DE C.V.",AEROESPECIAL,SVE
"AERO SERVICIOS PLATINUM, S.A. DE C.V.",AERO PLATINUM,PNU
"AERO SERVICIOS REGIOMONTANOS, S.A. DE C.V.",ASERGIO,ERI
"AERO SILZA, S.A. DE C.V.",AEROSILZA,SIZ
AERO SKY S.L.,MULTISKY,ASK
AERO SOTRAVIA,SOTRAVIA,ASR
AERO SURVEY LTD,EASY SHUTTLE,IKM
AERO TAK LIMITED,AEROTAK,KAT
"AERO TAXI DEL POTOSI, S.A.",TAXI-POTOSI,TPO
"AERO TAXIS Y SERVICIOS ALFE, S.A. DE C.V.",AERO ALFE,FES
"AERO TOLUCA INTERNACIONAL, S.A. DE C.V.",AEROTOLUCA,TLU
"AERO TOMZA, S.A. DE C.V.",AERO TOMZA,TZA
"AERO TRANSPORTE LA MONTANA, C. A.",LA MONTANA,RTE
AERO TRANSPORTE S.A. (ATSA),ATSA,AMP
AERO TRANSPORTES EMPRESARIALES,EMPRESARIALES,EPL
"AERO TROPICAL, LDA",AERO TROPICAL,TPB
"AERO UTIL, S.A. DE C.V.",AEROUTIL,TLE
"AERO VICS, S.A. DE C.V.",AEROVICS,ARI
"AERO VIREL, S.A. DE C.V.",VIREL,VLS
AERO VISION,AEROVISION,AOV
AERO VODOCHODY,AERO CZECH,AOD
"AERO WAYS, INC. (NEW CASTLE, DE)",TARKA,TKK
"AERO YAQUI MAYO, S. A. DE C.V.",AERO YAQUI,MYS
"AERO-BETA GMBH & CO., STUTTGART",AEROBETA,ABA
"AERO-MICRONESIA, INC. D/B/A ASIA PACIFIC AIRLINES (DANVILLE, CA)",MAGELLAN,MGE
AERO-PYRENEES,AERO-PYRENEES,EAP
"AERO-REY, S.A. DE C.V.",AEROREY,REY
AERO-TECH SERVICES,ATECH,TEK
AEROALJARAFE S.L.,ALJARAFE,AJH
"AEROANDINAS, C.A.",CORDILLERAS,ARD
AEROATLAS S.A.,ATCO,AQA
AEROBELL AIRLINES,CALI,GAB
AEROBILITY,ABLE,DFA
"AEROBOLIVAR, C.A.",AEROBOLIVAR,IVA
"AEROBONA, S.A. DE C.V.",AEROBONA,BOC
AEROBRIDGE,AEROBRIDGE,BGE
AEROCARDAL,AEROCARDAL,CDA
AEROCARIBE AIRLINES,CARIBE,CVZ
"AEROCARIBE CORO, C.A.",CARIBE CORO,AOB
"AEROCARIBE DE HONDURAS, S. DE R.L. (HONDURAS AIR)",HONDURAS AIR,HAS
"AEROCENTER, ESCUELA DE FORMACION DE PILOTOS PRIVADOS DE AVION",AEROCENTER,ACR
AEROCHARTER,,ERC
AEROCLUB BARCELONA-SABADELL,,BSO
AEROCLUB DE ALBACETE,,NVA
AEROCLUB DE ALICANTE,,LUE
AEROCLUB DE MALLORCA,MALLORCA,MLL
AEROCLUB DE VITORIA,,AVX
AEROCLUBE DE COIMBRA,MONDEGO,MOD
AEROCOM AVIATION OY,CITY COPTER,HCX
AEROCON LTDA.,AEROCON,AEK
"AEROCORPORATIVOS, S.A. DE C.V.",AEROCORPORATIVOS,CTD
"AEROCREDO, CLOSED CORPORATION",,RRO
"AEROCUAHONTE, S.A. DE C.V.",CUAHONTE,CUO
"AERODAN, S.A. DE C.V.",AERODAN,ROD
AERODESIERTO S.A.,AERODESIERTO,DTO
"AERODIENST GMBH & CO. KG, NUERNBERG",AERODIENST,ADN
"AERODINAMICA DE MONTERREY, S.A. DE C.V.",DINAMICAMONT,DMC
"AERODIPLOMATIC, S.A. DE C.V.",AERODIPLOMATIC,ADP
AERODIS AVIACION S.L.,AERODIS,DIS
AERODROME CONTROL TOWER,TOWER,ZTZ
AERODROME SECURITY SERVICES,,ZYZ
"AERODYNAMICS MALAGA, S.L.",FLYINGOLIVE,DNC
"AERODYNAMICS, INC. (WATERFORD, MI)",AERODYNAMICS,DYN
"AEROECOM, C.A.",AEROECOM,ERO
"AEROEJECUTIVOS, AEROSERVICIOS EJECUTIVOS",AEROEJECUTIVOS,AJS
"AEROENLACES NACIONALES, S.A. DE C.V.",AEROENLACES,VIV
AEROESTE SRL,ESTE-BOLIVIA,ROE
AEROEXPRESO BOGOTA,AEROEXPRESO,ABO
AEROFAN,AEROFAN,CFF
AEROFAQ,,FAQ
"AEROFERINCO, S.A. DE C.V.",FERINCO,FEO
"AEROFLIGHT ACADEMY OF AVIATION, INC. (SEATTLE, WA)",AEROFLIGHT,TVD
AEROFLOT - RUSSIAN AIRLINES,AEROFLOT,AFL
AEROFLOTA DEL NOROESTE S.L.,RIAZOR,FNO
AEROFLY S.A. DE C.V.,AEROFIL,RFY
"AEROFORWARD, LLC (LAS VEGAS, NV)",,AWF
AEROFRISCO,AEROFRISCO,FCO
AEROGAUCHO S.A.,AEROGAUCHO,GAU
"AEROGUARD FLIGHT TRAINING CENTER (PHOENIX, AZ)",AEROSUN,ASI
AEROHELI INTERNATIONAL GMBH & CO KG,AIRWOLF,AIW
"AEROHELICOPTEROS, C.A.",AEROHELCA,ARH
AEROHELIX S. DE R.L. DE C.V.,AEROX,AEX
AEROITALIA SRL,AEROITALIA,AEZ
AEROJET AIRLINES,JET EXPRESS,BJU
AEROJET EXECUTIVE,AEROJET,AEJ
"AEROJOBENI, S.A. DE C.V.",JOBENI,JOB
"AEROKALUZ, S.A. DE C.V.",AEROKALUZ,KLZ
AEROKUZBASS LTD,NOVOKUZNETSK,NKZ
"AEROLAGUNA, S.A. DE C.V.",AEROLAGUNA,LGN
AEROLANE - LINEAS AEREAS NACIONALES DEL ECUADOR S.A.,AEROLANE,LNE
"AEROLIMA, S.A. DE C.V.",AEROLIMA,LMA
AEROLIMOUSINE LTD,AEROLIMOUSINE,LIN
AEROLINEA DE ANTIOQUIA S.A. (ADA),ANTIOQUIA,ANQ
AEROLINEA DEL CARIBE-PERU S.A.C.,CARIBE-PERU,CPR
AEROLINEA PRINCIPAL CHILE S.A.,PRINCIPAL,PCP
AEROLINEAS ARGENTINAS,ARGENTINA,ARG
AEROLINEAS BONANZA S.A. DE C.V.,BONAN AIR,BZA
"AEROLINEAS CENTAURO, S.A. DE C.V.",CENTAURO,CTR
"AEROLINEAS CENTRALES, S.A. DE C.V.",AEROLINEAS CENTRALES,ALT
"AEROLINEAS CHIHUAHUA AL PACIFICO, S.A. DE C.V.",PACIFICO CHIHUAHUA,PFI
"AEROLINEAS COMERCIALES, S.A. DE C.V.",AERO COMERCIALES,ECM
"AEROLINEAS DAMOJH, S.A. DE C.V.",DAMOJH,DMJ
"AEROLINEAS DE MORELIA, S.A. DE C.V.",AEROMORELIA,MOR
"AEROLINEAS DE TEHUACAN, S.A. DE C.V.",LINEAS TEHUACAN,HUC
"AEROLINEAS DEL CENTRO, S.A. DE C.V.",LINEAS DELCENTRO,RDC
"AEROLINEAS DEL GOLFO, S.A. DE C.V.",DELGOLFO,DLG
AEROLINEAS DEL PACIFICO - AEROPACSA,AEROPACSA,RPC
"AEROLINEAS EJECUTIVAS, S.A. DE C.V.",MEXALE,LET
"AEROLINEAS HIDALGO, S.A. DE C.V.",HIDALGO,AHL
"AEROLINEAS JET GLOBAL, C.A.",JETGLOBAL,JGB
"AEROLINEAS MARCOS, S.A. DE C.V.",MARCOS,MCO
"AEROLINEAS MAS, S.A.",AEROMAS,MAF
"AEROLINEAS PRIMORDIALES, S A DE C.V.",PRIMORDIALES,APR
"AEROLINEAS SANTO DOMINGO, S.A.",AERO DOMINGO,SDO
"AEROLINEAS SOL, S.A. DE C.V.",ALSOL,SOD
AEROLINEAS SOSA S.A.,SOSA,NSO
AEROLINEAS URUGUAYAS S.A.,AUSA,AUY
AEROLINK UGANDA LIMITED,PEARL,XAU
"AEROLITORAL, S.A. DE C.V.",COSTERA,SLI
AEROLOGIC,,LDL
"AEROLOGIC GMBH, LEIPZIG",GERMAN CARGO,BOX
"AEROMAAN, S.A. DE C.V.",EOMAAN,ERM
AEROMANAGE,AEROMANAGE,AGE
AEROMANAGEMENT GROUP,GEZIRA,GZR
AEROMAS,AEROMAS EXPRESS,MSM
"AEROMAX, S.L.",AEROMAX SPAIN,AXP
"AEROMEDICA, S.A. DE C.V.",AEROMEDICA,DIC
AEROMEGA LTD,OMEGA,OMG
AEROMET SERVICIOS LTDA.,METSERVICE,ARS
"AEROMONKY, S.A. DE C.V.",AEROMON,NKY
"AEROMUNDO EJECUTIVO, S.A. DE C.V.",AEROMUNDO,MUN
"AERONAUTICA CASTELLANA, S.L.",AERO CASTELLANA,ECL
"AERONAUTICA DEL PRINCIPADO, S.L.",,NEO
AERONAUTICA MILITARE ITALIANA,ITALIAN AIRFORCE,IAM
"AERONAUTICAL ACADEMY OF EUROPE - ACADEMIA AERONAUTICA DE EVORA, S.A.",DIANA,EVR
AERONAUTICAL CHARTERS INC.,SUN SPEED,SUP
AERONAUTICAL FIXED STATION,,YFY
AERONAUTICAL INFORMATION SERVICE UNIT,,YOY
AERONAUTICAL RADIO OF THAILAND LTD,AEROTHAI,AET
"AERONAUTICAL RADIO, INC. (ARINC)",ROCKFISH,XAA
AERONAUTICAL STATION,RADIO,YSY
AERONAVE MILITAR ESPANOLA. MINISTERIO DE DEFENSA,AIRMIL,AME
AERONAVES DEL NOROESTE,AERONOR,ENW
"AERONAVES EJECUTIVAS GSF, S.A. DE C.V.",AERO GESEF,GSF
AERONAVES ESPECIALIZADAS EN TRANSPORTACIONES AEREAS S.A DE C.V.,AEROASESA,LMX
"AERONAVES TSM, S.A. DE C.V.",AERONAVES TSM,VTM
AERONEXUS CORPORATE PTY LTD,AERONEX,ARN
AERONOR,AEROCARTO,GCF
"AERONOR, S.A. DE C.V.",NORAERO,ONO
AEROPA S.R.L.,,AAU
AEROPANAMERICANO C.A.,PANAMERICANO,PNM
"AEROPAPA, S.L.",,APY
"AEROPARADISE, S.A. DE C.V.",AEROPARADISE,APS
AEROPARTNER A.S.,DARK BLUE,DFC
AEROPOLE OY,RED FINN,APM
AEROPOSTAL ALAS DE VENEZUELA,AEROPOSTAL,ALV
"AEROPYCSA, S.A. DE C.V.",AEROPYCSA,PYC
AERORENTAL,AERORENTAL,DMB
AEROREPUBLICA,AEROREPUBLICA,RPB
AERORUTAS DEL SUR C.A.,AERORUTAS,AFC
AEROS LTD (T/A AEROS FLIGHT TRAINING),AEROS,AOS
"AEROSAAB, S.A. DE C.V.",AEROSAAB,SBH
"AEROSAFIN, S.A. DE C.V.",AEROSAFIN,FIC
"AEROSAN, S.A. DE C.V.",AEROSAN,OSN
AEROSEC,AEROSEC,ERK
AEROSERVICE,CONGOSERV,RSR
"AEROSERVICIO SIPSE, S.A. DE C.V.",SIPSE,PSE
"AEROSERVICIOS AOV, S.A. DE C.V.",SERVICIO AEREO,CDF
"AEROSERVICIOS CARABOBO, C.A. (ASERCA)",AROSCA,OCA
AEROSERVICIOS CENTROAMERICANOS S. DE R.L.,ZEUS,AEY
"AEROSERVICIOS DE ALMERIA 2000, S.L.",,AEC
"AEROSERVICIOS DE LA COSTA, S.A. DE C.V.",AERO COSTA,TAA
"AEROSERVICIOS DE NUEVO LEON, S.A. DE C.V.",SERVICIOS NUEVOLEON,NUL
"AEROSERVICIOS DE TLALTENANGO, S.A. DE C.V.",SERVITLAL,TEG
"AEROSERVICIOS DINAMICOS, S.A. DE C.V.",AERODINAMICO,DMI
"AEROSERVICIOS EJECUTIVOS CORPORATIVOS, S.A. DE C.V.",EJECORPORATIVOS,EJP
AEROSERVICIOS FARES C.A.,FARES,FEE
"AEROSERVICIOS JET, S.A. DE C.V.",ASERJET,RJS
AEROSERVICIOS KRATOS SA DE CV,KRATOS,KTO
AEROSIM ACADEMY INC.,BUCKY,LFA
AEROSPACE CONSORTIUM LTD,MOONLIGHT,AKQ
AEROSPACE ENGINEERING SERVICES,GEMINA,AES
AEROSPATIALLE,REMUDO,SQU
AEROSPEED FORMATION ET MAINTENANCE,EPIC AIR,AFM
AEROSTAN,BIG SHOT,BSC
AEROSTAR,AEROSTAR,UAR
AEROSUCRE S.A.,AEROSUCRE,KRE
AEROSUD AVIATION,SKYTRACK,SYT
AEROSUL TAXI AEREO LTDA,AEROSUL,ASO
"AEROSUR, COMPANIA BOLIVIANA DE TRANSPORTE AEREO PRIVADO S.A.",AEROSUR,RSU
"AEROTAXI ATLANTICO, S.A. DE C.V.",AERO ATLA,TLN
AEROTAXI CASANARE LTDA.,AEROTACA,ATK
"AEROTAXI DEL CABO, S.A. DE C.V.",TAXI CABO,CBO
"AEROTAXI DEL CARIBE, S. DE R.L. DE C.V.",DELCARIBE,DCA
"AEROTAXI DVZ, S.A. DE C.V.",AEROTAXI DVZ,DVZ
"AEROTAXI GRUPO TAMPICO, S. A. DE C.V.",GRUPOTAMPICO,GTP
"AEROTAXI LOS VALLES, S.L.",VALLES,VAD
"AEROTAXI MEXICANO, S.A. DE C.V.",MEXAERO,MXO
AEROTAXI S.R.O.,AEROTAXI,ITE
"AEROTAXI VILLA RICA, S.A. DE C.V.",VILLARICA,VRI
"AEROTAXIS ALFE, S.A. DE C.V.",ALFE,TXF
"AEROTAXIS DE LA BAHIA, S.A. DE C.V.",BAHIA,BHC
AEROTAXIS DEL MEDITERRANEO S.L.,RYJET,RYJ
"AEROTAXIS DEL NOROESTE, S.A. DE C.V.",TAXI OESTE,TXD
"AEROTAXIS METROPOLITANOS, S.A. DE C.V.",AEROMETROPOLIS,MTB
"AEROTAXIS PEGASO, S.A. DE C.V.",AEROPEGASO,PSO
"AEROTAXIS TUCAN, S.A. DE C.V.",ROCAN,ERA
AEROTEC,AEROTEC,AEP
"AEROTECNICA JET SERVICES, INC.",PANAJET,AJQ
AEROTECNICA S.A.,ATSAVEN,DUG
AEROTOURS,BERLIN SKY,ATU
"AEROTOURS LA VINA, S.A. DE C.V.",AERO VINA,RVG
"AEROTRANS, JOINT-STOCK COMPANY",,CDU
AEROTRANSCARGO,MOLDCARGO,ATG
AEROTRANSCOLOMBIANA DE CARGA LTDA.,TRANSCOLOMBIA,TCO
"AEROTRANSPORTACION DE NORTEAMERICA, S.A. DE C.V.",NORAM,ANM
AEROTRANSPORTE CONVALLES,CONVALLES,LLE
"AEROTRANSPORTE DE CARGA UNION, S.A. DE C.V.",AEROUNION,TNO
AEROTRANSPORTE PETROLERO LTDA.,AEROPETRO,PET
"AEROTRANSPORTES CORPORATIVOS, S.A. DE C.V.",AEROTRANSCORP,CRP
"AEROTRANSPORTES HUITZILIN, S.A. DE C.V.",AEROHUITZILIN,HUT
"AEROTRANSPORTES INTERNACIONALES DE TORREON, S.A. DE C.V.",AERO TORREON,RRE
"AEROTRANSPORTES MAS DE CARGA, S.A. DE C.V.",MAS CARGA,MAA
"AEROTRANSPORTES RAFILHER, S.A. DE C.V.",RAFILHER,RFD
"AEROTRANSPORTES ZODIAC, S.A. DE C.V.",AERO ZODIAC,ETZ
"AEROTRESALIA, S.A. DE C.V.",TRESALIA,OTS
"AEROTUCAN, S.A. DE C.V.",AEROTUCAN,RTU
AEROTURPIAL,VETURPI,TUR
"AEROVARADERO, S.A.",AEROVARADERO,AVY
"AEROVENA, S.A. DE C.V.",AEROVENA,VNS
"AEROVENTAS, S.A.",AEROVENTAS,AEV
"AEROVIAS CASTILLO, S.A.",AEROCASTILLO,CLL
AEROVIAS DAP,DAP,DAP
"AEROVIAS DE MEXICO, S.A. DE C.V.",AEROMEXICO,AMX
AEROVIAS DEL CONTINENTE AMERICANO S.A.,AVIANCA,AVA
"AEROVIC, C.A.",,OVC
AEROVILLA LTDA.,AEROVILLA,VVG
AEROVIP S.A. (AIR CLASS),ACLA,QCL
AEROVIS AIRLINES LTD,AEROVIZ,VIZ
"AEROVITRO, S.A. DE C.V.",AEROVITRO,VRO
"AEROVUELOX, S.A. DE C.V.",AEROVUELOX,VUO
AEROWAYS,MAVERICK,MCK
AEROWEST GMBH,AEROWEST,AWH
"AEROWIN, SA DE CV",AEROWIN,OWI
AEROWORLD PAKISTAN PRIVATE LTD,,AWP
"AEROXTRA, S.A. DE C.V.",AERO-EXTRA,RXT
AERRO DIREKT,DIREKT WINGS,DIR
AF-AIR INTERNATIONAL,FANBIRD,FAN
AF-AVIATION LTD,AIRFERRY,AFF
AFGHAN JET INTERNATIONAL AIRLINES,AFGHAN JET,AJA
"AFIT GMBH, PULLACH",TWEETY,KIE
AFRIC AVIATION,,EKG
AFRICA CHARTER AIRLINES CC,AFRICAN SKY,FSK
AFRICA CHARTERED SERVICES,AFRICA CHARTERED,AFY
AFRICA WORLD AIRLINES LIMITED,BLACKSTAR,AFW
AFRICA'S CONNECTION STP,,ACH
AFRICAN AIRLINES CORPORATION,AFRIQIYAH,AAW
AFRICAN AIRLINES INTERNATIONAL LIMITED,AFRICAN AIRLINES,AIK
AFRICAN ALLIANCE AIRLINES,AFRICA ALLIANCE,JAY
AFRICAN EXPRESS AIRWAYS,EXPRESS JET,AXK
AFRICAN INTERNATIONAL AIRWAYS (PTY) LTD,FLY CARGO,AIN
AFRICAN MEDICAL AND RESEARCH FOUNDATION (AMREF),FLYDOC,FDS
AFRICAN SAFARI AIRWAYS LTD.,ZEBRA,QSC
AFRICAN TRANSPORT TRADING AND INVESTMENT CO. (ATTICO),TRANATTICO,ETC
AFRICAONE,AFRICAWORLD,AFI
AFRIJET AIRLINES,AFRIJET,FRJ
AFRIJET BUSINESS SERVICES (ABS),,ABS
AFRIK AIRWAYS,,CIW
AFRIKA AVIATION HANDLERS LIMITED,AFRIFAST,FRK
AFRIQUE CHART'AIR,CHARTER AFRIQUE,FRQ
AFRO INTERNATIONAL ENT. LIMITED,INTER-AFRO,AOR
AFS ALPINE FLIGHTSERVICE GMBH,FALCO,FSE
AFTN COMMUNICATIONS CENTRE,,YFA
"AG-RAUM GMBH, WARNGAU",TORRO,FAR
AGENCE NATIONALE DES AERODROMES ET DE LA METEOROLOGIE (ANAM),,ZZM
"AGRICOLAIR, S.L.",,AGD
AGROAR - TRABALHOS AEREOS LDA.,AGROAR,GRR
AHK AIR HONG KONG LIMITED,AIR HONG KONG,AHK
AHS AIR INTERNATIONAL (PVT) LTD,HIGH SKY,AHS
AIGLE AZUR,AIGLE AZUR,AAF
AIM AIR,AIM AIR,AAM
AIM AVIATION,,AIF
AIMS COMMUNITY COLLEGE,AIMS COLLEGE,RTY
AIR1AIR,AVICENNA,INA
AIR26 S.A.,DUCARD,DCD
"AIR 1ST AVIATION COMPANIES OF OKLAHOMA, INC. (TULSA, OK)",ROUGH RIDER,RUF
AIR ADA,AIR ADA,RDM
AIR ADELPHI LTD,ADELPHI,MUS
AIR AFGHANISTAN INTERNATIONAL,AIR AFGHANISTAN,AFH
AIR AFRICA INTERNATIONAL LTD,,GEM
AIR ALBANIA,AIR ALBANIA,ABN
AIR ALBATROS,ALBAJET,WBA
AIR ALBORAN S.L.,ALHAMBRA,AHB
AIR ALGERIE,AIR ALGERIE,DAH
AIR ALIZE,ALIZE,RLZ
AIR ALPHA A/S,AIR ALPHA,AHA
"AIR ALPHA, INC. (CINCINNATI, OH)",DOUBLE-A,DBA
AIR ALSIE A/S,MERMAID,MMD
AIR AMBULANCE SERVICES LIMITED,ISLAND LIFEFLIGHT,ABZ
AIR AMDER SA,AIR AMDER,RMD
"AIR AMERICA, INC. (CAROLINA, PR)",AIRMEK,AMI
AIR ANKA AIRLINES INC.- AIR ANKA HAVA YOLLARI A.S.,AIR ANKA,TAH
AIR ANTWERP,DEVIL,ATW
AIR ARABIA,ARABIA,ABY
AIR ARABIA ABU DHABI,NAWRAS,ADY
AIR ARABIA EGYPT,ARABIA EGYPT,RBG
AIR ARABIA FOR AIR TRANSPORT,ARABIA AVIA,ALL
AIR ARABIA MAROC,ARABIA MAROC,MAC
AIR ARCHIPELS,ARCHIPELS,RHL
AIR ASIA (INDIA) LTD.,RED KNIGHT,IAD
AIR ASTANA,ASTANALINE,KZR
AIR ATLANTA EUROPE,EUROVIKING,AAE
AIR ATLANTA ICELANDIC,ATLANTA,ABD
AIR ATLANTIC (NIG) LIMITED,NIGALANTIC,ANI
AIR ATLANTIC URUGUAY S.A.,ATLAMUR,AUM
AIR ATTACK TECHNOLOGIES,MIGHTYVAN,MGT
"AIR AURORA, INC. (SUGAR GROVE, IL)",BOREALIS,AAI
AIR AUSTRAL,REUNION,REU
AIR BAGAN LIMITED,AIR BAGAN,JAB
AIR BALTIC CORPORATION JSC,AIRBALTIC,BTI
AIR BELGIUM SA,AIR BELGIUM,ABB
AIR BISSAU INTERNATIONAL LDA,BISSAU INTERNATIONAL,BSA
AIR BOHEMIA A.S.,BOHEMIA,BOH
AIR BOREALIS,NORTHLIGHT,LBR
"AIR BOTSWANA (PTY.), LTD.",BOTSWANA,BOT
AIR BRASIL LINHAS AEREAS LTDA,AIRBRASIL,BSL
AIR BRAVO,AIR BRAVO,BRF
AIR BURKINA,BURKINA,VBW
AIR BUSAN,AIR BUSAN,ABL
AIR CAIRO,,MSC
AIR CALEDONIE,AIRCAL,TPC
AIR CALEDONIE INTERNATIONAL,AIRCALIN,ACI
AIR CANADA,AIR CANADA,ACA
AIR CANADA ROUGE,ROUGE,ROU
AIR CANNES MEDITERRANEE,CANNES AZUR,RCM
AIR CARAIBES,FRENCH WEST,FWI
AIR CARAIBES ATLANTIQUE,CAR LINE,CAJ
"AIR CARE ALLIANCE (STORRS, CT)",COMPASSION,CMF
"AIR CARGO CARRIERS, INC. (MILWAUKEE, WI)",NIGHT CARGO,SNC
AIR CARGO CENTER,,GRI
"AIR CARGO EXPRESS, INC. (LITTLE ROCK, AR)",TURBO DOG,TDG
"AIR CARGO GLOBAL, S.R.O.",GLOBAL CARGO,CCC
"AIR CARGO MASTERS, INC. (SIOUX FALLS, SD)",RUNNER,RNR
AIR CARGO MONGOLIA,MONGOLIA CARGO,MGC
AIR CARGO TRANSPORTATION SYSTEM LIMITED,AFRISPIRIT,ACU
"AIR CARNIVAL PVT. LIMITED (COIMBATORE, INDIA)",CARNAIR,ACV
AIR CASSAI LDA.,AIR CASSAI,RCI
"AIR CENTER HELICOPTERS, INC. (FORT WORTH, TX)",RAPTOR,RAP
"AIR CENTURY, S.A.",CENTURYFLIGHT,CEY
"AIR CHANGAN CO., LTD.",CHANG AN,CGN
"AIR CHARITY NETWORK (VIRGINIA BEACH, VA)",ANGEL FLIGHT,NGF
"AIR CHARTER PROFESSIONALS, INC. (OPA LOCKA, FL)",CHARTAIR,CHV
AIR CHARTER SCOTLAND EUROPE LTD,BRAVEHEART,SCO
AIR CHARTER SCOTLAND LTD,SALTIRE,EDC
"AIR CHARTER WORLD (CORRALES, NM)",,XAC
AIR CHINA,AIR CHINA,CCA
"AIR CHINA CARGO CO., LTD",AIRCHINA FREIGHT,CAO
AIR CHINA INNER MONGOLIA,MENGYUAN,CNM
"AIR CHOICE ONE (ST. LOUIS, MO)",WEBER,ACO
AIR COLUMBUS,AIR COLUMBUS,CBS
AIR COMET,RED COMET,MPD
AIR COMPANY CAAS,PEGAS,KAS
AIR COMPANY COURSE-S,ATLAS,KRS
AIR COMPANY SKY GATES AIRLINES LLC,SKY PATH,SAY
AIR CONNECT AVIATION GROUP,AIR CONNECT,KON
AIR CONSUL,AIR CONSUL,CNU
AIR CONTINENTAL AFRICA,AIRCONTI,ACB
AIR CORPORATE S.R.L.,AIRCORPORATE,CPV
AIR CORRIDOR,AIR CORRIDOR,CRD
AIR CORSICA,CORSICA,CCM
AIR COTE D' IVOIRE,COTE D'IVOIRE,VRE
AIR CREEBEC,CREE,CRQ
AIR CRUZAL,AIR CRUZAL,CRJ
AIR DATA LTD,,AFS
AIR DECCAN,AIR DECCAN,DKN
AIR DILIJANS,NIKA,NGT
"AIR DIVISION OF THE EASTERN KAZAKHSTAN REGION, MUNICIPAL STATE ENTERPRISE",GALETA,UCK
AIR DOLOMITI,DOLOMITI,DLA
AIR DOMINICANA,AIRDOM,RDO
AIR DREAM COLLEGE,DREAM COLLEGE,ADM
AIR EAGLE,AIR EAGLE,EGA
AIR EAGLE (PVT) LTD.,SWIFT CARGO,EPE
AIR EMERALDS,AIR EMERALDS,ERD
AIR ET COMPAGNIE,BLUE TIE,BLT
AIR EUROPA,EUROPA,AEA
AIR EXCEL,TINGA-TINGA,XLL
AIR EXPRESS,AIR SUDEX,AXD
AIR EXPRESS (PVT) LTD,DEWAN EXPRESS,DAD
AIR FALCON (PVT) LIMITED,FEATHER,FPK
AIR FLAMENCO,FLAMENCO,WAF
AIR FORCE OF LIBYA,LIBYAN AIRFORCE,LBF
AIR FRANCE,AIRFRANS,AFR
AIR FREIGHT NZ LTD,TOLL FREIGHT,TFR
AIR FRET DE MAURITANIE,,FMT
"AIR GEMINI, LDA",TWINS,GLL
AIR GEORGIA,AIR GEORGIA,AGF
AIR GHANA,AIR GHANA,GHN
AIR GLACIERS SA,AIR GLACIERS,AGV
AIR GO EGYPT,EGYPTIAN BIRD,AGY
AIR GREENLAND A/S,GREENLAND,GRL
"AIR GUILIN CO., LTD.",WELKIN,CGH
AIR GUYANE SP.,GREEN BIRD,GUY
AIR HAITI,AIRHAITI,HJA
"AIR HAMBURG, HAMBURG",AIR HAMBURG,AHO
AIR HORIZONT,SKY RUNNER,HAT
AIR IMAGES,IMAGES,IMS
AIR INCHEON CO. LTD,AIR INCHEON,AIH
"AIR INDEPENDENCE GMBH, MUENCHEN",DAILY,DLY
AIR INDIA EXPRESS,EXPRESS INDIA,AXB
AIR INDIA LIMITED,AIRINDIA,AIC
AIR INDUS,,MPK
AIR INTER CAMEROUN,INTER-CAMEROUN,ICM
AIR INTER GABON,,AIG
"AIR INTER TRANSPORT CO., LTD.",SKYBUDDY,BGN
AIR INTERSALONIKA,INTERSALONIKA,NSK
AIR INUIT LTD,INUIT,AIE
AIR ITALY S.P.A.,AIR ITALY,ISS
AIR ITM,MUSKETEER,MQT
AIR JAMAICA,JAMAICA,AJM
AIR JAMAICA EXPRESS LIMITED,JAMAICA EXPRESS,JMX
"AIR JAPAN CO., LTD",AIR JAPAN,AJX
AIR JETSUL,AIRJETSUL,AJU
AIR JUPITER,JUPAIR,JIS
AIR KBZ LIMITED,JADE AIR,KBZ
AIR KENYA EXPRESS LTD,SUNEXPRESS,XAK
AIR KG,SALAM AIR,KGC
AIR KIRIBATI LIMITED,AIR KIRIBATI,AKL
"AIR KISSARI, TRANSPORTE AEREO",KISSARI,KSI
AIR KLAIPEDA,AIR KLAIPEDA,KLD
AIR KOREA CO. LTD.,,AKA
AIR KORYO,AIR KORYO,KOR
AIR KYRGYZSTAN,ALTYN AVIA,LYN
AIR LEISURE,AIR LEISURE,ALD
AIR LIAISON,LIAISON,LSJ
AIR LIBYA TIBESTI,AIR LIBYA,TLR
AIR LIFT S.A.,HELLAS LIFT,IFI
AIR LINK EXECUTIVE SERVICES (ALES),,AKE
AIR LOYAUTE,LOYAUTE,RLY
AIR LUXOR STP,LUXORJET,ALU
AIR MACAU,AIR MACAU,AMU
AIR MACRAN,MACRAN,AMH
"AIR MADAGASCAR, SOCIETE NATIONALE MALGACHE DE TRANSPORTS AERIENS",AIR MADAGASCAR,MDG
AIR MAJORO S.A.,AIR MAJORO,MJP
AIR MALAWI,MALAWI,AML
AIR MALTA PLC.,AIR MALTA,AMC
"AIR MANAGEMENT GROUP, CJSC",DEXTER,DXT
AIR MANAS,AIR MANAS,MBB
AIR MANDALAY LIMITED,AIR MANDALAY,AMY
AIR MARINE,AIR MARINE,MRY
AIR MARSHALL ISLANDS,AIR MARSHALLS,CWM
AIR MASTER,AIR MASTER,RMX
AIR MAURITANIE,MIKE ROMEO,MRT
AIR MAURITIUS LIMITED,AIRMAURITIUS,MAU
AIR MAX AFRICA,AZIMA,AZX
AIR MEDICAL LTD,AIR MED,MCD
AIR MEDITERRANEAN S.A,HELLASMED,MAR
AIR MEKONG (MEKONG AVIATION JOINT STOCK COMPANY),MEKONG,MKG
AIR MEMPHIS,MEMPHIS UGANDA,MHU
AIR MEMPHIS,AIR MEMPHIS,MHS
AIR MERIDIAN LIMITED,EMPENNAGE,MEF
"AIR METACK, LDA",AIRMETACK,MTK
AIR MIDWEST LIMITED,VICTORY,VTY
AIR MINAS LINHAS AEREAS LTDA.,AIR MINAS,AMG
AIR MOBILITY COMMAND (AMC),REACH,RCH
AIR MOLDOVA,AIR MOLDOVA,MLD
AIR MONTENEGRO,MONTENEGRO,AMN
AIR MOUNTAIN,AIR MOUNTAIN,AMT
AIR MUNICH AVIATION AG,AIR MUNICH,MUC
AIR NAMIBIA (PTY) LTD,NAMIBIA,NMB
AIR NAPIER LIMITED,AIR NAPIER,NPR
AIR NATIONAL CORPORATE LTD,JETPLUS,JPS
AIR NATIONAL GUARDS 158 FIGHTER WING,,BTB
AIR NAVIGATION AND TRADING CO. LTD.,AIR NAV,ANB
AIR NAVIGATION SERVICES OF THE CZECH REPUBLIC,CALIBRA,CBA
AIR NELSON LTD,,RLK
AIR NEPAL INTERNATIONAL,AIR NEPAL,NPL
AIR NEW ZEALAND LTD,NEW ZEALAND,ANZ
AIR NIAMEY S.A.,AIR NIAMEY,AWN
AIR NIGERIA DEVELOPMENT LIMITED,NICON FLIERS,ANP
AIR NIGERIA PLC,REGAL EAGLE,NGP
AIR NIUGINI,NIUGINI,ANG
AIR NORTH CHARTER,AIR NORTH,ANT
"AIR NOSTRUM LINEAS AEREAS DEL MEDITERRANEO, S.A.",NOSTRU AIR,ANE
AIR NUNAVUT,AIR BAFFIN,BFF
AIR OCEAN AIRLINES LLC,AIR OCEAN,AOA
AIR OCEAN MAROC,OCEAN MAROC,AOM
AIR PACIFIC LIMITED,FIJI,FJI
AIR PACK EXPRESS S.A.,AIRPACK EXPRESS,PCK
"AIR PAL, ESCUELA DE PILOTOS",AIRPAL,PLL
"AIR PALACE, S.A. DE C.V.",AIR PALACE,PCS
"AIR PARADISE (SAN JUAN, PR)",COKI,PDI
AIR PARTNERS CORP.,STAMPEDE,SDE
AIR PEACE LIMITED,PEACE BIRD,APK
AIR PEGASUS PVT. LTD.,PEGASUS,PPL
AIR PFUNWA,PFUNWA,PFU
AIR PHILIP,PHILIP AIR,APV
AIR PHILIPPINES CORPORATION,AIRPHIL,GAP
AIR PINK,AIR PINK,PNK
AIR POHANG,AIR POHANG,KAB
AIR POLAND SP. Z.O.O.,POLISH BIRD,AEI
AIR PRAGUE,AIR PRAGUE,PRG
AIR PREMIA,AIR PREMIA,APZ
AIR ROUTING INTERNATIONAL LP,,ARC
AIR SAFARIS AND SERVICES (NZ) LTD,AIRSAFARI,SRI
AIR SAHARA,SAHARA,RSH
AIR SAINT PIERRE,,SPM
AIR SAO TOME AND PRINCIPE,EQUATORIAL,EQL
AIR SEGURA S.L.,,AIU
AIR SENEGAL SA,SENSA,SZN
AIR SEOUL,AIR SEOUL,ASV
AIR SERBIA,AIR SERBIA,ASL
AIR SERVICE CENTER SRL,SERVICE CENTER,RCX
AIR SERVICE MANAGEMENT,,ASC
AIR SERVICE S.A.,,RVS
AIR SEYCHELLES,SEYCHELLES,SEY
AIR SIAL LTD,AIR SIAL,SIF
"AIR SOLEIL, SOCIETE",AIR SOLEIL,SOE
AIR SPECIAL,AIRSPEC,ASX
"AIR SPECIALTIES CORPORATION D/B/A/ AIR AMERICA/TOTAL AIR (LOS ANGELES, CA)",AIR AM,AMR
AIR SPEED CHARTER (PVT) LTD,,ASG
AIR SPHINX,AIR SPHINX,ASD
AIR STORK,LONG,MSB
"AIR SUNSHINE INC (FT. LAUDERDALE, FL)",AIR SUNSHINE,RSI
AIR SUPPORT A/S,,CPU
AIR SURESTE,SURESTE,AIS
AIR TAHITI,AIR TAHITI,VTA
AIR TAHITI NUI,TAHITI AIRLINES,THT
AIR TANZANIA,TANZANIA,ATC
AIR TASHKENT,HANN,ATT
AIR TAURUS LLC,AIR TAURUS,AIT
AIR TAXI & CARGO,TAXI CARGO,WAM
"AIR TAXI & CHARTER INTERNATIONAL, S.L.",IBERTAXI,IBJ
AIR TAXI (AVIATION CONNECTIVITY AND INFRASTRUCTURE DEVELOPERS PVT. LTD.),AIR TAXI,FAT
AIR THANLWIN LIMITED.,ROYAL BIRD,RTL
AIR TINDI LTD.,TINDI,TIN
AIR TOURISME INSTRUCTION SERVICES,AIRAWAK,RWK
AIR TRACTOR D.O.O.,AIR TRACTOR,AOU
AIR TRAFFIC CONTROL (IN GENERAL),,ZGZ
AIR TRAFFIC FLOW CONTROL UNIT,,ZDZ
AIR TRAFFIC SERVICES REPORTING OFFICE,,ZPZ
AIR TRANSAT A.T. INC.,AIR TRANSAT,TSC
AIR TRANSPORT & TRANSIT REGIONAL,TRANSPORT TRANSIT,TTO
AIR TRANSPORT (CHATHAM ISLANDS) LTD,CHATHAM,CVA
"AIR TRANSPORT ASSOCIATION OF AMERICA (WASHINGTON, DC)",,ATA
AIR TRANSPORT IGLESIAS S.A,ATISA,IGL
"AIR TRANSPORT INTERNATIONAL (LITTLE ROCK, AR)",AIR TRANSPORT,ATN
"AIR TRANSPORT, LTD",TRANS EUROPE,EAT
"AIR TRANSSE CO., LTD",AIRTRA,TSQ
AIR TRAVEL CO. LTD.,AIR TRAVEL,OTC
AIR UGANDA INTERNATIONAL LTD,,AUX
AIR URGA,URGA,URG
"AIR VALENCIA, S.L.",AIR VALENCIA,AVZ
AIR VANUATU,AIR VAN,AVN
AIR VOLTA,VOLTA,VLB
"AIR WISCONSIN AIRLINES CORPORATION (APPLETON, WI)",WISCONSIN,AWI
AIR X CHARTER,LEGEND,AXY
AIR X CHARTER GERMANY GMBH,FORTUNE,AXG
"AIR XPRESS, INC, (GREENSBORO, NC)",AIREX,ARX
AIR ZAMBEZI,ZAMBEZI,TZT
AIR ZERMATT AG,AIR ZERMATT,AZF
AIR ZIMBABWE,AIR ZIMBABWE,AZW
"AIR-ANGOL SOCIEDAD AERONAUTICA, LDA",AIR ANGOL,NGO
AIR-BURUNDI,AIR-BURUNDI,PBU
"AIR-EVAN'S, ESCUELA DE PILOTOS PRIVADOS",AIR-EVANS,VAE
AIR-INVEST LTD,HAWKHUNGARY,HKH
"AIR-REP (LOS ANGELES, CA)",,XPR
AIR-SERVICE-GABON,,AGB
AIR-SPRAY 1967 LTD.,AIR SPRAY,ASB
"AIR-TAXI EUROPE GMBH, BRAUNSCHWEIG",TWIN-GOOSE,TWG
AIRAILES,EOLE,EOL
AIRASIA SDN BHD,RED CAP,AXM
AIRASIA X SDN BHD,XANADU,XAX
AIRBAHN,AIRBAHN,ARB
AIRBIZ AVIATION SERVICES WORLDWIDE,,BZR
"AIRBLUE LIMITED, M/S.",PAKBLUE,ABQ
AIRBORNE IMAGING,AIRBORNE,ARZ
AIRBORNE LIDAR MAPPING A/S,MAPPING,MAB
AIRBRIDGE CARGO AIRLINES LTD,AIRBRIDGE CARGO,ABW
"AIRBROCK MANAGEMENT & CHARTER SERVICES, INC.",AIR BROCK,BKE
AIRBUS CANADA,AIRBUS CANUCK,ABK
AIRBUS FRANCE,CORVETTE,RBU
AIRBUS INDUSTRIE,AIRBUS INDUSTRIE,AIB
AIRBUS TRANSPORT INTERNATIONAL (ATI),BELOUGA,BGA
"AIRCHARTERS WORLWIDE INC. (FT. LAUDERDALE, FL)",JET SAVER,MJS
AIRCO AIRCRAFT CHARTERS LTD,AIRCO,ARQ
AIRCOMPANY 'JONIKA' LLC,JONIKA,JNK
AIRCOMPANY BARCOL,BARCOL,BKL
AIRCOMPANY GRODNO,GRODNO,GRX
"AIRCOMPANY IKAR, LLC",IKAR,KAR
AIRCOMPANY JUPITER JET LLP,JUPITERJET,JPJ
AIRCOMPANY KOGALYMAVIA LTD,KOGALYM,KGL
AIRCOMPANY MOALEM AVIATION,MOALEM,AMA
AIRCOMPANY NORTH-WEST LLC,WEST WAY,NWC
"AIRCOMPANY ROSAVIA, LTD",ROSAVIA,URA
"AIRCOMPANY YAKUTIA, JOINT-STOCK COMPANY",AIR YAKUTIA,SYL
AIRCRAFT ACCIDENT AUTHORITY,,YLY
AIRCRAFT AVIATION SERVICES,,AOK
AIRCRAFT IN FLIGHT,,ZZZ
AIRCRAFT LEASING SERVICES LIMITED,,ALW
AIRCRAFT MAINTENANCE COMPANY (AMC AIRLINES),,AMV
"AIRCRAFT MANAGEMENT GROUP, INC. (MOON TOWNSHIP, PA)",RIVERS JET,RVJ
"AIRCRAFT PERFORMANCE GROUP, INC. (CASTLE ROCK, CO)",,XLB
AIRCRAFT SALES AND SERVICES (PVT) LTD,AIRCRAFT SALES,ACS
AIRCRAFT SYSTEMS SOUTH AFRICA,GLOBESTAR,ATH
AIRDIALOG,HARPOON,HPN
"AIRDO CO., LTD",AIR DO,ADO
AIRE AVIATION LTD,GORRION,ION
AIRENKA HAVA TASIMACILIGI A.S.,ENKA JET,EAJ
AIREON CANADA LTD.,,AEN
AIRES S.A. (AEROVIAS DE INTEGRACION REGIONAL S.A.) D/B/A LAN COLOMBIA AIRLINES S.A. D/B/A LAN COLOMBIA AIRLINES,LAN COLOMBIA,ARE
AIREST,AIREST CARGO,AEG
"AIREXPLORE, S.R.O.",GALILEO,AXE
"AIRFAST INDONESIA, PT.",AIRFAST,AFE
AIRFREIGHT EXPRESS LIMITED,,AFX
AIRFUTURES LIMITED,,AFD
AIRGO PRIVATE AIRLINE GMBH,PASTIS,XGO
AIRHUB AIRLINES LIMITED,AIRHUB,GJM
AIRINTER1,SAHARA-SERVICE,HRV
"AIRJET EXPLORACAO AEREA DE CARGA, PASSAGEIROS E CORREIOS, LDA",MABECO,MBC
AIRLEC AIR ESPACE,AIRLEC,ARL
AIRLIFT AS,BLUELIFT,ALI
AIRLIFT INTERNATIONAL INC.,AIRLIFT,AIR
AIRLINAIR,,RLP
AIRLINE GEO SKY LLC,SKY GEORGIA,GEL
"AIRLINE OPERATIONS SERVICES (SAN FRANCISCO, CA)",,XAO
AIRLINE ROSTVERTOL-AVIA CJSC,ROSTVERTOL,RVT
AIRLINE SKOL,SKOL,CDV
AIRLINE TRANSPORT INCORPORATION,TRANS-BURUNDI,ATB
"AIRLINE VERTICAL-TEAM, LLC",,VCL
AIRLINES 400 JSC (RED WINGS AIRLINES),AIR RED,RWZ
AIRLINES OF PAPUA NEW GUINEA (APNG),BALUS,TOK
AIRLINES OF TASMANIA T/A PAR AVION,AIRTAS,ATM
AIRLINK AIRWAYS,HIGHFLYER,HYR
AIRLINK LUFTVERKEHRSGESELLSCHAFT M.B.H.,AIRLINK,JAR
"AIRLINK SOLUTIONS, S.L.",AIRLIN,LKS
"AIRMAN, S.L.",AIRMAN,AYM
"AIRMAX AIRLINES, INC. (WAYZATA, MN)",TONKA AIR,TNK
"AIRMED INTERNATIONAL LLC (BIRMINGHAM, AL)",MEDJET,MEJ
AIRNET II,STAR CHECK,USC
AIRNIMBUS,NIMJET,NIM
AIRONE VENTURES LTD,RED JET,RDJ
"AIRPAC (SEATTLE, WA)",AIRPAC,APC
AIRPILOT ESCUELA DE VUELO S.L.,,FSM
AIRPLANES HOLDINGS LTD,AIRHOLD,AHH
"AIRPORT BRATSK, JSC",AEROBRA,BRP
AIRPORT HANDLING,,LLH
AIRPORT HELICOPTER AHB AG,AIRPORT HELICOPTER,AHE
AIRPULL AVIATION,IPULL,IPL
AIRQUARIUS AVIATION,QUARIUS,AQU
"AIRQUEST AVIATION, LP (BUTLER, PA)",AIR QUEST,RQT
"AIRSERVICES AUSTRALIA, FLIGHT INSPECTION UNIT",AUSCAL,ADA
AIRSF FLIGHT SERVICE,SANTANA,XSN
"AIRSHARES ELITE (ATLANTA, GA)",ELITE SHARES,SHZ
"AIRSHOWS AMERICA THE PATRIOTS (BYRON, CA)",PAT-JETS,PTJ
AIRSPEED CHARTER LTD.,,ACC
AIRSPRINT INC.,AIRSPRINT,ASP
"AIRSPRINT US, INC. (SCOTTSDALE, AZ)",FRACJET,FCJ
AIRSTREAM,AIRSTREAM,AQS
AIRSWIFT TRANSPORT INC.,AIRSWIFT,ATX
AIRTANKER SERVICES LTD,TOWLINE,TOW
AIRTEAM CHARTER (PTY) LTD,TEAMWORK,TEW
AIRTRAFFIC LIMITED,AIRCARE,ATY
"AIRTRAN AIRWAYS, INC. (ORLANDO, FL)",CITRUS,TRS
AIRVENTURE,AIRVENTURE,RVE
AIRWAYS,GARONNE,WAY
AIRWAYS AERO ASSOCIATIONS LTD T/A BOOKER AVIATION,WYCOMBE,WYC
AIRWAYS AVIATION ACADEMY LTD,RED KITE,AWY
AIRWAYS CORPORATION OF NEW ZEALAND LIMITED,AIRCORP,XFX
AIRWAYS FLIGHT TRAINING,DARTMOOR,DRM
AIRWAYS FLYGUTBILDNING AB,SCHOOL FLIGHT,ATO
AIRWAYS INTERNATIONAL LIMITED,JAMAICA SHUTTLE,ARW
"AIRWAYS SERVICES & SUPPORT AS&S, C.A.",CARGWAY,AYV
AIRWEST,,AWZ
AIRWING AS,NORWING,NWG
AIRWORK HOLDINGS LIMITED,AIRWORK,AWK
AIRWORKS KENYA LIMITED,AKEL,AKS
AIRWORLD (PTY) LTD,SPEED SERVICE,SPZ
AIRZENA LLC,ZENA,DTG
AIS AIRLINES,SPINNER,PNX
"AITHERAS AVIATION GROUP, LLC (CLEVELAND, OH)",PHOENIX GLOBAL,PXG
AJWAA AIRLINES,AJWAA AIRLINES,AJY
AK-AIR GEORGIA,TIFLIS,NTX
AKASA AIR,AKASA AIR,AKJ
AKHAL,AKHAL,AKH
AL JABEER,AL JABER,LJB
AL RIDA AIRWAYS,AL RIDA,LRW
AL-DAWOOD AIR LTD,AL-DAWOOD AIR,LIE
AL-DONAS AIRLINES LTD,ALDONAS AIR,LDN
AL-NASER AIRLINES,AL-NASER,MHK
AL-RAFEDAIN FALCON AIR CARGO,,RFA
AL-WATANIA,,WAS
"ALABAMA DEPARTMENT OF PUBLIC SAFETY (MONTGOMERY, AL)",BLUE-GRAY,DPS
ALADA EMPRESA DE TRANSPORTES AEREOS,AIR ALADA,RAD
ALAMO AVIACION S.L.,ALAMO,AVD
ALANNA LIMITED TRUST DISTRIBUTION,ALANNA,ALQ
"ALANTE AIR CHARTER, LLC",SUN DEVIL,SVL
ALAS DEL SUR,ALASDELSUR,ALS
ALAS URUGUAY (DYRUS S.A.),ALAS URUGUAY,ALY
ALASKA AIRLINES INC.,ALASKA,ASA
"ALASKA CENTRAL EXPRESS, INC. (FAIRBANKS, AK)",ACE AIR,AER
"ALASKA ISLAND AIR, INC. (ANCHORAGE, AK)",ALASKA ISLAND,AAK
ALATHEER AVIATION,,ATE
ALBA SERVIZI AEROTRASPORTI SPA,ALBA,AFQ
"ALBA STAR, S.A.",ALBASTAR,LAV
"ALBA-AIR AVIACION, S.L.",AIRALBACETE,ABI
ALBARKA AIR PLC,AL-AIR,NBK
ALBATROS AIRCRAFT CORP.,AVALANCHE,VLC
ALBAWINGS,ALBAWINGS,AWT
"ALBERTSONS, LLC",IDA,IDD
ALBINATI AERONAUTICS SA,ALBINATI,LUC
ALBINATI AVIATION LTD,ALBI,ULC
ALBORZ AIR,ALBORZ,ALR
ALEXANDRIA AIRLINES,,KHH
ALFA AIR,BLUE ALFA,AFA
ALFA AIR,,ALM
"ALFA AIRLINES CO., LTD",ALFA SUDAN,AAJ
ALG GROUP LLC,SUMMER JET,SJG
ALHAYA AVIATION,ALHAYA,HYA
ALHODHOD AIRLINE,HODHOD,HOD
"ALIANZA GLANCELOT, C.A. (ALBATROS AIRLINES)",ERRANTE,GAL
ALIDAUNIA SRL,ALIDA,LID
ALIPARMA,ALIPARMA,PAJ
ALISCARGO AIRLINES S.P.A.,ALIS,LSI
ALISERIO SRL,ALISERIO,TJD
ALITALIA CITYLINER S.P.A.,CITYLINER,CYL
ALITALIA SOCIETÀ AEREA ITALIANA S.P.A.,ALITALIA,AZA
ALK JSC,AIR LUBO,VBB
ALKAN AIR,ALKAN AVIATION,ALN
ALKAN AIR LTD.,ALKAN AIR,AKN
"ALL NIPPON AIRWAYS CO., LTD.",ALL NIPPON,ANA
ALLEGIANCE,,LGE
ALLEGIANCE AIR (PTY) LTD,AIR ALLEGIANCE,ANJ
"ALLEGIANT AIR, INC. (FRESNO, CA)",ALLEGIANT,AAY
ALLEN CORPORATION OF AMERICA,ALLEN,LLN
ALLIANCE,JAMBO,AFJ
ALLIANCE AIR,ALLIED,LLR
ALLIANCE AIRLINES PTY LTD,UNITY,UTY
ALLIANCE EXECUTIVE JETS LTD.,ALLIANCE MALTA,ALE
ALLIANCE EXPRESS RWANDA,,RWB
ALLIBO AIR CARGO,ALLIBO FREIGHT,LBO
ALLIED AIR LIMITED,BAMBI,AJK
ALLIED COMMAND EUROPE (MOBILE FORCE),ACEFORCE,ALF
"ALLPOINTS JET CO., LTD",ALLPOINTS,ALP
ALMAJARA AVIATION,MAJARA,MJA
ALMASRIA UNIVERSAL AIRLINES,ALMASRIA,LMU
ALMIRON AVIATION LTD,ALMIRON,HPO
ALOK AIR CO.,ALOK AIR,LOK
ALPAVIA D.O.O.,ALPAVIA,APP
ALPHA AVIATION S.R.O.,HERO,AAO
"ALPHA AVIATION, INC. (DALLAS, TX)",AIRFLIGHT,APH
"ALPHA JET INTERNATIONAL (SHEFFIELD, AL)",ALPHAJET,AJW
"ALPHALAND AVIATION, INC.",BALESIN,BIC
ALPI JETS GMBH,ALPIJETS,ALX
ALPINE AIR PRIVATE LIMITED,ALPINE NEPAL,AYL
ALPINE AIRLINES,AIR ALPES,APN
ALPINE AVIATION (PTY) LTD,NETSTAR,LPC
"ALPINE AVIATION, INC. (PROVO, UT)",ALPINE AIR,AIP
ALROSA AIR COMPANY LIMITED,MIRNY,DRU
ALTAGNA,ALTAGNA,AGH
"ALTAIR JETS, C.A.",ALTJETS,MAP
ALTENRHEIN LUFTFAHRT GMBH,PEOPLES,PEV
ALTER AEROSERVICIOS S.A. DE C.V.,ALTERAERO,BWK
"ALTIUS AVIATION, LLC (SYRACUSE, NY)",ALTAIR,STY
ALVARO GARCIA GONZALEZ DE AGUILAR,,ALJ
AMAC CORPORATE JET AG,AMAC,AMK
AMADEUS GLOBAL TRAVEL DISTRIBUTION S.A.,AMADEUS,AGT
AMAKO AIRLINES LIMITED,AMAKO AIR,OBK
"AMAKUSA AIRLINES CO., LTD",AMAKUSA AIR,AHX
AMAPOLA FLYG AB,AMAPOLA,APF
AMASZONAS S.A.,AMAZONAS,AZN
AMASZONAS URUGUAY,URUGUAYO,AUZ
AMBER AVIATION LIMITED,AMBER,TCI
AMBER AVIATION SAN MARINO S.R.L.,AMSAN,TCQ
AMBJEK AIR SERVICES LIMITED,AMBJEK AIR,JEE
AMBULANCE AIR AFRICA,MERCY,MCY
AMC AVIATION SP. Z O. O.,AMEX,AMQ
AMELIA,AMELIA,AIA
AMERAVIA,AMERAVIA,VAM
AMERICA DO SUL LINHAS AEREAS LTDA.,ASTAIR,SUL
AMERICA DO SUL TAXI AEREO LTDA.,,AMS
"AMERICAN AIR CHARTER, INC. (CHESTERFIELD, MO)",GATEWAY,GTW
AMERICAN AIRLINES INC.,AMERICAN,AAL
"AMERICAN FLIGHT SERVICE SYSTEMS, INC. (PHOENIX, AZ)",,XFS
"AMERICAN JET INTERNATIONAL CORP. (HOUSTON, TX)",SCREAMER,SCM
AMERICAN JET S.A.,AMJET,AJB
"AMERIFLIGHT, INC. (BURBANK, CA)",AMFLIGHT,AMF
"AMERIJET INTERNATIONAL (FT.LAUDERDALE, FL)",AMERIJET,AJT
"AMERISTAR JET CHARTER, INC. (DALLAS, TX)",AMERISTAR,AJI
AMIRI FLIGHT,AMIRI,QAF
AMIYI AIRLINE LIMITED,AMIYI AIR,AMZ
AMJET EXECUTIVE S.A.,AMJET EXEC,AMJ
"AMR SERVICES CORP (DALLAS, TX)",ALLIANCE,XAM
AMS AIRLINES L.L.C.,APOLAX,GEO
"ANA WINGS CO., LTD",ALFA WING,AKX
ANAP BUSINESS JETS LIMITED,ANAPJETS,AJP
ANDA AIR LLC,,SSV
ANDALUS,ANDALUS,ANU
ANDERSON AIR LTD.,ANDERSON,ADS
"ANDES LINEAS AEREAS, S.A.",AEROANDES,ANS
"ANDREW BETTIS AVIATION, LLC DBA AB JETS",FORTITUDE,FTD
ANGARA AIRLINES JSC,SARMA,AGU
ANGEL MARTINEZ RIDAO (SAETA),,AMO
ANGELIC AIR,ANGELIC,JLC
"ANGKASA SUPER SERVICE, PT.",,LBZ
ANGKOR AIRWAYS,ANGKORWAYS,AKW
ANGLO AMERICAN SOUTH AFRICA LIMITED,ANGLO JET,AJZ
ANGOAVIA,ANGOAVIA,NGV
"ANGOSERVICE, LDA.",ANGOSERVICE,NGC
ANGUILLA AIR SERVICES LTD,ANGUILLA,AXL
"ANHUI SKY-AVIATION INTERNATIONAL FLIGHT ACADEMY COMPANY, LTD",WENDA,WED
ANIMA WINGS AVIATION S.A.,ANIMA WINGS,AWG
ANIMAL RESCUE FLIGHTS,ANIMAL FLIGHTS,ARF
ANISEC GMBH,AUSTROJET,FOO
ANIVIA SERVICOS AEREOS LTDA,TOTAL EXPRESS,TOT
ANKA AVIATION CARGO,ANKA CARGO,NKA
"ANTAIR, S.A. DE C.V.",ANTAIR,TIR
ANTINEA AIRLINES,ANTINEA,DJA
ANTONOV COMPANY,ANTONOV BUREAU,ADB
AOSAC - AIRLINE OPERATIONS SUPPORT AND AVIATION CONSULTANT,,ACG
"AOT GROUND AVIATION SERVICES CO., LTD.",BLUE PORT,AGS
"APA - AEROPUBLICITARIA DE ANGOLA, LDA",PUBLICITARIA,MOP
APERTURE AVIATION,SNAPSHOT,FSP
"APEX AIR CO., LTD",PEX AIR,XAI
APG AIRLINES,RIVIERA,RIV
APG GOLD AVIATION,GOLD AVIATION,PGG
APOLLO AIR SERVICES LTD.,SOLWAY,EDY
"APOYO AEREO, S.A. DE C.V.",APOYO AEREO,POY
"APOYO LOGISTICO AEREO, S.A. DE C.V.",APOYO LOG,APA
APPROACH CONTROL OFFICE,APPROACH,ZAZ
APSARA INTERNATIONAL AIR,APSARA,AQQ
ARAB WINGS COMPANY,ARAB WINGS,AWS
ARABASCO AIR SERVICES,ARABASCO,AAP
ARAJET S.A.,DOMINICAN,DWI
ARAM AIRLINE,ARAM,IRW
ARAVCO LTD.,ARAVCO,ARV
ARC EN CIEL,SKY AVIATION,JMS
"ARCTIC CIRCLE AIR SERVICE, INC. (FAIRBANKS, AK)",AIR ARCTIC,CIR
"ARCUS AIR GMBH & CO. KG, ZWEIBRUECKEN",ARCUS AIR,AZE
AREA CONTROL CENTRE,CONTROLE,ZRZ
ARENA AVIATION LIMITED,ARENA,REN
ARIA TOUR,ARIA,IRX
ARIANA AFGHAN AIRLINES,ARIANA,AFG
ARIELLA AIRLINES SA,ARIEL,RIE
ARIK AIR LTD,ARIK AIR,ARA
ARIRANG AVIATION LIMITED,MAGPIE,MGP
"ARIZONA STATE GOVERNMENT, COCHISE COUNTY SHERIFF",GERONIMO,GRM
ARKAS S.A.,,KRA
ARKHANGELSK 2 AVIATION DIVISION,DVINA,OAO
ARKIA ISRAEL INLAND AIRLINES,ARKIA,AIZ
ARM-AERO,ARM-AERO,RMO
ARMENIA AIRWAYS AIR COMPANY,,AMW
ARMENIAN AIRLINES LLC,APRICOT,AAG
ARMENIAN HELICOPTERS,ARMHELI,KAV
ARMENIAN NATIONAL AIRLINES CJSC,ARNA,ACY
ARMY AIR CORPS,ARMYAIR,AAC
"AROOSTOOK AVIATION, INC. (FRENCHVILLE, ME)",PINE STATE,PXX
"ARRENDADORA Y TRANSPORTADORA AEREA, S.A. DE C.V.",ARRENDADORA,END
ARRENDAMIENTOS AEREOS,PANABEAR,AAD
"ARRENDAMIENTOS Y TRANSPORTES TURISTICOS, S.A. DE C.V.",ARRENDA-TRANS,ADT
ARROW AVIATION LTD,ARROW,HEZ
ART AVIA,ART AVIA,ATI
ART AVIATION FLUGBETRIEBS GMBH,ART AUSTRIA,OES
ARUBA AIRLINES,ARUBA,ARU
ARVAND AIRLINES,ARVAND,IRD
ARYAN CARGO EXPRESS,ACE CARGO,ACQ
AS AILES LIMITED,HARMONY JETS,HMJ
AS UNION AVIATION,SAKTA,UAG
ASA HELI-WATER SP. Z.O.O.,HELIWATER,HEW
"ASA PESADA, LDA.",ASA PESADA,API
ASAJET AIRLINES,ASAJET AIRLINES,SJT
ASAS LINHAS AEREAS,ASAS AIR,CEU
"ASCENSION AIR MANAGEMENT, INC. (ATLANTA, GA)",ASCENSION,ASZ
ASECNA - AGENCE POUR LA SECURITE DE LA NAVIGATION AERIENNE EN AFRIQUE ET A MADAGASCAR,,XKX
ASG BUSINESS AVIATION LLC,W-BUSINESS,ESW
"ASI PUDJIASTUTI AVIATION, PT",SKY QUEEN,SQS
ASIA AIRWAYS,ASIAWAYS,ASW
"ASIA ATLANTIC AIRLINES CO., LTD",ASIA ATLANTIC,AAQ
ASIA SKY LINES,ASIASLINE,LIC
ASIA UNION AIRLINES JV LLC,ASIA UNION,AUV
"ASIALINK CARGO EXPRESS, PT.",ASIALINK CARGO,AKC
ASIAN AEROSPACE SERVICE LTD,THAI SPACE,SPY
"ASIAN AIR CO., LTD",ASIAN AIR,DEX
ASIAN EXPRESS,TAJIK EXPRESS,TXP
"ASIAN EXPRESS GENERAL AVIATION WUXI CO., LTD.",YAJIE AIR,WUA
ASIAN WINGS AIRWAYS LTD,ASIAN STAR,AWM
ASIANA AIRLINES,ASIANA,AAR
ASKARI AIR PAKISTAN,ASKARI AIR,AKP
ASKARI AVIATION (PVT) LTD,AL-AAS,AAS
ASKY,ASKY AIRLINE,SKK
ASL,JET BELGIUM,BNJ
ASL AIRLINES (IRELAND) LIMITED,CONTRACT,ABR
ASL AIRLINES BELGIUM,QUALITY,TAY
ASL AIRLINES FRANCE,FRENCH POST,FPO
ASL AIRLINES UK,CARGOBLUE,ABV
ASL BV,ACE EUROPE,AGR
ASOCIACION AEROCLUB AEREO 2000,,FLU
"ASPEN HELICOPTERS, INC. (OXNARD, CA)",ASPEN,AHF
ASSISTANCE AEROPORTUAIRE DE L'AEROPORT DE PARIS,,XJA
"ASSOCIATED AIRCRAFT GROUP, INC. ( WAPPINGERA FALLS, NY)",FLEXWING,FXW
ASSOCIATED AVIATION LIMITED,ASSOCIATED,SCD
"ASTAR AIR CARGO (MIAMI, FL)",DAHL,DHL
ASTONJET,ASTONJET,ASJ
ASTRA AIRLINES,GREEK STAR,AZI
ASTRA AIRWAYS LIMITED (TRADEMARK 'AIR ASTRA'),CAPELLA,AWA
ASTRAL AVIATION LIMITED,ASTRAL CARGO,ACP
"ASTRO AIR CO., LTD",AIR ASTRO,SZA
"ASTRO AIR INTERNATIONAL, INC. DBA OF PAN PACIFIC AIRLINES",ASTRO-PHIL,AAV
ASTURAVIA,,HYO
"AT AND T AVIATION DIVISION (MORRISTOWN, NH)",,XAT
ATA - AEROTAXI ABAETE LTDA,ABAETE,ABJ
ATA AIRLINES,ATALAR AIR,TBZ
ATAIR PTY LTD,ATAIR,AOF
ATC CJSC,YERAZ,ARY
ATI JET INC,COYOTE,CYO
"ATLANTA AIR CHARTER, INC.",CORNERSTONE,CTE
ATLANTIC AIRFREIGHT AVIATION (SAO TOME) LTD,LANFREIGHT,LFR
ATLANTIC AIRLINES,ATLANTIC GABON,GBN
"ATLANTIC AIRLINES (ORLANDO, FL)",BLACKJACK,BJK
"ATLANTIC AIRLINES DE HONDURAS, S. DE R.L.",ATLANTIC HONDURAS,HHA
"ATLANTIC AIRWAYS, FAROE ISLANDS P/F",FAROELINE,FLI
"ATLANTIC COAST AIRCRAFT SERVICES (READING, PA)",BERKS,BKS
ATLANTIC EXPRESS AIRLINES,ATLANTIC GAMBIA,JLM
ATLANTIC FLIGHT TRAINING ACADEMY,AFTA,AFZ
"ATLANTIS HELICOPTERS DE MEXICO, S.A. DE C.V.",HELI ATLANTIS,AHM
ATLANTSFLUG LTD.,HEKLA,AFN
"ATLAS AIR SERVICE AG, GANDERKESEE",AIR BREMEN,ATL
"ATLAS AIR, INC. (JAMAICA, NY)",GIANT,GTI
ATLAS AVIATION GROUP,ATLAS AVIA,IRH
"ATLAS EXECUTIVE AIR, S.L.",ATLAS EXEC,LSX
ATLAS HELICOPTERS LTD,TRIDENT,TDT
ATLAS KHOMEIN KISH,AIR ATLAS,ATS
ATLASJET HAVACILIK A.S.,ATLASJET,KKK
ATLASJET UKRAINE AIRLINES,ATLAS UKRAINE,UJX
ATMOSPHERIC RESEARCH BOULDER,SCIENCE QUEST,SIQ
ATP FLIGHT SCHOOL,CAREER TRACK,CXK
ATR (AVION DE TRANSPORT REGIONAL),GREEN SPIRIT,EVX
ATRAK AIRLINES,ATRAK AIR,ATR
ATRAN,ATRAN,VAS
"ATS, PRIVATE COMPANY",TECHSERVICE,TCS
"ATUNEROS UNIDOS DE CALIFORNIA, S.A. DE C.V.",ATUNEROS UNIDOS,UND
AUCKLAND REGIONAL RESCUE HELICOPTER TRUST,WESTPAC RESCUE,WPR
AUDELI AIR EXPRESS,AUDELI,ADI
AUO AIRCLUB AIST-M,STORK,ISM
AURA AIRLINES SL (GOWAIR),LEMON,GWR
AURIC AIR SERVICES LTD,AURIC SERVICES,AUK
AURIGNY AIR SERVICES LTD.,AYLINE,AUR
AURORA AIRLINES,AURORA,SHU
AURORA FLIGHT SCIENCES,ARGO,AUU
AUSHAANAIR LIMITED,KING BEE,HAN
"AUSTIN EXPRESS, INC. (AUSTIN, TX)",COWBOY,TXX
AUSTRALIA WIDE AIRLINES LTD T/A REGIONAL EXPRESS 2,,RXA
AUSTRALIAN CUSTOMS SERVICE - BORDER PROTECTION,CUSTOM,CUS
AUSTRALIAN FEDERAL POLICE,FEDPOL,FPL
AUSTRIAN AIR FORCE,AUSTRIAN AIRFORCE,ASF
AUSTRIAN AIRLINES (AUA) AG,AUSTRIAN,AUA
AUTHORITY SUPERVISING THE AERODROME,,YDY
"AUTOMOTRIZ BAJA NORTE, S.A. DE C.V.",BAJANTE,AJN
AV8 HELICOPTERS,AVIATE-COPTER,AVK
AV8 HELICOPTERS LTD,KENT HELI,AVH
AV8JET CHARTER,AVIATE JET,AJO
AVAG AIR GMBH FUR LUFTFAHRT,AVAG AIR,MBA
"AVANTAIR, INC. (CLEARWATER, FL)",AVANTAIR,VNR
"AVANTI AIR GMBH & CO. KG, BURBACH",AVANTI AIR,ATV
AVANTIS AVIATION AND SERVICES,AVANTIS,VGT
AVB 2012 LTD.,NOVE,VBA
"AVCENTER, INC. (POCATELLO, ID)",TETON,TTE
AVCON JET AFRICA (PTY) LTD.,AVJET,AJJ
AVCON JET AG,ASTERIX,AOJ
AVCON JET MALTA LTD,OBELIX,VCJ
AVCON JET S.R.L.,TRUBADIX,VAJ
AVE C.A.,AVEAIR,VZA
"AVEMEX, S.A. DE C.V.",AVEMEX,AVM
"AVES FLIGHT SHARE, S.A. DE C.V.",AVES FLIGHT,AVF
AVEX AIR TRANSPORT (PTY) LTD T/A AVEX AIR,AVEX AIR,AVE
AVFINITY,,AFV
AVIA BUSINESS GROUP,,AUP
AVIA GROUP HANDLING LLC,,AHN
AVIA GROUP LIMITED COMPANY,,VGR
AVIA GROUP NORD LLC,,NRD
"AVIA JAYNAR, AIR COMPANY LLC",TOBOL,SAP
AVIA TRAFFIC COMPANY,ATOMIC,AVJ
AVIA TRANS AIR TRANSPORT CO. LTD,VIATRANSPORT,VTT
AVIAC S.A. DE C.V. (AEREO VIAS CENTROAMERICANAS SOCIEDAD ANONIMA DE CAPITAL VARIABLE),,ACM
"AVIACAO TRANSPORTES AEREOS E CARGAS, LDA",ATACARGO,VTG
AVIACHARTER ASSISTANCE LLC,,VCA
"AVIACION AGRICOLA DE LEVANTE, S.A.",,AVI
"AVIACION CORPORATIVA DE PUEBLA, S.A. DE C.V.",AVIA PUEBLA,AVP
"AVIACION VAP, S.L.",VAQUERO,VAQ
AVIACON ZITOTRANS,ZITOTRANS,AZS
AVIALIFT VLADIVOSTOK CJSC,VLADLIFT,VLV
"AVIALSA T-35, S.L.",AVIALSA,AVS
AVIAN LINEAS AEREAS S.A. - AVIANCA ARGENTINA,AVIAN,ANC
"AVIANCA COSTA RICA, S.A",LACSA,LRC
AVIANCA-ECUADOR,GALAPAGOS,GLG
AVIAPARTNER LIMITED COMPANY,,OSO
AVIAPROM ENTERPRISES,AVIAPROM,XAV
AVIASERVICE,AVIASERVICE,BIV
AVIASERVICE LLC,KAZANAIR,KZN
AVIASHELF,TAIGA,TGA
AVIASTAR,DEK AERO,DEK
"AVIASTAR MANDIRI, PT",AVIASTAR,VIT
AVIASTAR-TU CO. LTD,TUPOLEVAIR,TUP
"AVIAT AVIACION Y TRABAJOS AEREOS, S.L.",AVIFOTO,FOT
AVIATION ACES,SKY ACE,ACE
"AVIATION ADVENTURES (MANASSAS, VA)",SKY VENTURES,AVL
"AVIATION ADVISOR, INC. (ANTIOCH, IL)",LAKEFRONT,LKF
AVIATION AT WORK PTY LTD,AVIATION WORK,AVO
AVIATION BEAUPORT LTD.,BEAUPAIR,AVB
AVIATION CONSULTANTS INC.,,CVD
"AVIATION DATA SYSTEMS, INC. (ORLANDO, FL)",,FBW
AVIATION DEFENSE SERVICE,TIRPA,DEF
AVIATION DEVELOPMENT COMPANY NIGERIA LIMITED,ADCO,ADK
AVIATION HORIZONS LTD.,HORIZON SKY,HZS
"AVIATION INDUSTRIAL COMPANY VECTOR, LLC",ROTCEV,VEK
"AVIATION LEADER GENERAL AVIATION CO., LTD",AIR LEADER,LHG
AVIATION LEGACY,AVILEG,LAG
AVIATION LEGERE DE L'ARMEE DE TERRE,FRENCH ARMY,FMY
AVIATION LOGISTIC SERVICES LIMITED COMPANY,,ALG
AVIATION MACHINE WORKS - CENTRAFRIQUE (AMW-CENTRAFRIQUE),MACHINE WORKS,MCW
"AVIATION MATTERS, INC. (PACIFICFLYER)",PACIFICFLYER,PFL
"AVIATION PARTNER OF BOYTON BEACH, LLC D/B/A SKY ATLANTIC",SKY HOP,HPP
"AVIATION PARTNERS, INC.",WINGLET,WLT
"AVIATION PARTNERS, S. DE R.L. DE.C.V. D/B/A EASYSKY",,EKY
AVIATION SERVICES MANAGEMENT LLC,BLUE WHITE,VGG
"AVIATION SPECIALTIES UNLIMITED, INC.",AMAZON,MZN
"AVIATION VIP, S.L.",,VEP
"AVIATION WEST CHARTERS (SCOTTSDALE, AZ)",ANGEL MED,AGM
AVIATIONERS PAKISTAN,,APD
AVIATIS,AVIATIS,TIS
AVIATOR AVIATION,WING MAN,AVV
"AVIATOR COLLEGE OF AERONAUTICAL SCIENCE AND TECHNOLOGY (FORT PIERCE, FL)",WHITECAP,WCP
AVIATRADE BUSINESS,,AVT
AVIATSA,AVIATSA,VVT
AVIATSA (AVIACION TECNOLOGICA S.A.),LEMPIRAS,LEM
AVIATSIYA STATE AVIATION EMERGENCY RESCUE AGENCY,BELRESCUE,BRA
AVIC - INTERNATIONAL FLIGHT TRAINING ACADEMY (AIFA),AVIC,AVQ
"AVIC JOY GENERAL AVIATION CO., LTD.",DINGCHANG,HAJ
AVICON AVIATION CONSULTANTS & AGENTS,,AAA
AVIENT AVIATION,AVAVIA,SMJ
AVIMAQ,AVIMAQ,...
AVINOR,,HQO
AVIO BRAVO,RED RAY,BIK
AVIO SLUZBA,AVIO SLUZBA,SLU
AVIOANDES,AVIOANDES,...
AVIOANDES S.A.,ANDES,AYH
AVION EXPRESS,NORDVIND,NVD
AVION EXPRESS MALTA LTD,SOUTH WIND,MLH
"AVIONES Y HELICOPTEROS EJECUTIVOS, S.A. DE C.V.",AVYCOP,AHJ
AVIONORD S.R.L.,AVINORD,VND
AVIOOTRIAD VARNA LTD,AIRTEAM VARNA,AVC
"AVIOR AIRLINES, C.A.",AVIOR,ROI
"AVIOR REGIONAL, C.A.",AVIOR REGIONAL,RGR
AVIOSTART AS LTD,AVIOSTART,VSR
AVIREX - GABON,AVIREX-GABON,VXG
AVIRO AIR,AVIRO,AVW
"AVISPAIR, S.L.",,AVU
"AVITA-SERVICOS AEREOS, LDA",AIR AVITA,ITF
AVITAT,,ESO
AVOLON AEROSPACE LEASING LIMITED,VOLAERO,VOL
AVSTAR AVIATION PTY LTD,STARBIRD,VSA
AWA - AERONAUTICAL WEB ACADEMY,WEB ACADEMY,WEY
AWA AIRWAYS,AWA,AWW
AWESOME FLIGHT SERVICES (PTY) LTD,AWESOME,ASM
"AX TRANSPORTER, S.A. DE C.V.",AXTRANSPORTER,AXT
AXIS AVIATION AUSTRIA GMBH,ICE,BQB
AXIS AVIATION SWITZERLAND AG,AVIATION,BQA
AYA AVIATION,,AYC
AYIT AVIATION & TOURISM,AYIT,AYT
"AZERBAIJAN HAVA YOLLARI, NATIONAL AIRLINE",AZAL,AHY
"AZIMUT, LLC",IGAVIA,MUT
"AZIMUT, S.A.",AZIMUT,AZT
AZMAN AIR SERVICES LTD.,AZMAN AIR,AZM
"AZTEC WORLDWIDE AIRLINES, INC. (FT. LAUDERDALE, FL)",AZTEC WORLD,AZY
AZUL CONECTA LTDA,AZUL CONECTA,ACN
AZUL LINHAS AEREAS BRASILEIRAS S/A,AZUL,AZU
AZUR AIR,AZUR AIR,AZV
AZURE AVIATION LTD,AZURE,ALZ
AZZA TRANSPORT CO. LTD,AZZA TRANSPORT,AZZ
B&H AIRLINES,BH AIRLINES,BON
B&K AERO KZ LLP,BABAK,BBK
B.A.C.H. FLUGBETRIEBSGES.M.B.H.,BACH,BCF
BA CITYFLYER LTD,FLYER,CFE
BA EUROFLYER,GRIFFIN,EFW
BAA AVIATION LIMITED,KUNGFU,CCI
BABCOCK MISSION CRITICAL SERVICES ITALIA SPA,LARIO,ELH
BABCOCK SCANDINAVIAN AIRAMBULANCE AB,MEDIFLIGHT,DFL
BABCOCK SCANDINAVIAN AIRAMBULANCE AS,NORSE,BNO
BABY JET AIRLINES LIMITED,BABY JET,FBJ
BAC EXPRESS AIRLINES LIMITED,RAPEX,RPX
BACKBONE A/S,BACKBONE,BOB
"BADEN AIRCRAFT OPERATION GMBH, RHEINMUENSTER",AVANGARD,BAO
BADLANDS AVIATION,STRONGBOX,BXX
BADR AIRLINES,BADR AIR,BDR
BAE SYSTEMS (CORPORATE AIR TRAVEL) LTD,FELIX,BAE
BAE SYSTEMS MARINE LTD.,VICKERS,VSB
BAHAMAS AIR HOLDINGS LTD.,BAHAMAS,BHS
"BAHAMAS HABITAT (CARY, NC)",SYMONETTE,BMT
BAHRAIN AIR,BAHRAIN AIR,BAB
BAHRAIN EXECUTIVE AIR SERVICES CO. (BEXAIR),BEXAIR,BXA
BAHRAIN ROYAL FLIGHT (BAH),BAHRAIN,BAH
BAIRLINE FLUGGESELLSCHAFT MBH & CO.KG,BAIRLINE,BRJ
"BAJA AIR, S.A. DE C.V.",BAJA AIR,BJA
BAJA FLY S. DE R.L. DE C.V.,BAXA,BJF
"BAKER AVIATION, INC. (KOTZEBUE, AK)",BAKER AVIATION,BAJ
"BAKER AVIATION, LLC (FORT WORTH, TX)",RODEO,KOW
BAKHTAR AFGHAN AIRLINES,BAKHTAR,BFO
BAKHTAR STAR AIRLINES,,FYT
BAKOJI AIRLINES SERVICES LTD,BAKO AIR,OGJ
"BALEAR EXPRESS, S.L.",BALEAR EXPRESS,BEF
BALEARES LINK EXPRESS S.L.,HOLA,HOA
BALKAN AGRO AVIATION,BALKAN AGRO,BAA
BALKH AIRLINES,SHARIF,BHI
"BALLARD AVIATION, INC. D/B/A EAGLEMED (WICHITA, KS)",EAGLEMED,EMD
BALMORAL CENTRAL CONTRACTS,BALMORAL,BAL
"BALTIA AIR LINES, INC. (JAMAICA, NY)",BALTIA,BTL
BALTIC AIRLINES,BALTIC AIRLINES,BLL
BALTIC JET AIRCOMPANY,BALTIC JET,BJC
BALTIC JET CARGO,LAT CARGO,BAQ
BALTIJAS HELICOPTERS,BALTIJAS HELICOPTERS,BTH
BAMBOO AIRWAYS,BAMBOO,BAV
BANCO DE MEXICO,BANXICO,BMX
BANGKOK AIRWAYS,BANGKOK AIR,BKP
"BANGKOK AVIATION CENTER CO., LTD",THAI HAWK,HAW
"BANGKOK HELICOPTER SERVICES CO., LTD",BANGKOK DUSIT,BHD
BANGLADESH BIMAN,BANGLADESH,BBC
"BANGOR, CITY OF (BANGOR, ME)",,XBG
"BANKAIR, INC. (WEST COLUMBIA, SC)",BANKAIR,BKA
"BAR HARBOR AIRLINES (BANGOR, ME)",BAR HARBOR,AJC
BAR XH AIR INC.,PALLISER,BXH
BARBEDOS AVIATION SERVICES LIMITED,BARBEDOS,UBS
"BARKEN INTERNATIONAL, INC. (SALT LAKE CITY, UT)",BARKEN JET,BKJ
BARKSTON HEATH FTU (MIL),BARKSTON,BKH
"BARON AVIATION SERVICES, INC. (VICHY, MO)",SHOW-ME,BVN
BARRICK,BARRICK,BRI
BARTOLINI AIR REGIONAL,BARTOLINI,BNI
"BASEOPS INTERNATIONAL, INC. (HOUSTON, TX)",,XBO
"BASLER FLIGHT SERVICE, INC. (OSHKOSH, WI)",BASLER,BFC
BASS AIRWAYS CC,BASS EXEC,BWS
BASSAKA AIR LTD.,BASSAKA,BSX
BATELEUR AIR CHARTER SERVICES CC,BATELEUR,BEU
BB AIRWAYS PVT. LIMITED,BEEBEE AIRWAYS,BBW
BBN AIRLINES,BIG BLUE,BBT
BEARSKIN LAKE AIR SERVICE LIMITED,BEARSKIN,BLS
BEES AIRLINE LLC,FLOWER BEE,UBE
"BEIJING AIRLINES CO., LTD",AIR JINGHUA,BJN
"BEIJING CAPITAL AIRLINES CO., LTD",CAPITAL JET,CBJ
"BEIJING CAPITAL AIRLINES HELICOPTER GENERAL AVIATION SERVICES CO., LTD",CAPITAL ROTOR,BSH
"BEIJING CITY INTERNATIONAL BUSINESS JET CO., LTD.",CITY WORLD,CWR
"BEIJING EOFA INTERNATIONAL JET CO., LTD.",ELEMENT,OUF
"BEIJING MAYBOUNE GENERAL AVIATION CO., LTD.",MAYBOUNE JET,LLJ
"BEIJING MYKYLIN GENERAL AVIATION CO., LTD.",MYLIN,MYK
"BEIJING ORENDA TRIBE GENERAL AVIATION CO., LTD.",AIR ORENDA,OLD
"BEIJING PANAM INTERNATIONAL AVIATION ACADEMY CO., LTD",FAN MAY,BFM
BEIJING TIANXINAI GENERAL AVIATION COMPANY LIMITED,HONG XIANG,VGB
"BEIJING VISTAJET AVIATION CO., LTD",BEIJING VISTA,BJV
BEIRUT WINGS S.A.L,BEIRUT WINGS,BWM
BEL AIR AVIATION A/S,BLUEBEL,BBX
BEL LTD,,FOS
BELAVIA,BELARUS AVIA,BRU
BELCANTO AIRLINES,BELCANTO,BTA
BELGAVIA (SOCIETE DE HANDLING),BELGAVIA,BLG
BELGIAN AIR FORCE,BELGIAN AIRFORCE,BAF
BELL HELICOPTER,TEXTRON,TXH
BELL-VIEW AIRLINES LIMITED,BELLVIEW AIRLINES,BLV
BELLAGIO AIRLINES,BELLAGIO AIR,BEA
BELLAVIA LTD,BEV AIR,BEV
BELLESAVIA,BELLESAVIA,BLC
BELTON PARK 59 (PTY) T/A BELTON AIR,BELTON,BLN
"BEMIDJI AIRLINES (BEMIDJI, MN)",BEMIDJI,BMJ
BENAIR A/S,BIRDIE,BDI
BENAIR AS,SCOOP,HAX
BENANE AVIATION CORPORATION,BENANE,BNV
BENIN AIRLINES,BENWAYS,ABT
BENTIU AIR TRANSPORT,BENTIU AIR,BNT
BEOND-SIMDI OPERATIONS PRIVATE LTD.,BEOND,BYD
BERIEV AIRCRAFT COMPANY,BERIEV COMPANY,GBM
"BERING AIR, INC. (NOME, AK)",BERING AIR,BRG
BERJAYA AIR SDN BHD,BERJAYA,BVT
BERKHUT AIR,BEKAIR,BEK
BERMUDAIR,GOSLING,BMA
BERNIQ AIRWAYS,MANARA,BNL
"BERRY AVIATION, INC. (SAN MARCOS, TX)",BERRY,BYA
"BERTELSMANN AG, GUETERSLOH",MEDIA JET,BFD
BEST AERO HANDLING LTD,,BAX
"BEST JETS INTERNATIONAL (MINNEAPOLIS, MN)",DOWNTOWN,DOW
BESTFLY AIRCRAFT MANAGEMENT ARUBA,MWANGO BEST,BFY
"BESTFLY, S.L.",BESTFLY,BEY
BETA - BRAZILIAN EXPRESS TRANSPORTES AEREOS LTDA,BETA CARGO,BET
"BEYOND GENERAL AVIATION CO., LTD.",DAZZLE,BNB
BF-LENTO OY,BAKERFLIGHT,BKF
BH AIR,BALKAN HOLIDAYS,BGH
BH HELI LTD,,BHH
BHOJA AIRLINES,BHOJA,BHO
BHS AVIATION AG,ALPINE STAR,BHZ
BHUTAN AIRLINE,BHUTAN AIR,BTN
BIG BEND COMMUNITY COLLEGE,BIG BEND,BGB
BIG CHARTER PRIVATE LIMITED,KRISH,FLG
"BIG ISLAND AIR, INC. (KAILUA - KONA, HI)",BIG ISLE,BIG
"BIG SKY AIRLINES (BILLINGS, MT)",BIG SKY,BSY
"BIGAS GRUP, S.L.",,BGX
"BIGHORN AIRWAYS, INC. (SHERIDAN, WY)",BIGHORN AIR,BHR
BILLINS AIR SERVICES LTD,BILLINS,...
BILLUND AIR CENTER A/S,BILAIR,BIL
BINGO AIRWAYS SP. Z.O.O.,SKIMMER,BGY
BINTER CANARIAS,BINTER,IBB
BIOFLIGHT A/S,BIOFLIGHT,BIO
BIRD DOG AVIATION CC.,,BDH
BIRD IN A BIPLANE LTD,ARTEMIS,MIS
"BIRD LEASING, INC. (NORTH ANDOVER, MA)",BIRD AIR,BIR
BISMILLAH AIRLINES LTD,BISMILLAH,BML
BIZ AFRICA 1019 CC T/A STUDIO 88 AVIATION,STUDIO,STZ
"BIZ JET CHARTER, INC. (LAS VEGAS, NV)",AVOLAR,VLX
BIZJET DE MEXICO S.A. DE C.V.,BIZMEX,BIZ
BLACKBIRD AIR A/S,BLACKBIRD,BBB
"BLACKHAWK AIRWAYS, INC. (JANESVILLE, WI)",BLACKHAWK,BAK
BLESSINGS AVIATION LTD.,BLESSED KID,TJJ
BLIMP S.L,,BLP
BLINK LTD,BLINKAIR,BKK
BLU HALKIN LTD,BLUHALKIN,BHK
BLUE AIR AVIATION S.A.,BLUE AIR,BLA
BLUE AIR LINES,BLUE KOREA,BBJ
BLUE BIRD AIRWAYS,CANDIA BIRD,BBG
BLUE BIRD AVIATION,YEMEN BLUE,BBY
BLUE BIRD AVIATION CO. LTD,BLUEBIRD SUDAN,BLB
BLUE BIRD AVIATION LTD,COBRA,BBZ
BLUE CITY AVIATION LTD,HIGHFIELD,HFD
"BLUE CITY HOLDINGS, LLC (MOFFETT FIELD, CA)",AIR SAMPLE,...
BLUE DART AVIATION LTD,BLUE DART,BDA
"BLUE HORIZON TRAVEL CLUB (CINCINNATI, OH)",BLUE HORIZON,BLH
BLUE ISLANDS,BLUE ISLAND,BCI
BLUE JET AIRWAYS LIMITED,BLUE FLIGHT,BJX
BLUE JET CHARTERS SP. Z.O.O.,BLUE BOY,BCJ
BLUE PANORAMA AIRLINES SPA,BLUE PANORAMA,BPA
BLUE RIDGE AERO SERVICES,BLUE AERO,BLY
BLUE SKY AIRWAYS JOINT STOCK COMPANY,BLUE LIGHT,BSF
"BLUE SKY AVIATION CO., LTD",BLUE SKY MONGOLIA,BCA
BLUE SKY AVIATION SERVICES LTD,MAWINGU,SBK
BLUE SQUARE AVIATION GROUP MALTA LTD,,BSG
"BLUE STAR AIRLINES, S.A. DE C.V.",AIRLINES STAR,BSD
BLUE STAR AVIATION C.A,BLUESTARVEN,BSV
BLUE TEAM FLIGHT SCHOOL,BLUE TEAM,BTM
BLUE WING AIRLINES N.V.,BLUE TAIL,BWI
BLUEBIRD NORDIC LTD,BLUE CARGO,BBD
BLUESKY AIRWAYS,BLUE AIRWAYS,BKY
BLUESTREAM AVIATION LTD,TRAFALGAR,TFG
BLUEWEST HELICOPTERS-GREENLAND APS,BLUEWEST,BWD
"BMW FLUGDIENST, MUENCHEN-FLUGHAFEN",BMW-FLIGHT,BMW
BN GROUP LIMITED,VECTIS,BNG
"BOEING COMMERCIAL AIRPLANE GROUP (SEATTLE, WA)",BOEING,BOE
"BOEING TACTICAL (ST.LOUIS, MO)",FREEDOM,FRE
BOHLKE INTERNATIONAL AIRWAYS,BOHLKE,BIA
"BOISE INTERAGENCY FIRE CENTER (BOISE, ID)",BISON-AIR,BIN
BOLIDOR S.A.,BOLIDORSA,BOR
BOLIVIANA DE AVIACION,BOLIVIANA,BOV
BOMBARDIER INC.,BOMBARDIER,BBA
BOMBARDIER MONTREAL,CANADAIR,CDR
BOND AIR CARGO,BACAIR,BCU
BOND AIR SERVICES LTD,RED HEAD,RHD
BOND AIR SERVICES LTD.,UGABOND,BOD
BOND OFFSHORE HELICOPTERS LTD,BOND,BND
BONIAIR,KUMANOVO,BOA
BONUS AVIATION,BONUS,BPT
BONYAD AIRLINES,BONYAD AIR,IRJ
BONZA AVIATION PTY LTD,BONZA,BNZ
BOOKAJET LTD,BOOKAJET,BOO
BORDER AIR TRAINING,BORDER,BFT
BORNFLY APS,BORNFLIGHT,BOF
BOSCOMBE DOWN DERA,GAUNTLET,BDN
BOSCOMBE DOWN DERA (FORMATION),BLACKBOX,RRS
"BOSKOVIC, Z, AIR CHARTERS LIMITED",BOSKY,ZBA
"BOSTON-MAINE AIRWAYS (PORTSMOUTH, NH)",CLIPPER CONNECTION,CXS
BOURNEMOUTH COMMERCIAL FLIGHT TRAINING CENTRE,BLACKADDER,BLD
BOUTIQUE AIR,BOUTIQUE,BTQ
BRA-TRANSPORTES AEREOS LTDA.,BRA-TRANSPAEREOS,BRB
BRAATHENS INTERNATIONAL AIRWAYS AB,SUN TRIP,BIX
BRAATHENS REGIONAL AIRWAYS AB,BRAATHENS,BRX
BRADLEY AIR SERVICES LIMITED D/B/A CANADIAN NORTH,ARCTIC,AKT
BRAVO AIR LTD,GREMAIR,BRZ
BRAVO AIRWAYS,,BAY
BRAZILIAN AIR FORCE,BRAZILIAN AIR FORCE,BRS
BRAZILIAN ARMY AVIATION,BRAZILIAN ARMY,EXB
BRAZILIAN NAVY AVIATION,BRAZILIAN NAVY,MBR
BREEZE AIRWAYS,MOXY,MXY
BREEZE AVIATION,BRAVI,BRC
BREEZE LTD,AVIABREEZE,BRE
BRIDGER AEROSPACE,BRIDGER,BGR
BRIDGES AIR CARGO,BRIDGES,BRD
BRIGGS MARINE ENVIRONMENTAL SERVICES LTD,BRIGGS,BME
BRIGHT FLIGHT LTD.,BRIGHT FLIGHT,BFG
BRIKO AIR SERVICE LTD,BRIKO,BKO
"BRILLIANT JET CO., LTD.",TAIXIANG,TXJ
BRINGER AIR CARGO TAXI AEREO LTDA.,,BCT
BRISTOL FLIGHT TRAINING CENTRE LTD,BRUNEL,BNF
BRISTOW HELICOPTERS (NIG) LIMITED,BRISTOW HELICOPTERS,BHN
BRISTOW HELICOPTERS GROUP LTD.,BRISTOW,BHL
BRISTOW NORWAY AS,NORSKE,NOR
"BRISTOW US, LLC (NEW IBERIA, LA)",BRISTOW GROUP,BTZ
BRITANNIA AIRWAYS LTD,TEEFLY,...
BRITISH AIRWAYS,SPEEDBIRD,BAW
BRITISH AIRWAYS (BA) LTD,GHERKIN,BAT
BRITISH AIRWAYS SANTA,SANTA,XMS
BRITISH AIRWAYS SHUTTLE,SHUTTLE,SHT
BRITISH ANTARCTIC SURVEY,PENGUIN,BAN
BRITISH CHARTER,BACKER,BCR
BRITISH GULF INTERNATIONAL CO. LTD,BRITISH GULF,BGI
BRITISH INTERNATIONAL,BRINTEL,BIH
BRITISH INTERNATIONAL HELICOPTER SERVICES LIMITED,BRITISH,BRT
BRITISH MEDICAL CHARTER,BRITISH MEDICAL,BMD
BRITISH MIDLAND REGIONAL LTD,MIDLAND,BMR
BRITISH PARACHUTE SCHOOLS,BELVOIR,...
BRITISH SKY BROADCASTING LTD,SKYNEWS,SKH
"BRIXTEL GROUP, INC. (RESTON, VA)",BRIXTEL JET,BXJ
BROMMA AIR MAINTENANCE AB,CALIBRATION,CFL
BRUSSELS AIRLINES,BEELINE,BEL
BUDAPEST AIRCRAFT SERVICE LTD,BASE,BPS
BUDDHA AIR PVT. LTD,BUDDHA AIR,BHA
BUFF AIR SERVICES,SPEEDHAWK,BUF
"BUFFALO AIRWAYS (WACO, TX)",BUFFALO AIR,BVA
BUFFALO AIRWAYS LTD.,BUFFALO,BFL
"BUFFALO RIVER AIRCRAFT SERVICES, LLC",OUTFITTER,OFT
BUKOVYNA,BUKOVYNA,BKV
BUL AIR LTD.,BULGARY,BVL
BULGARIA AIR,FLYING BULGARIA,LZB
BULGARIAN AIR FORCE,BULAF,AFB
BULGARIAN EAGLE,BULGARIAN EAGLE,BEG
"BUN AIR CORPORATION (BEDFORD, PA)",BUN AIR,BNA
"BUNDEPOLIZEI-FLIEGERGRUPPE, ST. AUGUSTIN",PIROL,BPO
"BUNDLED AERIAL MAPPING ASSTS, LLC (HUNTSVILLE, AL)",AIR BAMA,BMP
BUREAU VERITAS S.A.,,XDA
BURKINA AIRLINES,BURKLINES,BFR
BURUNDAYAVIA JSC,BURAIR,BRY
BUSINESS AERO LLC,,KBS
"BUSINESS AIRFREIGHT (BENNINGTON, VT)",RATTLER,RLR
BUSINESS AVIATION ASIA LIMITED,UNITED ASIA,UNA
"BUSINESS AVIATION COURIER, INC. (SIOUX FALLS, SD)",DAKOTA,DKT
"BUSINESS AVIATIORS INC. (CASPER, WY)",OUTLAW,OTA
"BUSINESS JET SOLUTIONS (DALLAS, TX)",SOLUTION,BJS
"BUSINESS WINGS LUFTFAHRTUNTERNEHMEN GMBH, AHNATAL",JUMP RUN,JMP
BUTANE BUZZARD AVIATION CORPORATION,BUZZARD,BZZ
BUTLERS AVIATION,BUTLERS,BUT
"BUTTE AVIATION, INC. (BUTTE, MT)",PIPESTONE,PPS
BUZZ AERO S.R.L.,SUNDIAL,FXP
BV AIRWAYS INC.,DRAKE,BVI
"BVG VIAJES, S.A. DE C.V.",BEEVEEGEE VIAJES,BVG
"BYGONE AVIATION, LLC (GUYMON, OK)",BYGONE,BYG
"C & M AIRWAYS, INC. (EL PASO, TX)",RED WING,RWG
"C AND M AVIATION (BUTTE, MT)",TRANSPAC,TIP
C&I CORPORATION,NIKOLAUS,CIJ
"C.C. CALZONE, LLC DBA PARAGON AIRWAYS",PARAGON FLIGHT,PFT
"C.S.P., SOCIETE",AIR-MAUR,RMU
CAA AIRWORTHINESS DIVISION,BRABAZON,BBN
CAA DIRECTORATE OF AIRSPACE POLICY (IFP),ALLWEATHER,AWX
CAA FLIGHT EXAMINERS,EXAM,EXM
CAA FLYING UNIT,MINAIR,CFU
CAA TRAINING STANDARDS,STANDARDS,SDS
CABO VERDE EXPRESS,KABEX,CVE
CABOLAR (PTY) LTD T/A SKYWISE,SKYWISE,SWZ
CAE AVIATION,LUXVAN,LXC
CAICOS EXPRESS AIRWAYS,CAICOS,CXE
CAIRO AIR TRANSPORT COMPANY (CAIRO AVIATION),,CCE
CAL GULF AVIATION,CAL-GULF,CGC
"CALIBER JET CHARTER, LLC (WESTLAKE, OH)",CALIBER JET,CJZ
"CALIFORNIA DEPARTMENT OF FORESTRY AND FIRE PROTECTION (MCCLELLAN, CA)",CALFIRE,...
"CALIFORNIA DEPARTMENT OF FORESTRY AND FIRE PROTECTION (MCCLELLAN, CA)",CALFIRE,CFR
CALIMA DE AVIACION S.L.,CALIMA,CMV
CALM AIR,CALM AIR,CAV
CALSTAR,CALSTAR MED,CMD
CAM AIR MANAGEMENT LTD,CAMEO,CMR
CAMBODIA AIRLINES,ANGKOR WAT,CCL
"CAMBODIA AIRWAYS CO., LTD.",GIANT IBIS,KME
CAMBODIA ANGKOR AIR,CAMBODIA AIR,KHV
CAMBODIA BAYON AIRLINES,BAYON AIR,BYC
CAMEROON AIRLINES CORPORATION (CAMAIR-CO),CAMAIRCO,CRC
CAMEX AIRLINES LLC,CAMEX,CMS
CAN WEST CORPORATE AIR CHARTERS LTD.,CAN WEST,CWA
CANADA - TRANSPORT CANADA,TRANSPORT,TGO
CANADA JETLINES OPERATIONS LTD.,JETBUS,CJL
CANADIAN AIRWAYS CONGO,CANAIR,TWC
CANADIAN ARMED FORCES,CANFORCE,CFC
CANADIAN COAST GUARD,CANADIAN COAST GUARD,CTG
CANADIAN HELICOPTERS LIMITED DBA HNZ GLOBAL,CANADIAN,CDN
CANADIAN NORTH INC.,EMPRESS,MPE
CANADIAN PACIFIC RAILWAY,RAILCAR,CRR
CANADIAN WARPLANE HERITAGE MUSEUM,WARPLANE HERITAGE,CWH
"CANARIAS AERONAUTICA, S.L.",CANARIAS LINK,CAU
"CANARIAS AIRLINES, COMPANIA DE AVIACION S.L.U.",,RSC
CANARY FLY S.L.,CANARY,CNF
CANAVIA LINEAS AEREAS S.L.,CANAVIA,CNA
CANLINK AVIATION INC.,EAST WIND,MFC
"CAPE CENTRAL AIRWAYS, INC. (CAPE GIRARDEAU, MO)",SEMO,SEM
CAPITAL AIR AMBULANCE LIMITED,PRESTIGE,EGL
"CAPITAL AIR SERVICE, INC. (MANHATTAN, KS)",CAPAIR,CPX
CAPITAL AIR SERVICES LTD,WOODSTOCK,WDK
CAPITAL AIRCRAFT GROUP,CAPGROUP,CGP
CAPITAL AIRLINES LIMITED,CAPITAL SHUTTLE,NCP
CAPITAL AIRLINES LIMITED,CAPITAL DELTA,CPD
"CAPITAL CITY AIR CARRIERS, INC. (PIERRE, SD)",CAP CITY,CCQ
CAPITAL JET CHARTER CORP.,CAP JET,CCJ
"CAPITEQ LIMITED, TRADING AS AIR NORTH REGIONAL",TOPEND,ANO
"CAPITOL WINGS AIRLINE, INC. (AUSTIN, TX)",CAPWINGS,CWZ
CARAVAN AIR,CAMEL,VAN
"CARDIG AIR, PT.",CARDIG AIR,CAD
"CARDINAL/AIR VIRGINIA (LYNCHBURG, VA)",AIR VIRGINIA,FVA
CARE FLIGHT (NSW) LIMITED,CARE FLIGHT,CFH
"CARGO 360, INC. (SEATTLE, WA)",LONG-HAUL,GGC
CARGO AIR LTD,CLEVER,CGF
CARGO B AIRLINES N.V./S.A.,CARGO-BEE,CBB
CARGO EXPRESS,MAURICARGO,MCX
CARGO LINK (CARIBBEAN) INC.,CARGO LINK,CLM
CARGO THREE INC.,THIRD CARGO,CTW
CARGOJET AIRWAYS LTD,CARGOJET,CJT
CARGOLAAR CC,CARGOLAAR,GOL
CARGOLOGIC GERMANY GMBH,SAXONIAN,GCL
CARGOLOGICAIR LTD,FIREBIRD,CLU
CARGOLUX AIRLINES INTERNATIONAL S.A.,CARGOLUX,CLX
CARGOLUX ITALIA S.P.A.,CARGOLUX ITALIA,ICV
CARIB EXPRESS,WAVEBIRD,BCB
CARIBBEAN AIR CARGO,CARICARGO,DCC
CARIBBEAN AIRLINES LIMITED,CARIBBEAN AIRLINES,BWA
CARIBBEAN AIRWAYS,CARIBJET,IQQ
"CARIBBEAN EXPRESS, INC. (MIAMI SPRINGS, FL)",CARIB-X,TLC
"CARIBBEAN SUN AIRLINES, INC. D/B/A WORLD ATLANTIC AIRLINES (MIAMI, FL)",DORAL,WAL
CARIBINTAIR S.A.,CARIBINTAIR,CRT
CARICOM AIRWAYS (BARBADOS) INC.,DOLPHIN,CCB
CARPATAIR S.A.,CARPATAIR,KRP
CARSON AIR LTD.,CARSON,CRN
"CARVER AERO, LLC DBA REVV AVIATION",REV AERO,FRV
CASCADIA AIRWAYS INC,BIGFOOT,CBF
"CASEMENT AVIATION (PLAINESVILLE, OH)",CASEMENT,CMT
"CASINO AIRLINES, INC. (SHREVEPORT, LA)",CASAIR,CSO
"CASPER AIR SERVICE, INC.(CASPER, WY)",CASPER AIR,CSP
CASPIAN AIRLINES,CASPIAN,CPN
"CASS PROFESSIONAL SERVICES, CORP.",SWIFT BIRD,CPS
CASTILLO MOURRA,,OMT
CASTLE AIR CHARTER LIMITED,CASTLEFILM,...
"CASTLE AVIATION, INC. (RAVENNA, OH)",CASTLE,CSJ
CAT AVIATION AG,EUROCAT,CAZ
CAT HELICOPTERS S.L.,ROTORCAT,HCT
CAT ISLAND AIR,CAT ISLAND,CIS
"CATALINA FLYING BOATS, INC. (LONG BEACH, CA)",CATALINA AIR,CBT
CATHAY PACIFIC AIRWAYS LTD.,CATHAY,CPA
CATREUS AOC LTD,THUNDER CAT,VCG
CAVERTON HELICOPTERS LTD,CAVERTON AIR,CJR
CAVOK AIRLINES,CARGO LINE,CVK
CAYMAN AIRWAYS LTD.,CAYMAN,CAY
"CEBGO, INC. DBA CEBGO",BLUE JAY,SRQ
CEBU PACIFIC AIR,CEBU AIR,CEB
CEDAR EXECUTIVE,CEDAREX,CDX
CEGA AVIATION LIMITED,CEGA,CEG
CEIBA INTERCONTINENTAL,CEIBA LINE,CEL
CELLO AVIATION LTD,CELLOJET,CLJ
CEMAIR (PTY) LTD,CEMAIR,KEM
CEMEX OPERACIONES MEXICO S.A. DE C.V.,AVIAMERICA,VME
"CENTENNIAL AIRLINES, INC. (LARAMIE, WY)",WYO-AIR,CNL
CENTER VOL S.A.,CENTERVOL,CVO
CENTRAFRIC'AIR S.A.,,CFK
CENTRAFRICAN AIRLINES,CENTRAFRICAIN,CET
CENTRAFRIQUE AIR EXPRESS,EXPRESS CENTRAF,CAE
"CENTRAL AIR SOUTHWEST, INC. (CUSHING, OK)",CENTRAL COMMUTER,CTL
CENTRAL AIR TRANSPORT SERVICES,SHUMBA,CEN
"CENTRAL AIRLINES CO., LTD",HOMELAND,HLF
CENTRAL AIRWAYS,TRYDONAIR,CEW
CENTRAL AMERICAN AIRWAYS,CENTRAL AMERICAN,CRW
"CENTRAL AVIATION, INC. (CHICAGO, IL)",YOGAN AIR,YOG
"CENTRAL FLYING SERVICE, INC. (LITTLE ROCK, AR)",CHARTER CENTRAL,CHA
"CENTRAL HELICOPTER SERVICE, LTD",,CEH
CENTRAL MOUNTAIN AIR LTD,GLACIER,GLR
CENTRE D'ESSAIS EN VOL,CENTEV,CEV
CENTRE IN CHARGE OF A FLIGHT INFORMATION REGION OR AN UPPER FLIGHT INFORMATION REGION,,ZQZ
CENTRE IN CHARGE OF A FLIGHT INFORMATION REGION OR AN UPPER FLIGHT INFORMATION REGION,,ZFZ
CENTRELINE AV,CLIFTON,CLF
CENTRO DE FORMACION AERONAUTICA DE CANARIAS,FORCAN,ACF
CENTRO DE SERVICIO AERONAUTICO S.A DE C.V.,CESA,JLH
CENTRO INDUSTRIAL AERONAUTICO C.A. (CIACA),CIACA,CVX
"CENTURION AIR CARGO, INC. (MIAMI, FL)",CHALLENGE CARGO,CWC
CERIUM AIR,QAZAQ EAGLE,CAQ
"CERTIFIED AIRCRAFT DISPATCH, INC. (MIAMI, FL)",,XAD
CESSZANI AVIATION,CESSZANI,CEZ
CFA AIR CHARTERS (PTY) LTD,CEEFA CHARTER,CFX
CHABAHAR AIRLINE,CHABAHAR,IRU
CHAIR AIRLINES AG,EIGER,GSW
"CHAIRMAN AIRMOTIVE II, LLC",CHAIRMAN,CHR
CHALAIR AVIATION,CHALLAIR,CLG
CHALLENGE AIR CARGO LIMITED,CARGO ROCK,CHZ
CHALLENGE AIRLINES (BE) S.A.,CHALLENGE,CHG
CHALLENGE AIRLINES (IL),CAL,ICL
CHALLENGES AVIATION LIMITED,TIGER,...
CHALLENGES LIMITED,HERITAGE,...
CHAM WING AIRLINES,SHAMWING,SAW
CHANCHANGI AIRLINES (NIGERIA) LIMITED,CHANCHANGI,NCH
"CHANNEL ISLAND AVIATION (OXNARD, CA)",CHANNEL,CHN
"CHANTILLY AIR, INC. (MANASSAS, VA)",MARLIN,WML
"CHAPARRAL AIRLINES (ABILENE, TX)",CHAPARRAL,CPL
"CHARLIE HAMMONDS FLYING SERVICE, INC. (HOUMA, LA)",HAMMOND,HMD
"CHARLOTTE, NC AIR NATIONAL GUARD (CHARLOTTE, NC)",,CGD
CHARTER JETS,CHARTER JETS,LTC
CHARTERS (SOUTH AFRICAN NON SCHEDULED AIRWAYS (PTY) LTD),SOUTHERN CHARTERS,SCS
CHARTERS EJECUTIVOS SA DE CV,EXECUTIVE,CTS
CHARTRIGHT AIR INC.,CHARTRIGHT,HRT
"CHAUTAUQUA AIRLINES (JAMESTOWN, NY)",CHAUTAUQUA,CHQ
CHC GLOBAL OPERATIONS,HUMMINGBIRD,HMB
CHC GLOBAL OPERATIONS INTERNATIONAL,HELIBIRD,GCY
CHC HELICOPTERS CANADA INC.,REDBIRD,RBD
CHC HELICOPTERS NETHERLANDS,MAPLELEAF,HNL
CHC HELICOPTERS NIGERIA LIMITED,COLIBRI,ATQ
CHC HELIKOPTER SERVICE AS,HELIBUS,HKS
CHC IRELAND,IRISH COASTGUARD,ICS
CHEMECH AVIATION (PVT) LIMITED,,CHM
"CHENGDU AIRLINES CO., LTD",UNITED EAGLE,UEA
CHEQAIR,ASTON,...
CHEROKEE AIR LIMITED,ABACO,FSS
"CHERRY AIR, INC. (DALLAS, TX)",CHERRY,CCY
"CHESAPEAKE AIR SERVICE (PASADENA, MD)",CHESAPEAKE AIR,CAB
CHEVRON CORPORATION,GULFHAWK,GLH
"CHEVRON U.S.A. (NEW ORLEANS, LA)",CHEVRON,CVR
"CHEYENNE AIRWAYS, INC. (CHEYENNE, WY)",CHEYENNE AIR,CYA
"CHICAGO AIR, INC. (CHICAGO, IL)",WILD ONION,CGO
"CHICAGO JET GROUP, LLC (SUGAR GROVE, IL)",WINDY CITY,WDY
"CHIEF OF STAFF, UNITED STATES AIR FORCE (ANDREWS AFB, MD)",AIR CHIEF,AIO
"CHILCHOTA TAXI AEREO, S.A. DE C.V.",CHILCHOTA,CCH
CHIM-NIR AVIATION,CHIMNIR,ETN
"CHINA AIR CARGO CO., LTD",AVIC CARGO,CCO
CHINA AIRLINES,DYNASTY,CAL
CHINA CARGO AIRLINES LTD,CARGO KING,CKK
"CHINA CENTRAL LONGHAO AIRLINES CO., LTD.",AIR CANTON,LHA
CHINA CIVIL AVIATION FLIGHT UNIVERSITY,FLIGHT UNIVERSITY,FTU
CHINA EASTERN AIRLINES,CHINA EASTERN,CES
"CHINA EXPRESS AIRLINES CO., LTD",CHINA EXPRESS,HXA
CHINA FLIGHT GENERAL AVIATION COMPANY,ZHONGFEI,CFZ
CHINA FLYING DRAGON AVIATION CO.,FEILONG,CFA
CHINA OCEAN HELICOPTER CORP. - COHC,CHINA HELICOPTER,CHC
CHINA POSTAL AIRLINES LTD,CHINA POST,CYZ
CHINA SOUTHERN AIRLINES,CHINA SOUTHERN,CSN
CHINA SOUTHERN AIRLINES CARGO,SOUTHERN CARGO,CSG
CHINA SOUTHERN AIRLINES GENERAL AVIATION LIMITED,AERO EAGLE,SAG
CHINA SOUTHERN AIRLINES HENAN CO. LTD,YUHAO,CYH
CHINA SOUTHERN AIRLINES XIONG AN AIRLINES COMPANY LIMITED,STRONG AIR,CXN
"CHINA UNITED AIRLINES CO., LTD.",CHINA UNITED,CUA
"CHINA WEST AIR CO., LTD",WEST CHINA,CHB
CHINGGIS AIRWAYS,,CHS
CHINGUETTI AIRLINES,CHINGUETTI,CGU
"CHIPOLA AVIATION, INC. (MARIANNA, FL)",CHIPOLA,CEP
CHODANG UNIVERSITY,CHODANG FLIGHT,CDQ
"CHOICE AIRWAYS, INC. (SUNRISE, FL)",CHOICE AIR,CSX
"CHONG QING AIRLINES CO., LTD",CHONG QING,CQN
"CHONGQING FOREBASE GENERAL AVIATION CO., LTD",FOREBASE,CFB
"CHRISTMAN AIR SYSTEM (WASHINGTON, PA)",CHRISTMAN,CAS
CHROME AIR SERVICES LTD,CHROME AIR,CHO
CHRONO AVIATION INC. D/B/A CHRONO AVIATION,NEEDLE,NDL
CHRONO JET INC,MATBLACK,MBK
"CHURCH AIRCRAFT LTD (DENVER, CO)",CHURCHAIR,CHU
CHURCH FENTON FTU,CHURCH FENTON,CFN
CI-TOURS,CI-TOURS,VCI
CIAF LEASING,CIAF LEASING,CIL
CIELOS DEL SUR S.A. - AUSTRAL,AUSTRAL,AUT
CIMAS EMERGENCY AIR RESCUE SERVICE,CIMAS,CRA
CIMBER A/S,CIMBER,CIM
"CIMEX ENVIRONMENTAL, LLC",CLEAR WAVE,WVE
"CIRRUS AIR, INC. (DALLAS, TX)",NITE STAR,NTS
"CITATIONSHARES, LLC (GREENWHICH CT)",FIVE STAR,FIV
"CITIBANK, N.A. (NEWARK, NJ)",,XCX
CITILINK INDONESIA,SUPERGREEN,CTV
CITY AIRLINES GMBH,CITYAIR,LHX
CITY AIRWAYS CO. LTD,CITY AIRWAYS,GTA
CITY CONNEXION AIRLINES,CONNEXION,CIX
CITYJET,CITY-IRELAND,BCY
CITYLINE HUNGARY LTD,CITYHUN,CNB
CIVAIR AIRWAYS (PTY) LTD T/A REDAIR,SKY RED,FLV
"CIVIL AIR PATROL, SOUTH CAROLINA WING (COLUMBIA, SC)",BOX KAR,BKR
CIVIL AVIATION AUTHORITY OF NEW ZEALAND,CIVAIR,CIV
CIVIL AVIATION AUTHORITY OF THE CZECH REPUBLIC,INSPECTOR,CAA
"CKC SERVICES, INC. (NEWPORT BEACH, CA)",,CKC
CLACTON AERO CLUB 1988 LTD,CLASSIC WINGS,...
"CLARK AVIATION CORP. (NEW CUMBERLAND, PA)",CLARKAIR,CLK
CLASAIR,CALEDONIAN,CSF
CLASS AVIATION,RICHAT,DUC
CLASSIC FLIGHT TRAINING SERVICES LTD,RAINMAN,RMN
CLASSIC JET,CLASSIC JET,LLT
"CLAY LACY AVIATION (SEATTLE, WA)",CLAY-LACY,CLY
CLEOPATRA AVIATION,CLEOPATRA,CLN
"CLICKAIR, S.A.",CLICKJET,CLI
CLOUD 9 AIR CHARTERS,CLOUDLINE,CLZ
CLOWES ESTATES LTD,CLOWES,CLD
CLUB ACROBATICO MEDITERRANEO,,CAG
CLUB AERO VIGO,AERO VIGO,VIJ
CLUB AEROCELTA DE VUELO CON MOTOR,,CLT
CLUB DE VUELO TAS,,TSX
"CM STAIR, COMPAGNIE MAURITANIENNE DES SERVICES ET TRANSPORT AERIEN",CEE-EM STAIRS,CMZ
CMA CGM AIR CARGO,FRENCH CARGO,CMA
CMC ELECTRONICS INC.,ESTERLINE,CMC
"CNAIR, S.A.",CAPRI,ORO
"COASTAL AIR TRANSPORT (CHRISTIANSTED, ST. CROIX)",COASTAL,CXT
"COASTAL AIRWAYS (GULFPORT, MS)",SID-AIR,CNG
COASTAL TRAVELS LIMITED,COASTAL TRAVEL,CSV
"COBALT AIR, LLC (PORTSMOUTH NH)",CHRONOS,CNS
COBALTAIR LIMITED,APOLLO,FCB
COBHAM AVIATION SERVICES AUSTRALIA - AIRLINE SERVICES,,QJE
COBHAM FLIGHT INSPECTION LTD,CALIBRATOR,CLB
COBRA AVIATION,STRIKE,CBR
COBRA JET AVIATION,COBRA JET,COB
COBREX TRANS,COBREX,CBX
"COINSPECTRA AVIACION, C.A.",COAVIATION,COI
COLAEREOS,COLAEREOS,OLR
"COLEMILL ENTERPRISES (NASHVILLE, TN)",COLEMILL,CLE
"COLGAN AIR (MANASSAS, VA)",COLGAN,CJC
COLOMBE AIRLINE S.A.,COLOMBE LINE,CBL
COLORFUL GUIZHOU AIRLINES CO. LTD.,COLORFUL,CGZ
"COLORFUL YUNNAN GENERAL AVIATION CO., LTD.",COLOR JET,CYN
"COLT INTERNATIONAL, INC.",,CCX
COLT TRANSPORTES AEREOS S.A.,COLT,XCA
"COLUMBIA HELICOPTERS, INC. (LAKE CHARLES, LA)",COLUMBIA HELI,WCO
"COLUMBUS AIR TRANSPORT, INC. (COLUMBUS, OH)",KAY-LER,KLR
"COLVIN AVIATION, INC. (ATHENS, GA)",GRASSHOPPER EX,GHP
"COMAC SHANGHAI AIRCRAFT CUSTOMER SERVICE CO., LTD.",COMAC EXPRESS,CCS
COMAIR FLIGHT SERVICES (PTY) LTD,GLOBECOM,GCM
COMAIR LTD,COMMERCIAL,CAW
"COMAIR, INC. (CINCINNATI, OH)",COMAIR,COM
COMBINED PRIVATE INVESTIGATIONS CC T/A CPI AVIATION,TARSIER,TSJ
COMED GROUP,COMEX,CDE
"COMERCIAL AEREA, S.A. DE C.V.",COMERCIAL AEREA,CRS
COMERCIAL DE AVIACION C.A. (COMERAVIA),COMERAVIA,CVV
"COMERCIALIZACION DE AVIACION EJECUTIVA, S.A. DE C.V.",COMEREJECUTIVA,CVJ
"COMERCIALIZACION INDUSTRIAL GLOBAL, S.A. DE C.V.",COMGLOB,CGB
COMET AIRLINES LIMITED,SUNSPY,CMG
"COMFORT SERVICIOS AEREOS, S.A. DE C.V.",COMFORT SERVICIOS,FRS
COMITE INTERNATIONAL DE LA CROIX-ROUGE RED CROSS (INTERNATIONAL COMMITTEE),RED CROSS,RED
COMLUX (MALTA) LTD,LUXMALTA,MLM
COMLUX ARUBA,STARLUX,CXB
COMLUX SAN MARINO,COMLUX,SMC
COMLUX-KZ JSC,KAZLUX,KAZ
COMMAIR AVIATION LIMITED,COMMODORE,CMH
COMMANDAIR C.A,COMMAND AIR,WPC
COMMANDEMENT DU TRANSPORT AERIEN MILITAIRE FRANCAIS,COTAM,CTM
"COMMANDER MEXICANA, S.A. DE C.V.",COMMANDERMEX,CRM
COMMERCE BANK,COMMERCE BANK,CME
COMMON SKY A & N LUFTFAHRT GMBH,COMMON SKY,AUN
"COMMONWEALTH JET SERVICE, INC. (SANDSTON, VA)",COMMONWEALTH,CJS
"COMMUTAIR (PLATTSBURGH, NY)",COMMUTAIR,UCA
COMORES AVIATION INTERNATIONAL,COMORES AVIATION,KMZ
COMPAGNIA AERONAUTICA ITALIANA S.P.A.,AIRCAI,CPI
COMPAGNIA GENERALE RIPRESEAEREE S.P.A.,COMPRIP,CGR
COMPAGNIE AFRICAINE D'AVIATION (CAA),AFRICAN,DBP
COMPAGNIE MAURITANIENNE DES TRANSPORTS,,CPM
COMPAGNIE NATIONALE AIR GABON,GOLF NOVEMBER,AGN
COMPAGNIE NATIONALE NAGANAGANI,,BFN
COMPANIA AEREA DEL SUR S.A. (AEROSUR S.A.),ASUR,ASU
COMPANIA AEROTECNICAS FOTOGRAFICAS,AEROTECNICAS,ATF
COMPANIA DE AVIACION PARAGUAYA S.A.,GUARANI,AZP
"COMPANIA DE SERVICIOS AEREOS NACIONALES, S.A. (SANSA)",,LRS
COMPANIA DE SERVICIOS AEREOS TAVISA,TAVISA,TAV
"COMPANIA DE SERVICIOS AEREOS, S.A. (SAESA)",SAESA,SSS
"COMPANIA EJECUTIVA, S.A. DE C.V.",EJECUTIVA,EJV
"COMPANIA MEXICANA DE AEROPLANOS, S.A.",AEROPLANOS,MDR
COMPANIA NATIONALA DE TRANSPORTURI AERIENE ROMANE TAROM S.A.,TAROM,ROT
"COMPANIA OPERADORA DE CORTO Y MEDIO RADIO IBERIA EXPRESS, S.A.U.",IBEREXPRES,IBS
"COMPANIA PANAMENA DE AVIACION, S.A.",COPA,CMP
"COMPANIA TRANSPORTES AEREOS DEL SUR, S.A.",TAS HELICOPTEROS,HSS
COMPASS CARGO AIRLINES,MIGRATOR,ADZ
"COMPUFLIGHT OPERATIONS SERVICE, INC. (PORT WASHINGTON, NY)",,XCO
COMPUSERVE INCORPORATED,,XCS
"COMUNICACION GLOBAL OBJETIVO, S.L.",OBJETIVO,OBJ
CONAIR GROUP INC. D/B/A CONAIR,FIREGUARD,FGD
"CONCESIONARIA VUELA COMPANIA DE AVIACION, S.A. DE C.V.",VOLARIS,VOI
CONCIERGE U LIMITED,CONCIERGE,JCO
"CONDOR AERO SERVICES, INC. (CULLMAN, AL)",CONAERO,CNR
"CONDOR FLUGDIENST GMBH, FRANKFURT (MAIN)",CONDOR,CFG
CONGO AIRWAYS. SA,CONGO AIR,COG
CONGO FALCON,AFRICA AIRLINES,AAT
"CONGRESSIONAL AIR, LTD (GAITHERSBURG, MD)",CONGRESSIONAL,CGA
CONINGSBY FTU,TYPHOON,CBY
CONNECT AIR LTD.,CONNECT,CCT
CONNECT LINHAS AEREAS S.A.,CONNECT CARGO,CNT
CONOCOPHILLIPS CO.,CONOCO,CON
"CONQUEST AIR INC. (MIAMI, FL)",CHICKPEA,QAI
"CONQUEST AIRLINES (BEAUMONT, TX)",CONQUEST AIR,CAC
CONSORCIO AEREO DE XALAPA,CONSORCIO,CAX
CONSORCIO HELITEC C.A.,CONSORCIO HELITEC,VCH
CONSTANTA,CONSTANTA,UZA
CONTACT AIR SARL,GOBER AIR,CAN
"CONTEL ASC (MCLEAN, VA)",,XCL
"CONTINENTAL MICRONESIA, INC. (TAMUNING, GUAM)",AIR MIKE,CMI
CONVERS AVIA AIRLINE,CONVERS,CVS
CONVIASA,CONVIASA,VCV
"COOK INLET AVIATION, INC. (HOMER, AK)",COOK-AIR,CKA
COPENHAGEN AIRTAXI A/S,AIRCAT,CAT
"COPPER STATE AIR SERVICE, INC. (MESA, AZ)",COPPER STATE,COP
COPTERPLUS FINLAND OY,COPTERPLUS,CPP
COPTRADE AIR TRANSPORT,COPTRADE AIR,CCW
CORAL JET,CORAL JET,COJ
CORAL SEAS EXPRESS LIMITED,,CSE
CORAL SUN AIRWAYS,CORAL SUN,...
CORENDON AIRLINES EUROPE,TOURISTIC,CXI
CORENDON DUTCH AIRLINES B.V.,DUTCH CORENDON,CND
"CORNERSTONE AVIATION, LLC. D/B/A SKYLINE FLIGHT (STOW, MA)",SONIC,SXL
"CORPORACION AEREO CENCOR, S.A. DE C.V.",CENCOR,CNC
"CORPORACION AEROANGELES, S.A. DE C.V.",CORPORANG,CPG
CORPORACION CENTROAMERICANA DE SERVICIOS DE NAVEGACION AEREA (COCESNA),,YGD
"CORPORATE AIR (BILLINGS, MT)",AIR SPUR,CPT
"CORPORATE AIR TRAVEL, LLC",NEOJET,NJZ
"CORPORATE AIR, LLC (WEST MIFFLIN, PA)",MILLENNIUM,MLN
"CORPORATE AIRCRAFT COMPANY (GARDNER, KS)",MOKAN,CPO
"CORPORATE AVIATION SERVICES, INC. (TULSA, OK)",CHECKMATE,CKE
"CORPORATE EAGLE MANAGEMENT SERVICES, INC. (WATERFORD, MI)",CLUB HOUSE,CBH
"CORPORATE EXPRESS AIRLINES (NASHVILLE, TN)",CORP-X,CEA
"CORPORATE FLIGHT INTERNATIONAL, DBA THRIVE AVIATION",THRIVE,TIV
"CORPORATE FLIGHT INTERNATIONAL, INC. (LAS VEGAS, NV)",VEGAS HEAT,VHT
"CORPORATE FLIGHT MANAGEMENT (SMYRNA, TN)",VOLUNTEER,VTE
CORPORATE JET MANAGEMENT LTD,CHECKMARK,CJM
"CORPORATE JET, LLC DBA PRIORITY JET (PEACHTREE CITY, GA)",PEACHJET,PHJ
"CORPORATE JETS, INC. (WEST MIFFLIN, PA)",SEA JET,CJI
CORPORATEJETS XXI S.A.,CUGAT,MND
"CORPORATION YGNUS AIR, S.A. (GESTAIR CARGO)",,CYG
"CORPORATIVO AEREO PRINCIPAL, S.A. DE C.V.",AEREO PRINCIPAL,APL
CORSAIR,CORSAIR,CRL
COSMIC AIR PVT. LTD,COSMIC AIR,COZ
COSMO LINEAS AEREAS S.L.,BLACKEAGLE,KOM
"COSMOPOLITAN AIR OPERATIONS, S.A.P.I. DE C.V.",COSMER,CER
"COSTA AIRLINES, C.A.",MARA,COT
COSTA BLANCA FLIGHT TRAINING CENTER,,FTE
COSTA RICA GREEN AIRWAYS,GREENAIR,CRG
"COUGAR HELICOPTES, INC.",COUGAR,CHI
COULSON AVIATION USA,COULSON,CUL
"COURIER SERVICES, INC. (TEMPE, AZ)",DELIVERY,CSD
COURT HELICOPTERS,COURT AIR,CUT
"COVE PARTNERS, LLC.",COVE,COO
COVENTRY FLYING SCHOOL,AIRCOV,...
COWAN GROUP,COWAN,...
COWI A/S,COWI,COW
"COX AVIACION, S.A. DE C.V.",COX AVIACION,COX
COYNE AVIATION LIMITED,COYNE AIR,COY
CRAFT AVIA CENTER SAPI DE CV,AVIA COPTER,CGL
CRANFIELD HELICOPTERS LTD,ULTRA,CHL
CRANFIELD UNIVERSITY,AERONAUT,CFD
CRANWELL FTU,CRANWELL,CWL
"CREAMER PILOT SERVICES, LLC",DARK HORSE,DHR
CRETAN WINGS,CRETAN,CWS
CROATIA AIRLINES,CROATIA,CTN
CROATIAN AIR FORCE (HRVATSKO RATNO ZRAKOPLOVSTVO),CROATIAN AIRFORCE,HRZ
CROIX ROUGE FRANCAISE,CROIX ROUGE,CRF
CRONOS AIRLINES BENIN,SPACE,CKL
CROSS AVIATION LTD,CROSSAIR,CRX
"CROW EXECUTIVE AIR, INC. (MILLBURY, OH)",CROW EXPRESS,CWX
CROWN AIR SYSTEMS,CROWN AIR,CKR
CROWN AIRLINES,CROWN AIRLINES,CWN
"CROWN AIRWAYS, INC. (DUBOIS, PA)",CROWN AIRWAYS,CRO
CRUISER LINHAS AEREAS LTDA.,VOE CRUISER,VCR
"CRYDERMAN AIR SERVICE (DRAYTON PLAINS, MI)",CENTURY,CTY
CRYSTAL AIR,CRYSTAL AIR,CYT
"CSA AIR, INC. (IRON MOUNTAIN, MI)",IRON AIR,IRO
"CSI AVIATION, INC.",SANDIA,CSI
"CSM SERVICIOS, S.A. DE C.V.",CSM SERVICIOS,CSM
CTR ATMOSPHERICA AVIATION A.S.,ATMOJET,AAN
CUBANA DE AVIACION S.A.,CUBANA,CUB
CUERPO NACIONAL DE POLICIA,,DGP
"CUSTOM AIR TRANSPORT, INC. (DANIA, FL)",CATT,CTT
"CUSTOM JET CHARTERS, LLC (WEST PALM BEACH, FL)",CUSTOM JET,CJE
CUTTER AVIATION (PHOENIX AZ),CUTTER FLIGHT,CTF
CV CARGO S.A.,,GSE
"CYGNUS AIR, S.A.",CYGNUS AIR,RGN
CYPRUS AIRWAYS,CYPRUS,CYP
CZECH AIR FORCE,CZECH AIR FORCE,CEF
CZECH AIR HANDLING,AIRHANDLING,AHD
CZECH AIRLINES J.S.C.,CSA-LINES,CSA
CZECH GOVERNMENT FLYING SERVICE,CZECHIA,CIE
"D & D AVIATION (SALT LAKE CITY, UT)",DUSTY,DDA
D.O. SYSTEMS LTD,STAR,STA
DAALLO AIRLINES (SOMALIA),DALO,DMQ
DAC INTERNATIONAL AIRLINES LTD,DAC AIR,DIG
"DAIRO AIR SERVICES, LTD.",DAIRAIR,DSR
DALA AIR,NOMAD,DKZ
DALA AIR SERVICES LTD,DALA AIR,DLR
DALIAN AIRLINES LTD,XIANGJIAN,CCD
DAN AIR (AOC),JUST US,JOC
DANA AIRLINES LIMITED,DANACO,DAN
"DANBURY AIRWAYS, INC. (DANBURY, CT)",DANBURY AIRWAYS,DSA
DANISH AIR FORCE,DANISH AIRFORCE,DAF
DANISH AIR TRANSPORT A/S,DANISH,DTR
DANISH ARMY,DANISH ARMY,DAR
DANISH NAVY,DANISH NAVY,DNY
DAP HELICOPTEROS LTDA.,HELIDAP,DHE
DARIK SKY,DIMA,DKR
DAS PRIVATE JETS GMBH,PRIVATE JET,DWW
DASAB AIRLINES,DASAB AIR,DSQ
DASHOGUZ INTERNATIONAL AIRPORT,UTAT,TUZ
DASNAIR SA,DASNA,DGX
DASSAULT AVIATION,,DAB
"DASSAULT FALCON JET CORPORATION (S. HACKENSACK, NJ)",CLOVERLEAF,CVF
DASSAULT FALCON SERVICE,DASSAULT,DSO
DASSAULT FALCON SERVICE FRANCE,DASSAULT FRANCE,DSF
DAT LT UAB,DANU,DNU
DATA INTERNATIONAL LTD,DATA AIR,DTN
"DATE TRANSFORMATION CORP. (TURNERSVILLE, NJ)",,XDT
DAYA AVIATION (PVT) LTD,DAYA,DAY
DBT-TRANSPORTES AEREOS LDA (DB AVIATION),STAR SHIP,DBT
DC AVIATION AL-FUTTAIM LLC,DESERT STAR,DCF
"DC AVIATION GMBH, STUTTGART",TWIN STAR,DCS
DC AVIATION LTD.,MALTA STAR,DCW
DE HAVILLAND AIRCRAFT OF CANADA LTD,DEHAVILLAND,DHC
DEA AVIATION LTD,WHITE KNIGHT,WKT
"DECATUR AVIATION, INC. (DECATUR, IL)",DECUR,DAA
DECCAN CARGO & EXPRESS LOGISTICS PVT LTD,DECCAN CARGO,DEC
DEER HORN AVIATION LTD CO,TEXAIR,TXA
"DEER JET (BEIJING) CO., LTD.",CROWN JET,BDJ
"DEER JET AVIATION CO., LTD.",JET FLAG,DJH
DEER JET CO. LTD,DEER JET,DER
"DEERE AND COMPANY (MOLINE, IL)",JOHN DEERE,JDC
"DEHONG SOUTH ASIAN GENERAL AVIATION CO., LTD",SOARCOPTER,DLC
"DELAWARE SKYWAYS, LLC (NEW CASTLE, DE)",DELAWARE,DWR
DELMUN AVIATION SERVICES,TYLOS,DAS
"DELTA AIR LINES, INC.",DELTA,DAL
DELTA CONNECTION LIMITED,NILECAT,DCP
"DELTA PRIVATE JETS (CINCINNATTI, OH)",JET CARD,DPJ
"DELTA STATE UNIVERSITY (CLEVELAND, MS)",DELTA STATE,DSU
DELUX PUBLIC CHARTER LLC,BIGSTRIPE,JSX
DENA AIRWAYS,DENA,DAI
DEPARTAMENTO DE AGRICULTURA DE LA GENERALITAT DE CATALUNA,FORESTALES,FGC
DEPARTMENT OF ENERGY,ENERGY,...
"DEPARTMENT OF THE ARMY, PRIORITY AIR TRANSPORT (DAVISON AVIATION COMMAND) (FORT BELVOIR, VA)",PAT,PAT
DEPARTMENT OF THE NAVY (VAQ-209),VADER,...
"DERAYA AIR TAXI, PT.",DERAYA,DRY
"DERAZONA AIR SERVICE, PT.",DERAZONA,DRZ
DES R. CARGO EXPRESS,,DRX
"DESARROLLO MILAZ, S.A. DE C.V.",MILAZ,MIZ
"DESERT JET, LLC (THERMAL, CA)",DESERT JET,DJR
"DESTILADORA DE ALCOHOLES Y MIELES, S.A. DE C.V.",DESTILA MIELES,DEM
DESTINATION AIRLINK BAHAMAS LTD,AIRLINK BAHAMAS,DLB
"DEUTSCHE LUFTHANSA, AG, KOELN",LUFTHANSA,DLH
"DEVINAIRE, LLC",GRAY SKY,GSY
"DGO JET, S.A. DE C.V.",DGO JET,DGO
"DHL AERO EXPRESO, S.A.",YELLOW,DAE
DHL AIR AUSTRIA,YELLOW TAIL,DHA
DHL AIR LIMITED,WORLD EXPRESS,DHK
DHL AVIATION (PTY) LTD,WORLDSTAR,DHV
DHL AVIATION EEMEA B.S.C.(C),DILMUN,DHX
"DHL DE GUATEMALA, S.A.",,JOS
DIAMOND AIRCRAFT UK LTD,DIAMOND AIR,...
DIAMOND FLIGHT ACADEMY SCANDINAVIA AB,DIAMOND ACADEMY,DMN
DIAMOND SKY,DIAMOND,DMS
DIDIER ROUSSET BUY,DIDIER,DRB
DIEXIM EXPRESSO,DIEXIM,...
"DIGITAL EQUIPMENT CORPORATION (MAYNARD, MA)",DIGITAL,DGT
"DINGLONG BUSINESS AVIATION CO., LTD",DING AIR,DLJ
DIRECCION GENERAL DE TRAFICO,,TRI
DIRECT2 LLC,WILD LANDS,LND
DIRECT AIR EXECUTIVE LTD,,DAX
"DIRECT AIR, INC.",BLUE SKY,DIA
"DIRECT AIR, INC. D/B/A/ MIDWAY CONNECTION (GARY, IN)",MID-TOWN,XAP
DIRECT FLIGHT LTD,AIRTASK,DCT
DIRECT FLY SP. Z.O.O.,RED WISENT,DLF
DISCOVERY AIRWAYS LIMITED,DISCOVERYJET,DCV
"DISPATCH SERVICES, INC. (MIAMI, FL)",,XDS
DISTRIBUIDORA Y COMERCIALIZADORA JAZ SA DE CV,AEROJAZ,DCO
DIVI DIVI AIR INC.,DIVI AIR,DVR
"DLR DEUTSCHES ZENTRUM FUER LUFT-UND RAUMFAHRT E.V., BRAUNSCHWEIG",LUFO,LFO
DNIPROAVIASERVIS COMPANY,,DNS
DOLPHIN AIR,FLYING DOLPHIN,FDN
DOMERGUE AVIATION,DOME AIR,DOM
"DOMINGUEZ TOLEDO, S.A. (GRUPO MAYORAL)",MAYORAL,MYO
DOMINION AIR LTD.,DOMINION AIR,DAC
"DOMODEDOVO AIRPORT HANDLING, CJSC",,DPH
DONAIR FLYING CLUB LTD,DONAIR,DON
"DONGHAI AIRLINES CO., LTD.",DONGHAI AIR,EPA
DONGHAI BUSINESS AVIATION COMPANY LTD,DONG JET,EPB
DORNIER AVIATION NIGERIA AIEP LTD,DANA AIR,DAV
DOVE AIR SERVICES CO. LTD,DOVAIR,DOV
DRAGONFLY AVIATION SERVICES LIMITED,CAMBRIAN,CBM
DREAM FLYERS TRAINING CENTER,,DRF
DREAMJET,DREAMJET,DJT
"DREAMLINE AVIATION, LLC (SAN FRANCISCO, CA)",DREAMLINE,DLX
"DREAMSHORE AERO (BAR HARBOR, ME)",DREAMSHORE,DRS
"DRF - STIFTUNG LUFTRETTUNG GEMEINNUETZIGE AG, FILDERSTADT",CIVIL AIR AMBULANCE,AMB
DRONAMICS EUROPE AIRLINES LTD,BLACK SWAN,DXE
DRUK AIR,ROYAL BHUTAN,DRK
"DSWA, LLC (DULLES, VA)",REDSKIN,RSK
DUBAI AIRWING,DUBAI,DUB
DUCHESS OF BRITTANY (JERSEY) LTD,DUCHESS,DBJ
"DUMONT AIRCRAFT CHARTER, LLC",SANTOS,SDU
DUN'AIR,DUNAIR,DUN
"DUNCAN AVIATION, INC. (LINCOLN, NE)",PANHANDLE,PHD
DUSHANBE AIR,DUSHANBE AIR,DUA
"DWYER AIRCRAFT SALES, INC. (MASON CITY, IA)",DWYAIR,DFS
"DYNAIR SERVICES, INC. (MCLEAN, VA)",,XDY
"DYNAMIC AIR, S.L.",DYNAMIC SKY,DYM
"E H DARBY AVIATION (SHEFFIELD, AL)",PLATINUM AIR,EHD
E S AIR,SMARTAIR,CAH
E-AVIATION SWISS SAGL,,LUG
E-FREIGHT INTERNATIONAL LTD,EFREIGHT SUDAN,EFE
"E.I.S. AIRCRAFT GMBH, KIEL-HOLTENAU",COOL,EIS
"EAA - ESCOLA DE AVIACAO AEROCONDOR, SA",AERO-ESCOLA,EAD
EADS CASA,,AED
"EAGLE AERO, INC. (SCOTIA, NY)",ICARUS FLIGHTS,ICR
EAGLE AIR ICELAND (FLUGFELAGID ERNIR),ARCTIC EAGLE,FEI
EAGLE AVIATION,GYPSY,GYP
EAGLE AVIATION (U) LTD,AFRICAN EAGLE,EGU
"EAGLE AVIATION SERVICES, INC. (FT. WORTH, TX)",,ABU
EAGLE EUROPEAN LTD,SOLACE,EEL
EAGLE EXPRESS,EAGLE STAR,EES
EAGLE FLIGHT TRAINING,HAWK AERO,...
EAGLEXPRESS AIR CHARTER SDN. BHD.,EAGLEXPRESS AIR,EZX
EARTH AIRLINES SERVICES LIMITED,EARTH AIR,ERX
"EASOFLYERS, S.L.",DONOSTI,ESY
EAST - WEST EXPRESS LLC,UKRAINE EXPRESS,EWU
"EAST AERO SERVICE, LLC",,BAC
EAST AFRICAN,CRANE,UGX
EAST AFRICAN SAFARI AIR EXPRESS LIMITED,TWIGA,EXZ
EAST AFRICAN SAFARI AIR LIMITED,DUMA,HSA
EAST AIR,EAST TAJIK,ETJ
EAST ASIA AIRLINES LTD,,EMU
EAST COAST AIRWAYS (PTY) LTD,EASTWAY,ECT
"EAST COAST FLIGHT SERVICES, INC.",JET COAST,JTM
"EAST COAST JETS, INC. (ALLENTOWN, PA)",EASTCOAST JET,ECJ
EAST HORIZON AIRLINES,EAST HORIZON,EHN
"EAST KANSAS CITY AVIATION, INC. (GRAIN VALLEY, MO)",BLUE GOOSE,EKC
EAST MIDLANDS HELICOPTERS,COSTOCK,CTK
EAST SCOTLAND PARAGLIDING CLUB,PARASCOT,...
"EAST STAR AIRLINES CO., LTD",EAST STAR,DXH
EAST WEST AIRLINES,EAST WEST,EWS
EAST WING,E-WING,EWZ
EASTARJET,EASTARJET,ESR
"EASTERN AIRLINES, LLC (HIGH POINT, NC)",EASTERN,EAL
EASTERN AIRWAYS (UK) LIMITED,EASTFLIGHT,EZE
EASTERN ATLANTIC HELICOPTERS,BLADERUNNER,...
EASTERN AUSTRALIA AIRLINES PTY LTD,,EAQ
"EASTERN CAROLINA AVIATION, INC. (RICHLANDS, NC)",EASTERN CAROLINA,ECI
"EASTERN GENERAL AVIATION CO., LTD",TONGHANG,CTH
EASTINDO SERVICES,EASTINDO,ESD
"EASTUNION, CJSC",,ETU
EASY FLY EXPRESS LIMITED,EASY EXPRESS,EFX
EASY JET SWITZERLAND SA,TOPSWISS,EZS
EASY LINK AVIATION SERVICES,FLYME,FYE
EASYCHARTER LLC,EASY CHARTER,LOL
EASYFLY S.A. (EMPRESA AEREA DE SERVICIOS Y FACILITACION LOGISTICA INTEGRAL S.A.),,EFY
EASYJET EUROPE AIRLINE GMBH,ALPINE,EJU
EASYJET UK LTD,EASY,EZY
EATIS,SHARK JET,SRK
"EBSCO, INC. D/B/A MILLION AIR LONGVIEW (LONGVIEW, TX)",DOLLAR SIGN,DOL
EC CHARTER CA,ECAIR,EXC
EC-FLY,,ECU
ECHO AIRLINES LTD.,,EBF
"ECKLES AIRCRAFT CO. (HOLDENVILLE, OK)",CIMMARON AIRE,CMN
ECLAIR AVIATION,ECLAIR,ECC
"ECLIPSE AIRLINES, INC. D/B/A BRANSON AIRLINES, INC. (CHANTILLY, VA)",BRANSON,BRN
"ECLIPSE AVIATION (ALBUQUERQUE, NM)",ECLIPSE JET,EJT
ECO AIR LIMITED,SKYBRIDGE,ECQ
ECO AIRLINES SIA,ECOAIR,EKO
ECO AIRWAYS S.A.,ECOTRAVEL,ECW
ECOAIR,,DEI
"ECOMEX AIR CARGO, LDA.",AIR ECOMEX,ECX
ECOTOUR,ECOTOUR,ECD
"ECOTURISTICA DE XCALAK, S.A. DE C.V.",XCALAK,XCC
ECUATOGUINEANA DE AIR ET MARITIME SERVICE - EGAMS,EGAMS,EGM
"EDACOM, D.O.O.",EDACOM,EDO
EDELWEISS AIR AG,EDELWEISS,EDW
EDEN,,EDN
"EDGARTOWN AIR, INC. (EDGARTOWN, MA)",SLOW,SLO
"EFAOS, AGENCIA DE VIAGENS E TURISMO, LDA",EFAOS,EFS
EFS EUROPEAN FLIGHT SERVICE AB,EUROWEST,EUW
EGO AIRWAYS S.P.A.,EGOL,EGW
EGT JET LTD.,BULGARIAN JET,EGT
EGYPT AIR,EGYPTAIR,MSR
EGYPTAIR CARGO,EGYPTAIR CARGO,MSX
EGYPTAIR EXPRESS,EGYPTAIR EXPRESS,MSE
EGYPTIAN AIR FORCE,,EGY
EGYPTIAN AVIATION,,EJX
EGYPTIAN AVIATION ACADEMY,EGYPT ACADEMY,FMF
EGYPTIAN AVIATION COMPANY,,EMA
EGYPTIAN LEISURE AIRLINES,EGYPTIAN LEISURE,ELU
"EISELE FLUGDIENST GMBH, STUTTGART",EVER FLIGHT,EFD
"EJECUTIVO AEREO DE MEXICO, S.A. DE C.V.",EJEAERMEX,EEM
EJME (PORTUGAL) AIRCRAFT MANAGEMENT LDA,JETMAN,JME
EL AL - ISRAEL AIRLINES LTD.,ELAL,ELY
"EL CAMINANTE TAXI AEREO, S.A. DE C.V.",EL CAMINANTE,CMX
EL QUILADA INTERNATIONAL AVIATION CO. LTD,QUILADA,GLQ
EL SOL DE AMERICA C.A.,SOLAMERICA,ESC
EL-BURAQ AIR TRANSPORT INC.,BURAQAIR,BRQ
"ELAN EXPRESS (LAS VEGAS, NV)",ELAN,ELX
ELANGENI GMBH,ELANGENI,ELG
ELDINDER AIRLINES,DINDER,DND
ELECTRA AIRWAYS,ELECTRA,EAF
ELEVATE JET LLC,ELEVATE,LVT
ELIFRIULIA S.R.L.,ELIFRIULIA,EFG
ELILOMBARDA S.R.L.,LOMBARDA,EOA
ELIN GROUP LIMITED,ELIN BIRD,ELN
ELIOSSOLA S.R.L.,ELIOSSOLA,EOS
ELISRA AIRLINES,ESRA,RSA
ELITALIANA SPA,,ELA
ELITAVIA D.O.O.,ELITAVIA,EAV
ELITAVIA MALTA LTD,ELITE,EAU
ELITAVIA SAN MARINO SRL,MARINO,EAO
ELITE AIR,ELITE AIR,ELZ
"ELITE AIRWAYS (PORTLAND, ME)",MAINER,MNU
ELITE JET S.R.O.,TOPJET,ELJ
ELITELLINA S.R.L.,ELITELLINA,FGS
"ELJ AVIATION LLC (SANFORD, FL)",GATOR FLIGHT,GTF
ELLINAIR,ELLINAIR HELLAS,ELB
"ELLIOTT AVIATION, INC. (OMAHA, NE)",ELLIOTT,ELT
ELMAGAL AVIATION SERVICES CO. LTD,ELMAGAL,MGG
ELROM AVIATION AND INVESTMENTS,,ELR
ELTSOVKA AIRLINES,ELTSOVKA,ETS
ELVETIA AVIATION S.A.P.I. DE C.V.,ELVETIA,ELV
ELYSIAN AIRLINES,ELYSIAN,...
"EMA S.A., EMPRESA DE MELOS AEREOS",EMALUSA,EML
EMBASSY AIRLINES LIMITED,EMBASSY AIR,EAM
EMBRY-RIDDLE AERONAUTICAL UNIVERSITY,RIDDLE,ERU
EMERALD AIRLINES (IRELAND) LIMITED,GEMSTONE,EAI
EMERALD AIRLINES (UK) LIMITED,GREENSTONE,EAG
EMERALD JETS S.A.L.,EMERALD JETS,EFB
EMETEBE,EMETEBE,EMT
EMIRATES,EMIRATES,UAE
EMIRATES FLIGHT TRAINING ACADEMY,AL WASEL,EFC
"EMPER GENERAL AVIATION (SUZHOU) CO., LTD.",KINGSMAN,STJ
EMPEROR AVIATION,RULER,EMM
"EMPIRE AIR SERVICE, INC. (ROCHESTER, NY)",EMPIRE,EMP
"EMPIRE AIRLINES (HAYDEN LAKE, UT)",EMPIRE AIR,CFS
EMPIRE AVIATION GROUP,EMJET,MJE
EMPIRE AVIATION SERVICES LIMITED,HONEY BEE,MPR
EMPIRE TEST PILOTS SCHOOL,TESTER,ETP
"EMPRESA AERO URUGUAY, S.A.",UNIFORM OSCAR,AUO
EMPRESA AVIACION INTERAMERICANA S.A.,EBBA,VNA
"EMPRESA BRASILEIRA DE AERONAUTICA, S/A",EMBRAER,EMB
EMPRESA BRASILEIRA DE INFRA-ESTRUTURA AEROPORTUARIA - INFRAERO,INFRAERO,XLT
"EMPRESA DE AVIACION AEROGAVIOTA, S.A.",GAVIOTA,GTV
"EMPRESA DE TRANSPORTE AEREOCARGO DEL SUR, S.A",EMTRASUR,ESU
EMPRESA FLORIDIAN S.A.,FLORIDIAN,FLD
EMPRESA GUATEMALTECA DE AVIACION (AVIATECA),AVIATECA,GUG
EMPRESA NACIONAL DE SERVICIOS AEREOS,SERAER,CNI
EMPRESA PUBLICA TAME LINEA AEREA DEL ECUADOR (TAME EP),TAME,TAE
"EMPRESA VENEZOLANA, LINEA AEREA BOLIVARIANA",VENEZOLANA,VNE
"EMPYREAL JET, INC.",REAL JET,RLJ
ENAC,ENACSCHOOL,NAK
ENAV S.P.A.,ENAV CHECK,ENF
ENCOMPASS AVIATION,ROME,ROM
ENDEAVOR AIR,ENDEAVOR,EDV
ENDECOTS S.A.,ENDECOTS,ENC
"ENERGIA CREADORA, S.A. DE C.V.",ENERGIA,ECR
"ENERJET, S.A. DE C.V.",JET-ENER,ENE
ENRIQUE GLEISNER VIVANCO,GLEISNER,EGV
"ENSENADA VUELOS ESPECIALES, S.A. DE C.V.",ENSENADA ESPECIAL,ESE
ENTER AIR SP. Z.O.O.,ENTERAIR,ENT
"ENTERGY SERVICES, INC. (NEW ORLEANS, LA)",ENTERGY SHUTTLE,ENS
ENVOY AIR INC.,ENVOY,ENY
"ENVUELO, S.L.",ENVUELO,NVO
"EOLO PLUS, S.A. DE C.V.",EOLO PLUS,EOP
EPAG - GROUPE AIR FRANCE,EPAG,IAG
EPIC FLIGHT ACADEMY/ EPIC AVIATION,EPIC RED,EPI
"EPPS AIR SERVICE, INC. (ATLANTA, GA)",EPPS AIR,EPS
EPSILON AVIATION S.A.,EPSILON,GRV
EQUAFLIGHT SERVICE,EQUAFLIGHT,EKA
EQUAJET,EQUAJET,EKJ
EQUATORIAL CONGO AIRLINES BRANDED ECAIR,EQUATORIAL CONGO,EQR
EQUINOXAIR S.A.S.,EQUINOX,EQX
"ERA HELICOPTERS (LAKE CHARLES, LA)",ERA,ERH
ERAM AIR,ERAM AIR,IRY
"ERIE AIRWAYS, INC. (ERIE, PA)",AIR ERIE,ERE
ERNEST S.P.A.,ERNEST,ERN
EROFEY LLC,GULLIVER,ERF
"EROPORTER, S.L.",,ELD
"ESCAIR, S.L.",MALAGAIR,ESA
"ESCAPE AVIATION D/B/A COASTAL AIR TRANSPORT (FAIRHOPE, AL)",TRANS COASTAL,TCL
ESERCITO ITALIANO,ITALIAN ARMY,IEI
"ESN JET SERVICE, LLC",,ECH
"ESPANA, DIRECCION GENERAL DE AVIACION CIVIL Y TELECOMUNICACIONES",ENA,ENA
ESPERIA AVIATION SERVICES S.P.A.,,ESP
"ESTAFETA CARGA AEREA, S.A. DE C.V.",ESTAFETA,ESF
"ESTELAR LATINOAMERICA, C.A.",ESTEL,ETR
ESTONIAN AIRFORCE,ESTONIAN AIRFORCE,EEF
"ESTOP ESTUDIOS DE FOTOGRAFIA, S.A.",,EFO
ETF AIRWAYS,ENTERPRIZE,EZZ
ETHIOPIAN AIRLINES CORPORATION,ETHIOPIAN,ETH
ETHIOPIAN MOZAMBIQUE AIRLINES,EMOZ,EMZ
ETIHAD AIRWAYS,ETIHAD,ETD
ETIHAD FLIGHT COLLEGE,JERNAS,EYT
ETRAM AIR WING,ETRAM,ETM
"EURO CONTINENTAL AIE, S.L.",EURO CONTINENTAL,ECN
EURO MEDITERRANEAN AIRLINES,,EUD
EURO-ASIA AIR,EAKAZ,EAK
"EUROAIRLINES, S.L.",EUROLINE,ELE
EUROAMERICAN AIR,EUROAMERICAN,EUU
EUROATLANTIC AIRWAYS,EUROATLANTIC,MMZ
EUROCONTROL,,EUC
EUROCONTROL CFMU CCAMS SERVICE,,ZMS
EUROCONTROL CFMU CENTRAL EXECUTIVE UNIT,,ZKC
EUROCONTROL CFMU DATABASE OPERATORS,,ZKD
EUROCONTROL CFMU IFPU SYSTEM,,ZMF
EUROCONTROL CFMU TAC SYSTEM,,ZMT
EUROCONTROL CFMU TECHNICAL MONITORING TEAM,,ZKT
EUROCOPTER,EUROCOPTER,ECF
"EUROCOPTER DEUTSCHLAND GMBH, DONAUWOERTH",RED FOX,RDF
EUROCOPTER UK LTD,FENESTRON,FEN
EUROFLY SERVICE S.P.A.,EUROFLY,EEU
EUROJET AVIATION LTD,GOJET,GOJ
EUROJET SERVICE,,UJS
EUROJET SERVIS S.R.O.,EEJAY SERVICE,EJS
EUROLINK GMBH,EUROLINK,EUL
EUROLOT S.A.,EUROLOT,ELO
EUROP-STAR AIRCRAFT GMBH,EUROP STAR,ESQ
EUROPEAN AIR CHARTER,EUROCHARTER,BUC
"EUROPEAN AIR TRANSPORT, LEIPZIG",POSTMAN,BCS
EUROPEAN AIRCRAFT PRIVATE CLUB,GREEN CLUB,PGC
EUROPEAN AVIATION SCHOOL OF BARCELONA,AEREAS,EAX
EUROPEAN CARGO LIMITED,EURO,URO
EUROPEAN FLYERS,EUROPEAN FLYERS,FYS
EUROPEAN REGIONAL OPMET DATA EXCHANGE (EUR RODEX),,YBY
EUROPEAN SAO LTD.,BLUE KNIGHT,EKT
EUROPILOT CENTER,EUROPILOT,EPC
EUROSKYLINK LTD,CATFISH,ESX
EUROWINGS EUROPE LTD.,BLACK PEARL,EWL
EUROWINGS GMBH,EUROWINGS,EWG
"EURUS AVIATION, S.A.P.I. DE C.V.",EURUS,EUS
EVA AIRWAYS CORPORATION,EVA,EVA
"EVELOP AIRLINE, S.L.",EVELOP,EVE
"EVELOP AIRLINES DOMINICANA, S.A. (D.B.A. IBEROJET)",MANGU,IDR
EVERETT AVIATION,EVERETT,EVK
EVERETT AVIATION LDA,EVERETT AIR,EVQ
EVERETT LIMITED,,EVT
EVERGREEN INTERNATIONAL AIRLINES,EVERGREEN,EIA
"EVERJETS - AVIACAO EXECUTIVA, S.A.",EVERJETS,EVJ
EVOLEM AVIATION,EVOLEM,EVL
EW DISCOVER GMBH,OCEAN,OCN
EWA AIR,MAYOTTE AIR,EWR
EWAT GMBH,,EWE
EWEST AIR,EWEST,EWA
EXCEL CHARTER LTD,HELI EXCEL,XEL
"EXCELAIRE (RONKONKOMA, NY)",EXCELAIRE,XLS
EXCLUSIVE AVIATION,SKYFALL,REE
EXCLUSIVE BALLOONING,BALLOON EXCLUSIVE,...
EXEC DIRECT AVIATION,CARGO LIFT,EDA
"EXECUFLIGHT, INC. (FORT LAUDERDALE, FL)",ZIPLINE,EFT
EXECUJET (UK) LTD,LONDON CITY,LCY
EXECUJET AVIATION (PTY) LTD,PLATINUM EXEC,EXD
EXECUJET EUROPE A/S,VAMPIRE,VMP
EXECUJET MIDDLE EAST,MIDJET,EJO
EXECUTIVE AEROSPACE (PTY) LTD,AEROSPACE,EAS
EXECUTIVE AIR,LIFE FLIGHT,LFL
"EXECUTIVE AIR CHARTER (HONOLULU, HI)",EXECAIR,EAC
"EXECUTIVE AIR FLEET (TRENTON, NJ)",,XAF
EXECUTIVE AIR LTD (BARBADOS),BAJANSTAR,XAL
"EXECUTIVE AIR SERVICES, LLC (MIAMI, FL)",BLUEWATER,BLE
EXECUTIVE AIRCRAFT SERVICES S.A.L.,EXEC AIRCRAFT,ESM
"EXECUTIVE AIRLINES, S.L.",SACIR,EXU
"EXECUTIVE AIRLINK INC. (NEBO, NC)",SUNBIRD,ENK
EXECUTIVE AVIATION CORPORATION,SERENITY,SIY
EXECUTIVE AVIATION SERVICES LTD,JESTER,JTR
"EXECUTIVE AVIATION SERVICES, LLC",VEYRON,VYR
"EXECUTIVE EXPRESS AVIATION D/B/A JA AIR CHARTER (SUGAR GROVE, IL)",LIGHTSPEED,LTD
"EXECUTIVE FLIGHT SERVICES, LLC",AIRSHARE,XSR
"EXECUTIVE FLIGHT, INC. (ARLINGTON, TX)",EXEC,EXE
"EXECUTIVE FLITEWAYS, INC (RONKONKOMA, NY)",EX-FLIGHT,XFL
EXECUTIVE HELICOPTERS,EXEC HELI,EXH
EXECUTIVE JET CHARTER LIMITED,VOLANTE,EXJ
"EXECUTIVE JET MANAGEMENT, INC. (CINCINNATI, OH)",JET SPEED,EJM
EXECUTIVE JET SERVICES,,EJZ
"EXECUTIVE TRAVEL AIR (SHREVEPORT, LA)",KINZE,KNZ
EXECUTIVE TURBINE AVIATION (PTY) LTD,TRAVELMAX,TEA
"EXIMFLIGHT, S.A. DE C.V.",EXIMFLIGHT,EXF
EXIN,EXIN,EXN
EXPRESS AIR CARGO,TUNISIA CARGO,XRC
EXPRESS AIRWAYS NIGERIA LIMITED,NIGERIA EXPRESS,EAN
"EXPRESS AIRWAYS, D.O.O.",EMPEROR,EPR
EXPRESS FREIGHTERS AUSTRALIA,EXPRESS FREIGHT,EFA
EXPRESS INTERNATIONAL CARGO CORPORATION,EXCARGO,EIC
"EXPRESS ONE INTERNATIONAL, INC. (DALLAS, TX)",LONGHORN,LHN
EXPRESS TOURS,EXPRESS TOURS,XTO
EXPRESSJET AIRLINES,ACEY,ASQ
"EXTRAORDIN AIR AVIATION AND CHARTER (HOUSTON, TX)",TWISTER,TTX
EXXAERO,CRAMER,XRO
EZ AIR B.V.,EASYWAY,EZR
EZJET GT INC.,GUYANA JET,EZJ
EZNIS AIRWAYS LLC,EZNIS,EZA
F A NAVAL DEL PERU,,INP
F AIR,FAIR SCHOOL,FAP
"F.S. AIR SERVICE, INC. (ANCHORAGE, AK)",SOCKEYE,EYE
FAA-WJH TECHNICAL CENTER AIR SHUTTLE PROGRAM,NELLIE,NLE
FAI RENT-A-JET GMBH,RED ANGEL,IFA
FAIR AVIATION PTY LTD,FAIRAVIA,FAV
"FAIR WIND AIR CHARTER (STUART, FL)",FAIR WIND,FWD
FAIROAKS FLIGHT CENTRE,FAIROAKS,FFC
"FALCON AIR EXPRESS (MIAMI, FL)",PANTHER,FAO
"FALCON AIR, INC. (FLINT, MI)",MOTOR-CITY,FAI
FALCON AIRLINE LIMITED,FALCON AIRLINE,FAU
FALCON AVIATION SERVICES,FALCON AVIATION,FVS
"FALWELL AVIATION, INC. (LYNCHBURG, VA)",FALWELL,FAW
FANJET EXPRESS,FANJET,FJE
FAR EASTERN AIR TRANSPORT CORPORATION,FAR EASTERN,FEA
"FARMINGDALE STATE UNIVERSITY (FARMINGDALE, NY)",FARMINGDALE STATE,FDL
FARNAIR HUNGARY LTD,BLUE STRIP,FAH
FARNAS AVIATION SERVICES,FARNAS,RAF
FARS QESHM AIR LINES,FARS QESHM,QFZ
"FARWEST AIRLINES, INC. (CHANDLER, AZ)",FARWEST,FRW
FASO AIRWAYS SARL,FASO,FSW
FAST AIR LTD,POLAR BEAR,PBR
FAST COLOMBIA S A S,VIVA COLOMBIA,VVC
FASTJET AIRLINES LTD,GREY BIRD,FTZ
FASTJET ZAMBIA LIMITED,FASTBIRD,FJB
FASTJET ZIMBABWE LIMITED,ZIMBIRD,FJW
FAYBAN AIR SERVICES,FAYBAN AIR,FAY
"FAYETTEVILLE FLYING SERVICE AND SCHEDULED SKYWAYS SYSTEM (FAYETTEVILLE, AR)",SKYTEM,SKM
"FCG - FLIGHT CONSULTING GROUP LTD, LV",,FCG
"FCS, FLIGHT CALIBRATION SERVICES, BRAUNSCHWEIG",NAV CHECKER,FCK
FDS-OPS SP. Z.O.O.,,FDP
FEDERAL AIR (PTY) LTD,FEDAIR,FDR
FEDERAL AIRLINES,FEDERAL AIRLINES,FLL
"FEDERAL ARMED FORCES, FEDERAL REPUBLIC OF GERMANY",DIPLOMATIC CLEARANCE,DCN
"FEDERAL AVIATION ADMINISTRATION (FAA) ACADEMY (OKLAHOMA CITY, OK)",ACADEMY AIR,AYA
FEDERAL EMERGENCY MANAGEMENT AGENCY,FEMA,...
FEDERAL EXPRESS CORPORATION,FEDEX,FDX
FEDERAL SERVICE OF THE NATIONAL GUARD TROOPS OF THE RUSSIAN FEDERATION,INTERMIN AVIA,RIF
FEDERAL STATE BUDGET INSTITUTION AVIATION RESCUE COMPANY OF EMERCOM OF RUSSIA,SUMES,SUM
FEDERAL STATE BUDGETARY ORGANIZATION GAGARIN RESEARCH & TEST COSMONAUT TRAINING CENTER,CEDAR,CPK
FEEDER AIRLINES,,FDD
FELIX AIR INC,COUNTRY ROADS,WVU
FELIX AIRWAYS,,FXX
FENIX AIR CHARTER,CRESCENT,FNX
FEUERWEHREINSATZ,FLORIAN,FFD
FFA AVIATION (PTY) LTD T/A WORKING ON FIRE,FIREWISE,WOF
"FFH SUEDWESTDEUTSCHE VERKEHRSFLIEGERSCHULE, FREIBURG",HART AIR,HRE
"FFL FACHSCHULE FUER LUFT-FAHRZEUGFUEHRER GMBH, MUELHEIM",SMART TRAINER,FFE
FIELD GROUP AVIATION AS,SWEEPER,LED
FIJI AIRLINES LIMITED,LINK FIJI,FJA
FIKA SALAAMA AIRLINES LTD,SALAAMA,HGK
FINALAIR CONGO,FINALAIR CONGO,FNC
FINANCIAL AIRXPRESS,FACTS,FAK
FINESSE EXECUTIVE LTD,FINESSE,FNS
FINIST'AIR,FINISTAIR,FTR
FINNAIR OYJ,FINNAIR,FIN
FINNHEMS OY,FINNHEMS,FIH
FINNISH AIR FORCE HEADQUARTERS,FINNFORCE,FNF
FINNISH BORDER GUARD,FINNGUARD,FNG
FIREBLADE AVIATION (PTY) LTD.,OPTIMA,OPM
"FIREHAWK HELICOPTERS, INC.",FIREHAWK,HWK
FIRST AIR LTD,BLUETHUNDER,...
"FIRST FLYING SQUADRON, INC.",JAWJA,GGA
"FIRST MANDARIN BUSINESS AVIATION CO., LTD",ZHONG TAI,MZT
FIRST NATION AIRWAYS (SS) LIMITED,FIRST NATION,FRN
"FIRST WING AIRCRAFT CHARTER AND MAINTENANCE (INDIANAPOLIS, IN)",EAGLE CREEK,EGC
FITS AVIATION (PVT) LTD,EXPOAVIA,EXV
FIVE FORTY AVIATION LTD,SWIFT TANGO,FFV
FIVE FORTY UGANDA LIMITED,ORANGE CRANE,FUL
FJR PRIVATE FLIGHT,SIJI,FPF
FL140 PARACHUTISME BORDEAUX,PARAPRO,FLP
"FLAGSHIP EXPRESS SERVICES, INC. (YPSILANTI, MI)",FLAG,FSX
FLAIR AIRLINES LTD,FLAIR,FLE
"FLAMINGO AIR, INC. (CINCINNATI, OH)",FLAMINGO AIR,FMR
FLEET AIR BG,FLEET BIG,FBG
FLEET AIR INTERNATIONAL LTD,FAIRFLEET,FRF
FLEET REQUIREMENTS AIR DIRECTION UNIT,BROADWAY,BWY
FLEETAIR,FLEETAIR,FLR
FLEXFLIGHT APS,,FXT
FLEXFLIGHT S.R.L,MATRIX,TIX
"FLEXJET LLC (RICHARDSON, TX)",FLEXJET,LXJ
FLEXJET OPERATIONS LTD,FLEXAIR,FLJ
FLEXJET OPERATIONS MALTA LIMITED,FLEX MALTA,FJO
FLIGHT ACADEMY BLACKPOOL,EQUITY,EQT
"FLIGHT ALASKA, INC. (ANCHORAGE, AK)",TUNDRA,TUD
FLIGHT CALIBRATION SERVICES LTD,FLIGHT CAL,VOR
FLIGHT CORPORATION LTD,FLIGHTCORP,FCP
FLIGHT DECK SUPPORT,BLUE LUX,FDZ
"FLIGHT DEVELOPMENT, LLC (WATKINS, CO)",BADLANDS,BAD
"FLIGHT EXPRESS, INC. (ORLANDO, FL)",FLIGHT EXPRESS,FLX
FLIGHT INFORMATION CENTRE,INFORMACION,ZIZ
FLIGHT INFORMATION DATA BASE,,ZEZ
FLIGHT INSPECTION CENTER OF THE GENERAL ADMINISTRATION OF CIVIL AVIATION OF CHINA,CHINA JET,CFI
"FLIGHT INSPECTIONS AND SYSTEMS, CJSC",SPECAIR,LTS
"FLIGHT LINE, INC. (DENVER, CO)",AMERICAN CHECK,ACT
"FLIGHT LINE, INC. (JACKSON, MS)",MATCO,MIT
"FLIGHT OPS INTERNATIONAL (JAMAICA, NY)",,FOI
"FLIGHT OPTIONS (JOHNSON CITY, NY)",OPTIONS,OPT
"FLIGHT PLAN PROCESSING CENTER OF ATMB, CAAC.",,ZFP
"FLIGHT PLAN SOLUTIONS (SAN FRANCISCO, CA)",,FSN
"FLIGHT PRO INTERNATIONAL, LLC",PRO CONNECT,FPC
FLIGHT SUPPORT INC.,FLIGHTRON,FST
FLIGHT TRAINING COLLEGE (UK),TWINPIN,...
FLIGHT TRAINING EUROPE S.L.,CYGNET,AYR
"FLIGHTAWARE (HOUSTON, TX)",FLIGHTAWARE,FWR
"FLIGHTCRAFT, INC. (PORTLAND, OR)",CASCADE,CSK
FLIGHTEXEC,FLIGHTEXEC,FEX
FLIGHTLINE,FLIGHT-AVIA,FTL
FLIGHTLINK LIMITED,FLIGHTLINK,FLZ
FLIGHTPATH CHARTER AIRWAYS INC.,KINETIC,KNT
"FLIGHTSTAR CORPORATION, THE (SAVOY, IL)",FLIGHTSTAR,FSR
"FLIGHTWORKS, INC. (KENNESAW, GA)",FLIGHTWORKS,FWK
"FLINT AVIATION SERVICES, INC. (FLINT, MI)",FLINT AIR,FAZ
FLITE,BLUEROCK,FLA
FLITEPORT,,FOW
"FLORIDA AEROCHARTER INC. D/B/A AIR KEY WEST (KEY WEST, FL)",KAY DUB,KWX
"FLORIDA AIR CARGO (OPA LOCKA, FL)",FLORIDA CARGO,FAS
"FLORIDA AIR TRANSPORT, INC. (OPA LOCKA, FL)",FLORIDA TRANSPORT,FBN
"FLORIDA COASTAL AIRLINES, INC. (FORT PIERCE, FL)",FLORIDA COASTAL,FCL
"FLORIDA DEPT OF AGRICULTURE (TALLAHASSEE, FL)",FORESTRY,FFS
"FLORIDA FLYERS FLIGHT ACADEMY, INC.",FLYERS AIR,FFY
"FLORIDA JET SERVICE, INC. (FORT LAUDERDALE, FL)",FLORIDAJET,FJS
"FLORIDA WEST INTERNATIONAL AIRWAYS, INC. (MIAMI, FL)",FLO WEST,FWL
"FLTPLAN, LLC (SOUTHBURY, CT)",DOT COM,DCM
FLUGFELAG AUSTURLANDS,EASTLAND,ISL
"FLUGFELAG ISLANDS, AIR ICELAND CONNECT",FAXI,FXI
FLY2SKY,SOFIA JET,VAW
FLY7 FINLAND,ROCKY,FSF
"FLY & FUN, S.L.",,FFN
"FLY ADVANCE (BLUE BELL, PA)",VANCE,VNX
FLY AFRICA - ZIMBABWE,FRESH EXPRESS,FZW
FLY AIR41 AIRWAYS D.O.O.,BERLIN,BER
FLY ALWAYS,BIRDVIEW,EDR
FLY AMAN,AMANJET,FAJ
FLY ART,ROSSIGNOL,FLB
FLY AWAY GMBH & CO. KG,BLUE FOX,BFX
FLY BAGHDAD,IRAQ EXPRESS,FBA
"FLY BAI, S.L.",BAI FLY,FBY
FLY BLUE CRANE,BLUE CRANE,FBC
FLY DREAMS LLC,NEXA,JNX
FLY DUSHANBE AIRLINES,EURASIAN,FDU
FLY EGYPT,SKY EGYPT,FEG
FLY ELLAS,ELLASJET,ELF
FLY FAMG T/A AGULHAS 360,STEAMLINE,STE
FLY FOR VALUE AVIATION LIMITED (VALUEJET),VALUEJET,FVJ
FLY GANGWON,GANGWON,FGW
FLY INTERNATIONAL AIRWAYS,NOUVINTER,NVJ
FLY JAMAICA AIRWAYS LIMITED,GREENHEART,FJM
FLY JET.KZ,,FJK
FLY JINNAH,OKAAB,FJL
FLY KUMBA,KUMBA,FKZ
FLY LINE S.L.,FLYLINE,FIL
FLY ME (PTY) LTD,ANGEL WINGS,ANW
FLY ONE,FIA AIRLINES,FIA
FLY ONE AIRLINES,FIRST EAGLE,FOE
FLY ORION AIRWAYS,ORION,FOH
FLY OYA INTERNATIONAL,OYAA,OYA
FLY PLAY,PLAYER,FPY
FLY PRO SRL,SUNDAY,PVV
FLY RAK,RAKWAY,FRB
FLY SKYJET,HARMATTAN,SJF
FLY UNION,SKY UNION,FCH
FLY-COOP AIR SERVICE,COOPAIR,FCA
FLYADEAL,ADEAL,FAD
FLYAWESOME LIMITED,MEDWING,MDW
FLYBE LIMITED,JERSEY,BEE
FLYBONDI,BONDI,FBZ
FLYBOSNIA,BOSNIA AIR,FBS
FLYCOM D.O.O.,FLYCOM,FLO
FLYDAMAS,DAMAVIA,FDK
FLYDUBAI,SKY DUBAI,FDB
FLYEXEC,,FEL
"FLYFAST, S.A. DE C.V.",FASTMEX,FMX
FLYFIREFLY SDN BHD,FIREFLY,FFM
FLYFOFA AIRWAYS,FOFA,FOF
FLYGAC A/S,GLOBALCREW,GCW
FLYGLOBAL CHARTER SDN. BHD.,BLUEFINCH,FGG
"FLYGO, S.L.",,FLY
FLYGPRESTANDA AB,,FPA
FLYGTA INC.,HOMERUN,TOR
FLYING AMBULANCE (PTY) LTD T/A AEROCARE,SKYDOCTOR,SYD
"FLYING BOAT, INC. D/B/A CHALKS INTERNATIONAL AIRLINES (FT. LAUDERDALE, FL)",CHALKS,CHK
FLYING BUSINESS AVIATION,BUSINESS JET,FBX
"FLYING FAST, S.A. DE C.V.",RAPIDOS,FLS
FLYING GROUP LUXEMBOURG S.A.,FLYINGLUX,FYL
FLYING HOPE E.V.,FLYING HOPE,FHG
FLYING LAMM S.L.,,FLM
FLYING PICTURES (AERIAL FILM SERVICES) LTD,PICTURE,...
FLYING SERVICE,FLYING GROUP,FYG
FLYING TV LTD,NEWSFLIGHT,...
FLYING-RESEARCH AEROGEOPHYSICAL CENTER LTD,FLYING CENTER,FGP
FLYINGTON FREIGHTS LIMITED,FLYINGTON,FON
FLYJET SP. Z.O.O.,FASTJET,FYJ
FLYLINK EXPRESS S.A.,FLYLINK,FLK
FLYNAMIBIA AVIATION,BRAVE,FLN
FLYNAS COMPANY CLOSED JOINT STOCK COMPANY,NAS EXPRESS,KNE
FLYONE ARMENIA,ARMRIDER,FIE
FLYPERSIA,PERSIA,FPI
FLYR,GREENSTAR,FOX
FLYRICH LLC,LOX JET,LOX
FLYSKY AIRLINES,KYRGYZ BIRD,FSQ
FLYSKY AIRLINES,UKRAINE BIRD,FSU
FLYTEAM AVIATION LTD,FLYTEAM,FTM
FLYVERHJEMMEVAERNET,PATROL,FHV
FLYWAYS LINHAS AEREAS LTDA.,MAISBRASIL,FYW
FLYWELL AIRLINE,ZIM AIRLINK,FEM
"FMG VERKEHRSFLIEGERSCHULE, BUEREN",HUSKY,FMG
FMI AIR,GECKO,FMI
FNA,,FNB
FOKKER AIRCRAFT SERVICES,FOKKER SERVICES,FOP
FONNAFLY SJO AS,FONNA,NOF
FOR FIREFIGHTING PURPOSES- NOT TO BE ASSIGNED,TANKER,TKR
FORCE AERIENNE FRANCAISE,FRENCH AIR FORCE,FAF
FORCE NAVALE BELGE,BELGIAN NAVY,NYB
FORCES AERIENNES ALGERIENNES,ALGERIAN AIRFORCE,KJD
"FORD MOTOR COMPANY (DETROIT, MI)",FORD,FRD
"FOREFLIGHT, LLC",FOREFLIGHT,FFL
FORMULA ONE MANAGEMENT LIMITED,FORMULA,FOR
FORT AERO,FORT AERO,FRX
FORTUNE AIR (PTY) LTD,FORTUNE AIR,FOA
FORTY EIGHT AVIATION CO. LTD,HOSHAM AIR,WHB
"FORTY-MILE AIR (TOK, AK)",MILE-AIR,MLA
"FOSTER AVIATION (NOME, AK)",FOSTER-AIR,FSA
FOSTER YEOMAN LTD.,YEOMAN,JFY
"FOUR STAR AVIATION D/B/A FOUR STAR GARGO (ST. THOMAS, VI)",FOUR STAR,FSC
"FOUR WINDS AVIATION LTD. (COLORADO SPRINGS, CO)",WINDS,WDS
FR AVIATION LTD,RUSHTON,FRA
FRANCE DOUANES,FRENCH CUSTOM,FDO
FRANCE MARINE NATIONALE,FRENCH NAVY,FNY
FREE BIRD AIRLINES (HURKUS HAVAYOLU TASIMACILIK VE TICARET A.S.),FREEBIRD AIR,FHY
FREEBIRD AIRLINES EUROPE LIMITED,EUROBIRD,FHM
FREEDOM AIR (PTY) LTD T/A NORTH EAST CHARTERS,FREEFLIGHT,FRI
FREEDOM AIR LLC,FREEDOM JET,FDJ
FREEDOM AIR SERVICES LTD,INTER FREEDOM,FFF
FREEDOM AIRLINE,FREEDOMSOMALI,SMK
FREEDOM AIRLINES EXPRESS LTD.,FREEDOM EAGLE,FDT
"FREEDOM AIRLINES, INC. (BINGHAMTON, NY)",LIBERTY,FDM
FREEDOM II BERMUDA LIMITED,BERMUDA,BUY
FREEDOM JETS,BIG TEX,TEX
"FREESKY AVIATION CO., LTD",FREE SKY,FSJ
"FREIGHT RUNNERS EXPRESS, INC. (MILWAUKEE, WI)",FREIGHT RUNNERS,FRG
FRENCH BLUE,FRENCH BEE,FBU
"FRESH AIR AVIATION (CHARLEVOIX, MI)",BREEZY,BZY
FRESH AIR LTD,FRESH AIR,FRR
"FRIENDSHIP AIR ALASKA (FAIRBANKS, AK)",FRIENDSHIP,FAL
FRIENDSHIP AIRLINES LTD,FRIEND AIR,FLF
"FRIENDSHIP AIRWAYS (FORT LAUDERDALE, FL)",LIGHT HOUSE,EMJ
"FRONTIER AIRLINES, INC. (DENVER, CO)",FRONTIER FLIGHT,FFT
"FRONTIER FLYING SERVICE, INC. (FAIRBANKS, AK)",FRONTIER-AIR,FTA
"FSB FLUGSERVICE & DEVELOPMENT GMBH, BERLIN-SCHOENEFELD",SEABIRD,FSB
FTC AVIATION,FANTASTIC,FTC
FTL AIRLINES,RED CARGO,FGO
FTV AVIATION,WABAC,WBC
FU TAI BUSINESS JETS CO. LTD.,HU TAI,FTJ
FUERZA AEREA ARGENTINA,FUAER,FAG
FUERZA AEREA COLOMBIANA,COLOMBIAN AIR FORCE,FAC
FUERZA AEREA DEL PERU,,FPR
FUERZA AEREA ECUATORIANA,ECUADORIAN AIRFORCE,FAE
FUERZA AEREA MEXICANA,FAMEX,FAM
FUJAIRAH AVIATION CENTRE,FUJAIRAH,FUJ
FUJI DREAM AIRLINES,FUJI DREAM,FDA
"FULL EXPRESS, INC. (SWANTON, OH)",GRAND AIRE,GAX
FUMICAR,FUMICAR,FUC
"FUMIGACION AEREA ANDALUZA, S.A.",FAASA,FMA
FUMIPALMA,FUMIPALMA,FUP
FUMISOL,FUMISOL,FUS
FUNDACION REGO,REGO,ROG
"FUTURE AIR CO., LTD.",FUTURE AIR,FJT
"FUXION LINE MEXICO, S.A. DE C.V.",FUNLINE,FUM
FUZHOU AIRLINES CO. LTD.,STRAIT AIR,FZA
FX TERRADYNAMICS SA DE CV,TERRA DYNAMICS,FTX
G & L AVIATION,GEEANDEL,GML
G B HELICOPTERS LTD,KINGDOM,KNM
G-JET,GROSSJET,GSJ
G.A.D FLIGHTS LTD,,GFT
"GA FLIGHT OF DE, INC. D/B/A AIRSTAR (SWAINSBORO, GA)",OLIVIA,OLV
GA-MA HELICOPTERE,GAMHELICO,GAH
GABON AIRLINES,GABON AIRLINES,GBK
GABON AIRLINES CARGO,GABON CARGO,GBC
GABON EXPRESS,GABEX,GBE
GABON-AIR-TRANSPORT,,GRT
"GADAIR EUROPEAN AIRLINES, S.L.",GADAIR LINES,GDR
"GAIL FORCE EXPRESS (JANESVILLE, WI)",GAIL FORCE,GFC
GAIN JET AVIATION S.A.,GAIN JET,GNJ
GAINJET IRELAND LTD,GAINSTAR,GJI
GALAIR INTERNATIONAL LIMITED,GALAIR,SWF
GALAXY AVIATION (PVT) LTD,GALAXY AVIATION,GLY
"GALENA AIR SERVICE (GALENA, AK)",GALENA AIR SERVICE,GAS
GALISTAIR TRADING LIMITED,GALISTAIR,GTR
GAMA AVIATION (CAYMAN) SEZC,GAMA CAYMAN,GKY
GAMA AVIATION FZC,GAMAMENA,GSH
GAMA AVIATION LTD,GAMA,GMA
"GAMA AVIATION, LLC (SHELTON, CT)",GAMA JET,GAJ
GAMBIA BIRD AIRLINES LIMITED,GAMBIA BIRD,GBQ
GAMBIA INTERNATIONAL AIRLINES LTD,GAMBIA INTERNATIONAL,GNR
GAMBIA NEW MILLENNIUM AIR,NEWMILL,NML
"GAMISA AVIACION, S.L.",GAMISA,GMJ
"GARDEN STATE AIRLINES, INC. (SHREWSBURY, NJ)",GARDEN STATE,GSA
"GARMIN, INC.",GARMIN,GMN
"GARUDA INDONESIA AIRWAYS, PT.",INDONESIA,GIA
GAUTENG AIR CARGO CC,GAUTENG,EGO
GAVINA,GAVINA,GVN
GAZPROMAVIA,GAZPROM,GZP
"GB AIRLINK, INC. (FT. LAUDERDALE, FL)",GEEBEE LINK,GBX
GEC MARCONI AVIONICS LTD,FERRANTI,FFU
GEKO AIR SERVICES,HELIRACE,...
GELIX AERO,SURGUT STAR,GAI
GELIX AIRLINES,RUSSIAN BIRD,GLX
"GEMINI AIR GROUP, INC. (SCOTTSDALE, AZ)",DIAMOND BACK,DBC
GENDARMERIE BELGE,BELGIAN GENDARMERIE,GDB
GENDARMERIE NATIONALE,FRANCE GENDARME,FGN
GENERAL AIRWAYS,GENAIR,GWS
GENERAL ATOMICS AEROTEC SYSTEMS GMBH,DORNIER,DOR
"GENERAL AVIATION FLYING SERVICES (TETERBORO, NJ)",GOTHAM,GTH
GENERAL AVIATION SERVICES LTD.,GONZO,GNZ
GENERAL ELECTRIC CAPITAL AVIATION SERVICES,GECAS,GCC
"GENERAL MOTORS CORPORATION (YPSILANTI, MI)",GENERAL MOTORS,GMC
GENESIS GLOBAL AVIATION LTD,GENESIS,GGG
GENEX LTD,AEROGENEX,GNX
"GENGHIS KHAN AIRLINES CO., LTD.",TIANJIAO AIR,NMG
GENSA - GENERAL SERVICES AVIATION,GENSA-BRASIL,GEN
GEOCUBA,GEOCUBA,GOC
GEOGRAPHIC AIR SURVEYS LTD.,SURVEY-CANADA,GSL
GEORGIAN AIRLINES,SKY IKA,IGT
GEORGIAN AIRWAYS,TAMAZI,TGZ
GEORGIAN AVIATION FEDERATION,GEORGIA FED,FGA
GEORGIAN AVIATION UNIVERSITY,GEO UNIVERSITY,AUG
"GERLACH & ASSOCIATES, LLC D/B/A MIDWEST AIR LINK (VALPARAISO, IN)",MIDWEST AIRLINK,MWL
GERMAN AIR FORCE,GERMAN AIR FORCE,GAF
GERMAN AIRWAYS GMBH & CO KG,GERMAN EAGLE,GER
GERMAN ARMY,GERMAN ARMY,GAM
GERMAN FORCES OPERATIONS CONTROL,,OCC
GERMAN NAVY,GERMAN NAVY,GNY
GERMAN NAVY POLLUTION PATROL,POLLUTION PATROL,PCT
"GERMANWINGS GMBH, KOELN",GERMAN WINGS,GWI
"GERRY'S DNATA, M/S",,GDN
"GESPLANE SERVICIOS AEREOS, S.L.",GESPLANE,GPL
GESTAIR AVIATION MALTA,GESTAIR MALTA,GSM
"GESTAIR, S.A.",GESTAIR,GES
"GET HIGH, UNIPESSOAL LDA",AIR FLOW,GET
GETJET AIRLINES LATVIA,DREAMLAND,DML
"GETJET AIRLINES, UAB",GETJET,GJT
GEVA AVIATION,GEVA AVIATION,...
"GFD GESELLSCHAFT FUER FLUGZIELDARSTELLUNG MBH, HOHN",KITE,GFD
GHADAMES AIR,GHADAMES,GMS
GHANA AIRFORCE,GHANA AIRFORCE,GHF
GIANAIR LTD,,GIN
"GIBSON AVIATION (EAU CLAIRE, WI)",NIGHT CHASE,NTC
GIO D.O.O.,GIO-AVIA,GIO
GIRA GLOBO LDA.,GIRA GLOBO,GGL
GLOABAL AFRICA AVIATION,GLOBAL AFRICA,GAA
"GLOBAL AERONAUTICS SOLUTIONS CORP, S.L.",HELITY,HTY
"GLOBAL AIR CHARTER, INC. (ENGLEWOOD, CO)",RESPONSE,RPS
"GLOBAL AIR CHARTERS (TETERBORO, NJ)",GLOBAL JETS,GJE
GLOBAL AIR COMPANY LIMITED LIABILITY PARTNERSHIP,GLOBAL,GLB
GLOBAL AIR SERVICES NIGERIA LTD,GLOBAL SERVE,GBS
GLOBAL AIR TRANSPORT,AVIAGROUP,GAK
GLOBAL AIRCARGO CO.,,GLC
GLOBAL AIRLIFT LIMITED,SKYCRAWLER,GAW
GLOBAL AVANTI,AVANTI,GLV
GLOBAL AVIA HANDLING LIMITED COMPANY,,GBH
GLOBAL AVIATION OPERATIONS (PTY) LTD,GLOBE,GBB
GLOBAL AVIATION SARL,GLOBE MASTER,MSS
GLOBAL CROSSING AIRLINES,GEMINI,GXA
GLOBAL FLIGHT SCHOOL,GLOBAL SCHOOL,GSP
GLOBAL JET ARUBA V.B.A.,PLATA,GJW
GLOBAL JET AUSTRIA GMBH,GLOBAL AUSTRIA,GLJ
"GLOBAL JET CORPORATION (SCOTTSDALE, AZ",THUNDERCLOUD,NSM
GLOBAL JET LUXEMBOURG S.A.,SILVER ARROWS,SVW
GLOBAL REACH AVIATION,HAMMER,HMR
"GLOBAL SKY AIRCHARTER CORPORATION (FT. LAUDERDALE, FL)",GLOBAL SKY,GSK
GLOBAL SUPERTANKER,SUPERTANK,GST
"GLOBAL SYSTEMS, INC.",,XGS
"GLOBAL WEATHER DYNAMICS, INC.",,XGW
GLOBEAIR AG,DREAM TEAM,GAC
GLOBUS,CITYWINGS,CTU
GLOCK AVIATION GMBH,GLOCK,GCK
GLORY AIRLINE,GLORY AIR,GAR
GM HELICOPTERS,GEE-EM HELICOPTERS,GMG
"GM HELICOPTERS 102 NE CO., LTD",GLOBE MERIDIAN,GME
"GMJ AIR SHUTTLE, LLC (MCCLELLAN, CA)",HIGHTECH,HGT
"GO2SKY, S.R.O.",RELAX,RLX
GO AIR TRANSPORT CO. LTD,,GOE
GO AIRLINES (INDIA) PRIVATE LIMITED,GOAIR,GOW
GOBIERNO DE LA REPUBLICA DE GUINEA ECUATORIAL,ECUATO GUINEA,GGE
"GOF-AIR, S.A. DE C.V.",GOF-AIR,GOF
"GOJET AIRLINES, LLC. (ST. LOUIS, MO)",LINDBERGH,GJS
GOL LINHAS AEREAS S.A.,GOL TRANSPORTE,GLO
GOLDECK-FLUG GES.M.B.H.,GOLDECK FLUG,GDK
"GOLDEN MYANMAR AIRLINES, PUBLIC COMPANY LTD",GOLDEN MYANMAR,GMR
GOLDEN SKY AIRLINE,GOLDEN SKY,GOS
GOLDEN STAR AIR CARGO CO. LTD,GOLDEN STAR,GLD
GOLDEN WINGS CHARTER (BAHAMAS),SUN BURN,GWZ
GOLIAF AIR,GOLIAF AIR,GLE
GOMEL AIRLINES,GOMEL,GOM
GOMEL ENGINEER'S INSTITUTE OF THE MINISTRY FOR EMERGENCY SITUATIONS,,IES
"GOOD JET CO., LTD",YANDU,BGC
GOODRIDGE (UK) LTD,RED STAR,RDR
"GOSPA AIR, S.A. DE C.V.",GOSPA AIR,GOP
"GOUVERNEMENT DU QUEBEC, SERVICE AERIEN GOUVERNEMENTAL",QUEBEC,QUE
GOVERNMENT AIR TRANSPORT SERVICES (GATS),NAM,NAM
GOVERNMENT CIVIL AVIATION AUTHORITY,,YAY
GOVERNMENT FLYING SERVICE OF THE HONG KONG SPECIAL ADMINISTRATIVE REGION,HONGKONG GOVERNMENT,HKG
GOVERNMENT OF AJMAN,AJMAN,...
GOVERNMENT OF ONTARIO,ONTARIO GOVERNMENT,ONT
GOVERNMENT OF THE PHILIPPINES,PILIPINAS,RPP
GOVERNMENT OF THE REPUBLIC OF SLOVENIA,SLOVENIA,GSI
GP AVIATION LTD.,IVORY,GPX
"GPM AEROSERVICIO, S.A. DE C.V.",GPM AEROSERVICIO,GPR
"GRACE FLIGHT OF AMERICA (ADDISON, TX)",GRACE FLIGHT,GRC
GRAFAIR FLIGHT MANAGMENT AB,PARROT,GFM
"GRAND AIRWAYS, INC. (LAS VEGAS, NV)",GRAND VEGAS,GND
"GRAND CANYON AIRLINES, INC. (GRAND CANYON, AZ)",CANYON VIEW,CVU
"GRAND CHINA AIR CO., LTD",GRAND CHINA,GDC
"GRAND HOLDINGS, INC. CHAMPION AIR (MANHATTAN BEACH, CA)",CHAMPION AIR,CCP
GRANDE AVIATION,GRANDE,GRN
"GRANDSTAR CARGO INTERNATIONAL AIRLINES CO., LTD",GRANDSTAR CARGO,GSC
"GRANT AVIATION, INC. (ANCHORAGE, AK)",HOOT,GUN
GRANTEX AVIATION,LANDMARK,LMK
"GREAT CIRCLE AVIATION, LLC (SAN MARCOS, CA)",SOCALAIR,SXZ
GREAT DANE AIRLINES A/S,GREAT DANE,GDE
GREAT LAKES AIRWAYS (U) LTD,LAKES CARGO,GLU
"GREAT LAKES AVIATION LTD (SPENCER, IA)",LAKES AIR,GLA
"GREAT WALL AIRLINES CO., LTD",GREAT WALL,GWL
"GREAT WESTERN AIR, INC. (SAN DIEGO, CA)",G-W AIR,GWA
GREATER BAY AIRLINES COMPANY LIMITED,GREATER BAY,HGB
GREEK NAVY (HELLENIC NAVY),HELLENIC NAVY,HNA
GREEN AFRICA AIRWAYS LIMITED,GREEN AFRICA,GWG
GREEN FLAG AVIATION CO.LTD,GREEN FLAG,GNF
GREENLANDCOPTER A/S,HELIX,GRE
GREYBIRD AVIATION GROUP,GEEBIRD,GAG
GRIDIRON AIR LLC,REDZONE,RZN
GROUND HANDLING CONTROL CENTER LLC,,VGH
"GROUP HOLDINGS AVIATION, LLC (FORT WORTH, TX)",SUTTER,GHA
"GROUP ONE, INC. D/B/A TEXAS AIR CHARTERS (DENTON, TX)",TEXAS CHARTER,TXT
GROUPE TRANSAIR,TRANSGROUP,GTS
GROZNYY AVIA JSC,GROZNYY AVIA,GOZ
GRUP AIR-MED S.A.,GRUPOMED,GPM
"GRUPO AERONAUTICO AFA, S.A. DE C.V.",GRUPO- AFA,GFV
"GRUPO AERONAUTICO OVA, S.A. DE C.V.",GRUPOVA,GVA
GRUPO DESARROLLADOR QPULA,QUPULA,QPL
GRUPO LASA SRL,LASA,NQN
"GRUPO ONE AIR AVIACION, S.L.",BOSS AIR,OAR
"GRUPOAEREO MONTERREY, S.A. DE C.V.",GRUPOMONTERREY,GMT
GRYPHON AIR CARGO LLC,LELO,GRG
"GRYPHON AIR, LLC",AIR FOX,GRP
GRYPHON AIRLINES SA (PTY) LTD,SIMBA,GRF
GS AVIATION (GAMBIA) LIMITED,,GSG
GSEC MONARCH AND DECCAN AVIATION PRIVATE LIMITED,INDIA FIRST,IOA
GSS AIRLINE S.R.L,CARGO BIRD,GSS
"GTA AIR, INC. (LANCASTER, TX)",BIG-DEE,GTX
GUANGXI BEIBU GULF AIRLINES CO. LTD.,GREEN CITY,CBG
"GUANGZHOU BAONENG BUSINESS AVIATION CO., LTD.",BAONENG JET,BNH
GUARDIA COSTIERA ITALIANA,ITALIAN COAST GUARD,GCI
GUARDIAN AIR ASSET MANAGEMENT (PTY) LTD,FLEX,GRA
GUAY TULLIEMET AVIATION LTD,GOOD NEWS,...
"GUILIN GENERAL AVIATION COMPANY, LTD.",GUILIN ROTOR,GHL
GUINEA CARGO,GUINEA CARGO,GNC
GUJARAT AIRWAYS,GUJARATAIR,GUJ
"GULF & CARIBBEAN CARGO, INC. (WATERFORD, MI)",TRANSAUTO,TSU
GULF AIR,GULF AIR,GFA
GULF AIR BAHRAIN B.S.C.,GULF BAHRAIN,GBA
"GULF AIR INC. (NEW IBERIA, LA)",GULF TRANS,GAT
GULF AVIATION SERVICES GROUP (UNITED AVIATION),SENYARI,UVN
"GULF CENTRAL AIRLINES INC. (MELBOURNE, FL.)",GULF CENTRAL,GCN
GULF MED AVIATION SERVICES LTD.,GULF MED,GMD
GULF WINGS,GULF WINGS,GWC
"GULFSTREAM AEROSPACE (SAVANNAH, GA)",GULFSTREAM TEST,GLF
"GULFSTREAM AIRLINES, INC. (SOUTH WINDSOR, CT)",GULFSTAR,GFS
"GULL AIR (SO. YARMOUTH, MA)",GULL-AIR,GUL
GULLIVAIR,VAGABOND,GBG
GUM AIR N.V.,GUM AIR,GUM
GUNES EKSPRES HAVACILIK A.S. (SUNEXPRESS),,SXS
GUNEYDOGU HAVACILIK ISLETMESI LTD STD,RISING SUN,GDH
H H HELICOPTERS LTD,CORINIUM,HHH
H-BIRD AVIATION SERVICES AB,JETHAWK,ETI
H.R.H. THE CROWN PRINCE MAHA VAJIRALONGKORN,VICTOR MIKE,VMS
"H.S. AVIATION CO., LTD",JAGUAR,HSN
HADID INTERNATIONAL SERVICES,,HIS
HADISON AVIATION,HADI,FMS
"HAGELAND AVIATION SERVICES, INC. (ANCHORAGE, AK)",HAGELAND,HAG
HAGONDALE LIMITED,AIRNET,POW
"HAHN AIR-LINES GMBH, DREIEICH",ROOSTER,HHN
HAI AU AVIATION JOINT STOCK COMPANY,,HAI
"HAINAN AIRLINES HOLDING CO., LTD.",HAINAN,CHH
HAINAN AVIATION ACADEMY CO. LTD.,SUPERB,HNX
"HAINAN LILY JET CO., LTD.",AIR LILY,HZY
HAITI AIR FREIGHT,,HLS
HAITI AMBASSADOR AIRLINES,,HAM
HAITI AVIATION S.A. D/B/A AIR D'AYITI,HAITI AVIA,HAD
HAITI INTERNATIONAL AIR S.A.,HAITI INTERNATIONAL,HTI
HAITI INTERNATIONAL AIRLINE,HAITI AIRLINE,HRB
HAITI NATIONAL AIRLINES (HANA),HANAIR,HNR
HAITI NORTH AIRLINE,,HTN
HAITI TRANS AIR S.A.,HAITI TRANSAIR,HTC
HAITIAN AVIATION LINE S.A.,HALISA,HBC
HAK AIR LIMITED,HAK AIRLINE,HKL
HALA AIR,HALA EXPRESS,HTP
HALA AIR CO.,HALA AIR,HLH
HALCYON AIR CABO VERDE,CREOLE,HCV
HALLA SKY AIR,HALLA SKY,HSK
HAMLIN JET LTD,BIZJET,HJL
HAMSAL AIR SERVICES LIMITED,HAMSAL,HML
"HAND D AVIATION (TERRE HAUTE, IN)",WABASH VALLEY,WVA
HANG KHONG VIET NAM,VIET NAM AIRLINES,HVN
HANGAR 8 LTD,HANG,HGR
"HANHWA BUSINESS JET AIRLINES CO., LTD",HANMA,HAH
HANS AIRWAYS,SWARN,GKS
HANSEO UNIVERSITY,HAN-SEO FLIGHT,HSF
"HAPPY AIR TRAVELLERS CO., LTD",HAPPY TRAVEL,HPY
"HAPPY JET CO., LTD",HAPPY JET,HYJ
HAPPY LANDINGS (FLIGHT TRAINING),IQRA PAKISTAN,IQP
"HARBOR AIRLINES (OAK HARBOR, WA)",HARBOR,HAR
"HARCO AVIATION (HOUSTON, TX)",HARCO,HRC
HARLEY-DAVISON MOTOR COMPANY,HOG,HDM
HARTY AVIATION,HARTY,HAO
"HASKIN AVIATION, LLC",,HIA
HAUGHEY AIR LTD,NORBROOK,NBR
HAUTE AVIATION,HAUTE,HUE
HAVERFORDWEST AIR CHARTER SERVICES,POYSTON,PYN
HAVILAH AIR SERVICES,HAVILAH,HAV
HAWAIIAN AIRLINES,HAWAIIAN,HAL
HAWAIIAN GLOBETROTTER,AKAAL,LVA
"HAWKER BEECHCRAFT CORPORATION (WICHITA, KS)",CLASSIC,HKB
HAWKER BEECHCRAFT LTD,NEWPIN,RCJ
HAYA AVIATION SERVICES LIMITED,HAYA,HAY
"HE NAN AIRLINES CO., LTD",KUN PENG,KPA
HEAVY AIRLIFT WING,BARTOK,BRK
HEAVY LIFT CONGO,CONGO LIFT,HCO
"HEBEI AIRLINES CO., LTD",HEBEI AIR,HBH
"HEBEI HONGSHENG JET CO., LTD",BAOSHENG,HSJ
"HEBEI TONGHE GENERAL AVIATION CO., LTD.",VOODOO,EJE
HEBRIDEAN AIR SERVICES,HEBRIDEAN,HBR
HELENAIR (BARBADOS),HELEN,HCB
HELENIA HELICOPTER SERVICE APS,HELENIA,HHP
HELI AIR LTD,WHISPER,HLY
HELI AIR SERVICES,HELI BULGARIA,HLR
HELI AND CO S.A.,HELIANCO,HCC
HELI BERNINA AG,HELIBERNINA,HEB
HELI HOLLAND OFFSHORE B.V.,,FNI
HELI SECURITE,HELI SAINT-TROPEZ,HLI
HELI SERVICE INC.,,HSC
"HELI SERVICE INTERNATIONAL GMBH, BREMERHAVEN",HELISERVICE,HSO
HELI SKY,HELI MOUNT,HAC
HELI TRANSAIR EUROPEAN AIR SERVICES GMBH,HELI TRANSAIR,HTA
HELI UNION HELI PRESTATIONS,HELI UNION,HLU
HELI-AIR-MONACO,HELI AIR,MCM
HELI-ALPES SA,HELI ALPES,HIL
HELI-CHARTER LTD,HELI-CHARTER,HCK
HELI-HOLLAND B.V.,HELI HOLLAND,HHE
HELI-IBERICA FOTOGRAMETRIA S.L.,HIFSA,HIF
"HELI-IBERICA, S.A.",ERICA,HRA
HELI-TEAM AS,RED LIFT,RDL
HELIAIR SWEDEN AB,SWEDCOPTER,SWC
"HELIAMERICA DE MEXICO, S.A. DE C.V.",HELIAMERICA,HMC
"HELIAVIA-TRANSPORTE AEREO, LDA",HELIAVIA,HEA
HELIAVIATION LIMITED,CADDY,CDY
"HELIBRAVO AVIACAO, LDA.",HELIBRAVO,HIB
HELICAP,HELICAP,HLC
HELICAPITAL,HELICAPITAL,HLG
HELICENTRE LIVERPOOL LTD,FUSION,HLL
HELICHARTER WALES LTD,HELIWALES,HCS
HELICO APS,,HKO
HELICO DE MEXICO SA DE CV,HECOMEX,HEM
HELICOCEAN,HELIOCEAN,OCE
HELICOL. HELICOPTEROS NACIONALES DE COLOMBIA,HELICOL,HEL
HELICOPTER,HELI CZECH,HCP
HELICOPTER & AIRCRAFT SUPPORT SERVICES,PACKMAN,...
HELICOPTER & AVIATION SERVICES LTD,JOCKEY,JKY
HELICOPTER AIR TRAFFIC CONTROL,,ZHZ
"HELICOPTER OPERATIONS MEXICO, S. DE R.L. DE C.V.",HELI-CORP,HMO
HELICOPTER SERVICE MALTA LIMITED,HELIMALT,HSM
HELICOPTER SERVICES LTD,TOPCAT,TOA
HELICOPTER WORLD,HELIWORLD,HWH
HELICOPTER.PL S.A.,SKY COPTER,SCP
HELICOPTERFLIGHTS LTD,EAGLE,HCF
"HELICOPTEROS AERO PERSONAL, S.A. DE C.V.",HELIPERSONAL,HAP
HELICOPTEROS AGROFORESTAL LTDA.,AGROFORESTAL,HAA
"HELICOPTEROS DE CATALUNA, S.A.",HELICATALUNA,HDC
HELICOPTEROS DE GUATEMALA,,HCG
"HELICOPTEROS DEL CARIBE, C.A. (HELICA)",HELICA,HCH
"HELICOPTEROS DEL MARE NOSTRUM, S.A.",,HEF
"HELICOPTEROS EJECUTIVOS, S.A. DE C.V.",HELIJECUTIVO,HEV
"HELICOPTEROS INSULARES, S.L.",,HIC
"HELICOPTEROS PERSONALES, S.A.",HELI PER,BLM
"HELICOPTEROS Y VEHICULOS NACIONALES AEREOS, S.A. DE C.V.",HELINAC,HEN
HELIDOSA AVIATION GROUP,HELIDOSA,DMR
HELIDROME LTD T/A RED AVIATION,PASSION,PSH
"HELIEJECUTIVO, S.A. DE C.V.",HELIEJECUTIVO,HEE
HELIFLIGHT (UK) LIMITED,HELIFLIGHT,...
HELIJET INTERNATIONAL INC.,HELIJET,JBA
HELIJETIC AIR,HELTAIR,HJT
HELIPISTAS S.L.,HELIPISTAS,HLP
"HELIPORTUGAL - TRABALHOS E TRANSPORTE AEREO, REPRESENTACOES, IMPORTACAO E EXPORTACAO, LDA",HELIPORTUGAL,HPL
HELISCAN AS,HELISCAN,HSE
HELISERVICES (HK) LTD,VERTIFLIGHT,HSV
"HELISERVICIO, S.A. DE C.V.",SERVI HELI,HLV
HELISTAR,HELISTAR,HSR
HELISTAR SAS,HELISAS,HTS
HELISUL,BABCOCK,BBO
"HELISWISS IBERICA, S.A.",HELIBERICA,HSW
HELISWISS INTERNATIONAL AG,,HSZ
HELISYS JAPAN INC.,,NHS
"HELITAFE, S.A. DE C.V.",HELITAFE,HLT
HELITRANS AS,HELITRANS,HDR
"HELITRANSPYRINEES, S.L.",,HLB
"HELITT LINEAS AEREAS, S.A.",ALBORAN,HTH
HELIWHIZZ LTD,DARK STAR,...
HELIWORKS LTDA.,HELIWORKS,HLW
HELIX-CRAFT AVIATION,HELIX-CRAFT,HTB
HELLENIC AIR FORCE,HELLENIC AIR FORCE,HAF
HELLENIC ARMY,HELLENIC ARMY,HLA
HELLO JETS S.R.L,HELLOJETS,HLJ
HELVETIC AIRWAYS AG,HELVETIC,OAW
HENDELL AVIATION OY,HENDELL,HDL
HERA FLIGHT,HERA,HER
HERITAGE AVIATION DEVELOPMENTS LTD,FLAPJACK,HED
"HERITAGE AVIATION, INC. D/B/A HERITAGE FLIGHT, LLC (S. BURLINGTON, VT)",SNOWSHOE,SSH
"HERMEN'S MARKAIR EXPRESS (ST. MARY'S, AK)",SPEEDMARK,MRX
"HERON LUFTFAHRT GMBH & CO. KG, WALDSHUT-TIENGEN",HERONAIR,HRN
HESA AIRLINES,SEPAHAN,SPN
"HESTON AIRLINES, UAB",HESTON,HST
"HEUSSLER AIR SERVICE CORP (BUFFALO, NY)",HEUSSLER,HUS
HFIS - HAPPY FLIGHT INTERNATIONAL SUPPORT SARL,,HFI
HI AIR,HI AIR,HGG
HI FLY LTD,MOONRAKER,HFM
HI-JET HELICOPTER SERVICES N.V.,HIJET,HHS
HIBERNIAN AIRLINES,FINCH,HBN
HIELDS AVIATION,HIELDS,...
HILLWOOD AIRWAYS LLC,HILLWOOD,HWA
HIMALAYA AIRLINES PVT. LTD.,HIMALAYA,HIM
HINTERLAND AVIATION PTY LTD,HINTERLAND,HND
HIS MAJESTY THE SULTAN'S FLIGHT,,SFB
HISKY,SKY MOLDOVA,HYM
HISKY EUROPE,SKY EUROPE,HYS
HISPANICA DE AVIACION S.A.,HISPANICA,HSH
HK BELLAWINGS JET LIMITED,BELLAWING,BWJ
HKJ BERMUDA LTD.,,HBL
HL AIRCRAFT LLC,HOBBY JET,HOB
HM COASTGUARD,COASTGUARD,SRD
"HOKKAIDO AIR SYSTEM CO., LTD",NORTH AIR,NTH
"HOKURIKU-KOUKUU CO., LTD",,ABH
"HOLDING INTERNATIONAL GROUP, S.A. DE C.V.",HOLDING GROUP,HIN
"HOLIDAY AIRLINES, INC. (MORRISTOWN, NJ)",HOLIDAY,HOL
HOLIDAY EUROPE,HOLIDAY EUROPE,HES
"HOLMAN LEASING SYSTEMS, INC., PITTSBURGH JET CENTER ( ZELIENOPLE, PA)",PITTSBURGH JET,PJC
"HOLSTENAIR LUFTVERKEHRSSERVICE GMBH & CO. BETRIEBS-KG, LUEBECK",HOLSTEN,HTR
"HONDA AIRCRAFT COMPANY, INC. (GREENSBORO, NC)",HONDA TEST,HON
HONEYWELL INTERNATIONAL INC.,HONEYWELL,HNW
HONG KONG AIR CARGO CARRIER,MASCOT,HKC
HONG KONG AIRLINES CORPORATE JET MANAGEMENT LTD,,HKJ
HONG KONG AIRLINES LTD,BAUHINIA,CRK
HONG KONG DRAGON AIRLINES (HDA),DRAGON,HDA
HONG KONG EXPRESS AIRWAYS LTD,HONGKONG SHUTTLE,HKE
HONIARA CARGO EXPRESS,HONIARA CARGO,HEX
HOP!,AIR HOP,HOP
"HOP-A-JET, INC. (FT. LAUDERDALE, FL)",HOPA-JET,HPJ
"HOPSCOTCH AIR, INC. (FARMINGDALE, NY)",HOPSCOTCH AIR,HPK
"HORIZON AIR INDUSTRIES, INC.",HORIZON AIR,QXE
"HORIZON AIR SERVICE (HONOLULU, HI)",KOKO,KOK
HORIZON INTERNATIONAL FLIGHT ACADEMY,HORIZON ACADEMY,...
"HOTELES DINAMICOS, S.A. DE C.V.",DINAMICOS,HDI
HOZCA AVIATION S.A. DE C.V.,OZCA,HOZ
HPM INVESTMENTS LTD,FLITEWISE,HWD
"HTA HELICOPTEROS, LDA",HELIAPRA,AHT
"HTM HELICOPTER TRAVEL MUNICH GMBH, MUENCHEN",HELITRAVEL,HTM
"HUB AIRLINES, INC. (FT. WAYNE, IN)",HUB,HUB
"HUBEI SKY-BLUE INTERNATIONAL AVIATION ACADEMY CO., LTD",SKY BLUE,WLF
"HUBSCHRAUBER IM LUFTRETTUNGSDIENST, BERLIN",CHRISTOPH,CHX
"HUGHES FLYING SERVICE, INC. (MIAMI, FL)",HUGHES,GMH
"HUMMINGBIRD AVIATION, LLC (HAMMOND, LA)",TANGI,WHR
HUMO AIR,AKSAR,USW
HUNGARIAN AIRFORCE,HUNGARIAN AIRFORCE,HUF
HUNNU AIR,TRANS MONGOLIA,MML
HUZIMA,HUZIMA,HZM
"HYANNIS AIR SERVICE, INC. D/B/A CAPE AIR (HYANNIS, MA)",CAIR,KAP
HYDRO AIR FLIGHT OPERATIONS,HYDRO CARGO,HYC
HYDRO QUEBEC,HYDRO,HYD
HYPERION AVIATION LTD,HYPERION,HYP
I FLY AIR SOLUTIONS LTD,IFLYER,IFY
I FLY LTD,RUSSIAN SKY,RSY
I.A.A.C.A. (L.A.I.),AIR BARINAS,BNX
I.D.G. TECHNOLOGY AIR,INDIGO,IDG
I.J.M. INTERNATIONAL JET MANAGEMENT GMBH,JET MANAGEMENT,IJM
IAERO AIRWAYS DBA SWIFT AIR LLC,SWIFTFLIGHT,SWQ
IAMC PVT. LTD.,MY CHARTER,IMC
IAS ITZEHOER AIRSERVICE GMBH,FUNKY,FNK
IAS MEDICAL LTD,MEDOPS,MDI
"IASCO FLIGHT TRAINING (REDDING, CA)",MARMOT,MMY
"IBC AIRWAYS, INC. (MIAMI, FL)",CHASQUI,CSQ
"IBERFLY, S.L.",,MJB
"IBERIA - LINEAS AEREAS DE ESPANA, SOCIEDAD ANONIMA OPERADORA",IBERIA,IBE
IBERTOUR SERVICIOS AEREOS S.L.U.,IBERTOUR,IBR
"IBERWORLD AIRLINES, S.A.",IBERWORLD,IWD
IBEX AIR CHARTER,IBEX AIRLINES,IAC
IBEX AIR CHARTER S.A.R.L.,IBEX CHARTER,IBC
"IBEX AIRLINES CO., LTD",IBEX,IBX
IBEX-U.L. SP. Z.O.O.,SKYBEX,KBX
"IBK-PETRA, SUDAN",,AKI
IBL AVIATION LTD,CATOVAIR,IBL
IBOM AIRLINES LIMITED,IBOM,IAN
ICAR AIR,TUZLA AIR,RAC
ICARO,ICARO,ICD
"ICARO SERVICIOS AEREOS, S.L.",,ICW
ICELANDAIR,ICEAIR,ICE
ICELANDIC COAST GUARD,ICELAND COAST,ICG
ICONAIR (PVT) LTD,ICONAIR,ICN
ICS-AERO SM S.R.L.,INCHARTER,ICF
IFA-INSTITUTO DE FORMACAO AERONAUTICA,IFAJET,IFJ
"IFL GROUP, INC. (WATERFORD, MI)",EIFEL,IFL
IFLY S.A.,ICOPTER,IFM
IHY IZMIR HAVAYOLLARI A.S.,IZMIR,IZM
IKAROS FLY APS,IKAROS,IKR
IKI INTERNATIONAL AIRLINES,IKIAIR,IKK
IL CIOCCO INTERNATIONAL TRAVEL SERVICE SRL,CIOCCO,CIO
ILAN ARAD,ILAN ARAD,ILA
"ILERDAIR, S.L.",,ILD
"ILIAMNA AIR TAXI INC. (ILIAMNA, AK)",ILIAMNA AIR,IAR
"ILLINOIS DEPARTMENT OF TRANSPORTATION (SPRINGFIELD, IL)",IDOT,IDT
IMAGE AIR CHARTER LTD,BOOMERANG,BMG
"IMAGINE AIR JET SERVICES, LLC",IMAGINE,IMG
IMATONG AIRLINES LTD,IMATONG,IAL
"IMD AIRWAYS, S.L.",JETBULL,IMD
IMP GROUP LTD,CANADIANEXECAIRE,EXA
"IMPERATIVE PRODUCTIONS, LLC",HOPE AIR,HPE
"IMPERIAL AEROTRANSPORTE, S.A. DE C.V.",IMPERIALAEREO,IMI
"IMPERIALJET EUROPE GMBH, HALLBERGMOOS",JETCLIPPER,JTI
IMTREC AVIATION,IMTREC,IMT
INAC - INSTITUTO NACIONAL DE AVIACAO CIVIL,CIVILAIR,...
"INAER AVIONES ANFIBIOS, S.A.U.",ANFIBIOS,IAA
"INAER EUSKADI, S.A.",INAER EUSKADI,IEK
"INAER GALICIA, S.L.",INAER GALICIA,ING
INAER HELICOPTER PORTUGAL LDA,,IHP
"INAER HELICOPTEROS OFF-SHORE, S.A.",INAER OFFSHORE,IOF
"INAER HELICOPTEROS, S.A.",INAER HELICOPTEROS,INR
INDIA INTERNATIONAL AIRWAYS (P) LTD,INDIA INTER,IIL
INDIAN AIR FORCE,INDIAN AIRFORCE,IFC
INDIAN COAST GUARD (TATRAKSHAK MUKHYALAYA),TATRAKSHAK,...
INDOCHINA AIRLINES,INDOKHMER,IDO
INDOCHINA AIRLINES JOINT STOCK COMPANY,AIRSPUP,AXC
"INDONESIA AIR TRANSPORT, PT.",INTRA,IDA
"INDONESIA AIRASIA, PT.",WAGON AIR,AWQ
"INDUSTRIAS TITAN, S.A.",TITANLUX,ITN
"INFINIT AIR, S.L.",INFINIT,FFI
INFINITY FLIGHT GROUP,INFINITY,IFG
INFLITE THE JET CENTRE,,INS
INITIUM AVIATION,INITIUM,INI
"INNER MONGOLIA EXPRESS CO., LTD.",LARK AIR,IME
"INNER MONGOLIA NORTHERN EXPRESS GENERAL AVIATION CO., LTD",NORTHERN EXPRESS,BFK
INNOVATION FIRST,HEXBUG,BUG
INSEL AIR INTERNATIONAL N.V.,INSELAIR,INC
"INSIGNIA AVIACION, S.A. DE C.V.",SIGNIA,LVS
INSTITUTE OF AVIATION AT PARKLAND COLLEGE,ILLINI,ILU
INSTITUTO CARTOGRAFICO DE CATALUNA,CARTO,ICC
INTAIRLINE,INTAIRLINE,ITI
"INTEGRA MAP & GEOINFORMACION CONSULTING, S.L.",INTEGRA,INT
INTENSIVE CARE AIR AMBULANCE,SKY ANGELS,...
INTER AIR LINES (PTY) LTD SOUTH AFRICA,INLINE,ILN
INTER BUILD LLC,INTERBUILD,INB
INTER ILES AIR,INTER ILES,IIA
INTER ISLAND AIR CHARTER (MARSH HARBOUR),INTER AIR,IIC
INTER RCA,QUEBEC ROMEO,CAR
"INTER-AIR, INC. (DENVER, CO)",CAFEX,ITA
"INTER-ISLAND AIR, INC. (KAHULUI, HI)",UGLY VAN,UGL
"INTER-MOUNTAIN AIRWAYS (BOULDER, CO)",INTER-MOUNTAIN,IMA
"INTER-STATE AVIATION, INC. (PULLMAN, WA)",INTER-STATE,ITS
INTERCARIBBEAN AIRWAYS LTD.,ISLANDWAYS,IWY
INTERCITY AIR SDN BHD,INTERCITY,ICY
INTERCONTINENTAL AIRWAYS (GAMBIA) LIMITED,INTERCONTINENTAL,ICH
INTERCONTINENTAL DE AVIACION LTDA.,CONTAVIA,ICT
"INTERCOPTERS, S.A.",CHOPER,ICP
INTERFREIGHT FORWARDING LTD.,INTERFREIGHTER,IFF
INTERGLOBE AVIATION PRIVATE LTD (T/A INDIGO),IFLY,IGO
INTERGUIDE AIR LIMITED,DIVINE AIR,IGN
INTERJET S.R.L.,INTERJET,MTF
"INTERJET WEST, INC.",JET WEST,IJW
INTERLINK AIRLINES (PTY) LTD,INTERLINK,ITK
INTERNATIONAL AIR CARRIER ASSOCIATION (IACA),,ITC
INTERNATIONAL AIR TRANSPORT ASSOCIATION (IATA),,IAT
INTERNATIONAL AIRNAVIGATION SERVICE EAST,,VST
INTERNATIONAL CIVIL AVIATION ORGANIZATION (ICAO),,ICO
INTERNATIONAL FEDERATION OF RED CROSS AND RED CRESCENT SOCIETIES (IFRC),,RXC
"INTERNATIONAL FLIGHT RESOURCES, LLC (INDIAN RIVER SHORES, FL)",,IFR
"INTERNATIONAL FLIGHT TRAINING ACADEMY (BAKERSFIELD, CA)",IFTA,IFX
"INTERNATIONAL JET AVIATION SERVICES (ENGLEWOOD, CO)",I-JET,IJA
INTERNATIONAL NOTAM OFFICE,,YNY
INTERNATIONAL SOS WINDHOEK,SKYMEDIC,RSQ
INTERNATIONAL STABILISATION ASSISTANCE FORCE,,ISF
INTERNATIONAL TRANS-AIR LTD,INTRANS NIGERIA,ITH
"INTERNATIONAL TRIP PLANNING SERVICES, LLC (HOUSTON, TX)",,ITP
"INTERPORT CORPORATION (PORTLAND, ME)",INTERPORT,IPT
INVERSIONES HUCAVEN C.A.,HUCAVEN,HKV
"INVERSIONES MANDUCA, C.A.",INDUCA,INM
"INVERSIONES MORAIMA, C. A-.",INVERMOCA,IMO
INVERSIONES TIRYKA C.A.,TIRYKA,ICA
"INVERSIONES Y PROMOCIONES DUCOY, S.L.",DUCOY,DCY
INVICTA RADIO,INVICTA,...
"IRAERO, AIRCOMPANY",IRAERO,IAE
IRAN AIR TOURS CO.,AIRTOUR,IRB
IRAN ASEMAN AIRLINE,ASEMAN,IRC
IRAN HELICOPTER COMPANY,HELIRAN,IHC
IRAN NATIONAL AIRLINES CORP. (IRAN AIR),IRANAIR,IRA
IRAQ GATE,,IGC
IRAQI AIRWAYS,IRAQI,IAW
IRAQI PRIME MINISTER OFFICE,IRAQI PRESIDENTIAL FLIGHT,IPF
IRISH AIR CORPS,IRISH,IRL
"IRISH AVIATION AUTHORITY, FLIGHT CHECK DEPARTMENT",AUTHORITY,XMR
IROSE LTD.,IROSE,RSE
IRS AIRLINES,SILVERBIRD,LVB
IRVING OIL TRANSPORT LTD,KACEY,KCE
"ISLAND AIR (HONOLULU, HI)",MOKU,MKU
"ISLAND AIR CHARTERS, INC. (FT. LAUDERDALE, FL)",ISLAND FLIGHT,ILF
"ISLAND AIR EXPRESS (FRIDAY HARBOR, WA)",RAINBIRD,XYZ
ISLAND AIR LIMITED,MAL AIR,IML
"ISLAND AIR, S.A. DE C.V.",ISLANDMEX,ISI
"ISLAND AIRLINES, INC. (NANTUCKET, MA)",ISLAND,ISA
ISLAND AVIATION,SKY SURFER,DQA
ISLAND AVIATION AND TRAVEL LTD,ISLE AVIA,IOM
ISLAND AVIATION LTD,ISLAND FLYER,IAV
"ISLAND AVIATION, INC.",SORIANO,SOY
ISLAND DEVELOPMENT COMPANY LTD,ISLAND DEV,IDC
"ISLAND EXPRESS (FT. LAUDERDALE, FL)",SANDY ISLE,SDY
ISLAND EXPRESS AIR,ISLAND EXPRESS,EXP
ISLAND EXPRESS AIR INC.,ABBOTSFORD AIR,IAX
ISLAND OIL EXPLORATION LIMITED,ISLAND OIL,IOE
ISLAND WINGS INC,ISLAND HOP,ISH
ISLAND WINGS LIMITED,ISLAND WINGS,IWL
ISLAS AIRWAYS,PINTADERA,ISW
"ISLE GRANDE FLYING SCHOOL (HATO REY, PR)",ISLA GRANDE,IGS
"ISLENA DE INVERSIONES, S.A.",,ISV
ISLES OF SCILLY SKYBUS LTD,SCILLONIA,IOS
ISRAELI AIR-FORCE,,IAF
ISRAIR LTD,ISRAIR,ISR
ITALFLY S.R.L.,ITALFLY,ITL
ITALIA TRASPORTO AEREO S.P.A.,ITARROW,ITY
ITAPEMIRIM TRANSPORTES AEREOS,AEROITA,IPM
IVOIRIENNE DE TRANSPORTS AERIENS (I.T.A.),,IVN
"IVV FEMIDA, LTD",,FDF
IXAIR,X-BIRD,IXR
IZHAVIA,IZHAVIA,IZA
"J & P CORPORATE FLIGHTS, S.A. DE C.V.",CORP-FLIGHT,JYP
"J AND A PROPERTIES D/B/A SATSAIR, INC. (GREENVILLE, SC)",AEROCAB,SYK
J C BAMFORD (EXCAVATORS) LTD.,JAYSEEBEE,JCB
J D AVIATION,JAY DEE,JDA
"J P HUNT, INC., AIR CARRIERS (GENTRY, AR)",REFLEX,RFX
J.J. GRADIN AVIACION,,HEG
JACKSON FAMILY WINES,CRUSH,WNE
"JADE CARGO INTERNATIONAL CO., LTD",JADE CARGO,JAE
JAGSON AIRLINES LIMITED,,JGL
JAMAICA FAR EAST LIMITED,JAMAICA CARGO,JFE
JAMBOJET LIMITED,CHUI,JMA
"JANAIR, INC. (DALLAS, TX)",JANAIR,JAX
JANES AVIATION LTD,JANES,JAN
"JAPAN AIR COMMUTER CO., LTD.",COMMUTER,JAC
"JAPAN AIRLINES CO., LTD",JAPANAIR,JAL
"JAPAN GENERAL AVIATION SERVICE CO., LTD.",,JGA
"JAPAN TRANSOCEAN AIR CO., LTD.",JAI OCEAN,JTA
JASMIN AIRWAYS,JASMINE,JAW
"JAYAWIJAYA DIRGANTARA, PT.",WIJAYA AIR,JWD
JAZEERA AIRWAYS,JAZEERA,JZR
JAZZ AVIATION LP,JAZZ,JZA
JC (CAMBODIA) INTERNATIONAL AIRLINES,CAMBO,JCC
JEJU AIR,JEJU AIR,JJA
"JEPPESEN DATA PLAN, INC. (SAN FRANCISCO, CA)",,XLD
JEPPESEN UK LTD,JETPLAN,JPN
JET2.COM LTD,CHANNEX,EXS
"JET AIR GROUP, JOINT STOCK COMPANY",SISTEMA,JSI
JET AIR LTD,JETA,JEA
"JET AIRWAYS, M/S (INDIA) PVT LTD",JET AIRWAYS,JAI
"JET ASIA AIRWAYS CO., LTD",JET ASIA,JAA
JET AVIATION FLIGHT SERVICES (MALTA) LTD.,MALTA JET,JML
"JET AVIATION FLIGHT SERVICES, INC. (TETERBORO, NJ)",JET SETTER,JAS
"JET AVIATION, BUSINESS JETS AG",JETAVIATION,PJS
JET BUDGET,,JTB
"JET CHARTER, INC. (FRANKLIN LAKES, NJ)",JET CHARTER,JCT
JET CONNECT LTD,QANTAS JETCONNECT,QNZ
JET EDGE,JET EDGE,EDG
JET EKSEKUTIF TRAVYA,JETSET,CEO
JET EXCHANGE,EXCHANGE,XCH
"JET EXECUTIVE INTERNATIONAL CHARTER GMBH & CO. KG, DUESSELDORF",JET EXECUTIVE,JEI
"JET FREIGHTERS, INC. (PORTLAND, ME)",CASPER FREIGHT,CFT
JET IT,JET IT,JIT
JET LINE STP,,JLS
"JET LINX AVIATION, LLC (OMAHA, NE)",JET LINX,JTL
"JET LOGISTICS, INC. (RALEIGH, NC)",LOGISTICS,JLG
JET MANAGEMENT SAN MARINO S.R.L.,TRE TORRE,JMG
"JET OUT, LLC",CREAM CITY,CRE
JET POOL NETWORK LUFTVERKEHRS GMBH,JETPOOL,JPV
JET PORT REGION LLC,,JPK
"JET PORT SOUTH, LLC",,ILE
JET POWER ARUBA CHARTERS & TRANSPORTATION COMPANY V.B.A.,SPARTAN,JCA
JET READY,JET READY,JRY
JET SKY CARGO AND AIR CHARTER LIMITED,,FJX
JET STORY SP. Z.O.O.,JEDI,JDI
JET STREAM CHARTER KFT.,SUXAIR,VTB
JET STREAM INTERNATIONAL,,JSS
JET SUPPORT SERVICES LIMITED,AFRICAN QUEEN,JNS
"JET TEAM, INC. (GILBERT, AZ)",PHOENIX JET,PXJ
JET TEST INTL.,JET TEST,JTN
JET-2000,MOSCOW JET,JTT
"JET-A, LLC",PRE VAT,PRV
JET-CARE INTERNATIONAL LTD,JETCARE,...
JET-OPS,OPS-JET,OPS
JET-OPS EUROPE LTD,JET-EUROPE,JOE
JET-STREAM LTD,STREAM AIR,JSH
"JETAEROFUELS, LLC",,JRO
JETAIR CARIBBEAN (UNITED CARIBBEAN AIRLINES),JETAIR,JRC
JETBEE CZECH S.R.O.,JETBEE,JBC
"JETBLUE AIRWAYS CORPORATION (NEW YORK, NY)",JETBLUE,JBU
JETCALL GMBH & CO. KG,JETCALL,JCL
JETCAPITAL AVIATION,BIRDMAN,ILM
JETCLUB MALTA LIMITED,JETLINE,JLN
"JETFLIGHT SERVICES, S.A. DE C.V.",SERVIJET,JFS
"JETFLITE OY, FINLAND",JETFLITE,JEF
JETFLY AIRLINE GMBH,BLUE DANUBE,JFL
JETFLY AVIATION S.A.,MOSQUITO,JFA
JETGO AUSTRALIA HOLDINGS PTY LTD.,JETGO,JGO
JETICA,JETICA,JTC
JETKEY,JET KEY,KBD
JETKONTOR AG,JETKONTOR,JKH
JETLINK EXPRESS LIMITED,KEN JET,JLX
JETLITE (INDIA) LTD,LITE JET,JLL
JETMAGIC LTD,JET MAGIC,JMK
JETNETHERLANDS,JETNETHERLANDS,JNL
"JETNOVA DE AVIACION EJECUTIVA, S.A.",JETNOVA,JNV
JETOLOGY,JETOLOGY,JTY
"JETPORT SPB, LLC",,JPH
"JETPRO, S.A. DE C.V.",JETPRO,JPO
"JETRIDE, INC. D/B/A AIR NET PRIVATE CHARTER (COLUMBUS, OH)",WIND RIDER,WDR
"JETRIGHT AIR MANAGEMENT, LLC",JETRIGHT,JRT
JETS PERSONALES S.A.,JET PERSONALES,JEP
JETSMART AIRLINES PERU SAC,RED SMART,JAP
JETSMART AIRLINES S.A.,SMARTBIRD,JES
JETSMART SPA,ROCKSMART,JAT
JETSPLUS,SEQUOIA,JPL
JETSTAR AIRWAYS PTY. LTD,JETSTAR,JST
JETSTAR ASIA AIRWAYS PTE LTD,JETSTAR ASIA,JSA
JETSTAR HONG KONG AIRWAYS LIMITED,KAITAK,JKT
"JETSTAR JAPAN CO., LTD",ORANGE LINER,JJP
JETSTREAM AVIATION CONGO,CONGO RIVER,JSC
"JETSTREAM AVIATION INC (BOISE, ID)",SPOOLER,JSP
JETSTREAM EXECUTIVE TRAVEL LTD,VANNIN,JXT
JETTIME AS,JET TIME,JTD
JETWAYS AIRLINES,JETWAYS,JWX
"JF AIR TRAFFIC, INC.",FIKES,FIK
"JHONLIN AIR TRANSPORT, PT.",JHONLIN,JLB
JIANGSU JET CO. LTD.,SU JET,JSU
JIANGSU JINGDONG CARGO AIRLINES,JINGDONG,JDL
JIANGXI AIR COMPANY LIMITED,AIR CRANE,CJX
JIANGXI EXPRESS COMMUTER AVIATION CO. LTD.,FINDER AIR,KXA
JIGSAW PROJECT (BRISTOW HELICOPTERS LTD),JIGSAW,JSW
"JILIN FIRST INTERNATIONAL AVIATION ACADEMY CO., LTD",GALLANT,FUH
"JIM HANKINS AIR SERVICE, INC. (JACKSON, MS)",HANKINS,HKN
"JIM RATLIFF AIR SERVICE, INC. D/B/A RAS (COLUMBUS, MS)",SHANHIL,RAS
"JIN AIR CO., LTD",JIN AIR,JNA
"JINGGONG GLOBALJET (ZHEJIANG) JET CO., LTD",GLOBAL JINGGONG,JGJ
JINXIANG AIRLINES,COCONUT,JXX
JIVAIR AB,JIV AIR,JIV
JIVE AVIATION LP,HURON,JVE
"JM FAMILY AVIATION (FT. LAUDERDALE, FL)",TACOMA,TKM
JMC AIRLINES LIMITED,JAYEMMSEE,JMC
"JOHNSON AIR, INC. (BATAVIA, NY)",AIR JOHNSON,JHN
JOINT MILITARY COMMISSION (JMC) NUBA MOUNTAINS - SUDAN,JOICOMAIR,JMM
JOINT STOCK COMPANY AVIACOMPANY BYSKY,BEL SKY,BYS
JOINT-STOCK COMPANY NORDSTAR AIRLINES,TAIMYR,TYA
"JOMO AIR SERVICE CO., LTD",,JSV
JOON,JOON,JON
JORDANIAN ENTERPRISE FOR AIR NAVIGATION AND AVIATION SERVICES (JATE) - JORDAN AVIATION,JORDAN AVIATION,JAV
JOTA AVIATION LTD,ENZO,ENZ
"JOURNEY AVIATION, LLC",ROCK BAND,JNY
"JOY AIR CO., LTD",JOY AIR,JOY
JR INVESTMENTS T/A HALSTEDS AVIATION CORPORATION,BLUETIP,JRH
JS AIR (PRIVATE) LIMITED,JS CHARTER,JSJ
JS AVIATION,LIPERI,JSM
JSC AZIMUTH AIRLINES,AZIMUTH-DON,AZO
JSC KLASJET,CLASS LINE,KLJ
JSC UVT AERO,TAT-JET,UVT
JUBA CARGO SERVICES & AVIATION CO. LTD,JUBA CARGO,JUC
JUBBA AIRWAYS,JUBBA,JUB
JUBBA AIRWAYS (K) LIMITED,AIRJUB,JBW
JUBILEE AIRWAYS LTD,DUKE,DKE
JUBILEE AVIATION SUPPORT SERVICES LTD,JASS,BZP
"JUMP AVIATION, S.L.",,JUM
"JUNEYAO AIRLINES CO., LTD",AIR JUNEYAO,DKH
JUNG SKY,JUNG SKY,JSY
JUPITER AIRLINES LIMITED,JUPITER GAMBIA,JUA
JUSTICE AIR INC.,JOKER,JKR
JUTLAND JETS AIR TAXI A/S,JUTLAND,JUT
K2 AIRWAYS,CITY LINK,KTA
K5 TRANSPORT LOGISTICS (PTY) LTD T/A K5 AVIATION,ALL AFRICA,KVT
"K5-AVIATION GMBH, GAMMELSDORF",KAYAK,KAY
"K & R AVIATION, LLC",OPEN AIR,OPN
"K-MILE AIR CO., LTD",KAY-MILE AIR,KMI
K.S. AVIA,SKY CAMEL,KSA
KABO AIR TRAVELS,KABO,QNK
KABUL AIR,KABUL AIR,KBL
"KAISER AIR, INC. (OAKLAND, CA)",KAISER,KAI
"KALITTA AIR, LLC (YPSILANTI, MI)",CONNIE,CKS
KALITTA CHARTERS II LLC,DRAGSTER,KII
"KALITTA FLYING SERVICE, INC. (MORRISTOWN, TN)",KALITTA,KFS
KAM AIR,KAMGAR,KMF
"KAMAKA AIR, INC.",KAMAKA,KMK
"KANNITHI AVIATION CO., LTD",KANNITHI AIR,KND
"KANSAS HIGHWAY PATROL (TOPEKA, KS)",KANSAS,KAN
"KANSAS STATE UNIVERSITY (MANHATTAN, KS)",K-STATE,KSU
KAP.KG AIRCOMPANY LLC,BERKUT,KGS
KAPAJET,KAPAJET,KJE
KAPITAL AVIATION,BALADO,KPT
KARINOU AIRLINES,,KRN
KARLOG AIR CHARTER APS,KARLOG,KLG
KARTHAGO AIRLINES,KARTHAGO,KAJ
KARTHAGO PRIVATE JET,,KPJ
KARUN AIRLINES,KARUN,KRU
KATA TRANSPORTATION CO. LTD,KATAVIA,KTV
"KAUA TRANSPORTES AEREOS, S.A. DE C.V.",TRANSPORTES KAUA,KUA
"KAVOK AIRLINES, C.A.",CATATUMBO,KVA
"KAVOURAS, INC. (MINNEAPOLIS, MN)",,XKA
KAYA AIRLINES,KAMOZ,KYY
KAZ AIR JET JSC,KAZAIRJET,KEJ
"KC INTERNATIONAL AIRLINES CO., LTD",CAM AIR,KCH
KEEWATIN AIR,BLIZZARD,KEW
KELIX AIR,KELIX,KLX
KELOWNA FLIGHTCRAFT AIR CHARTER LTD.,FLIGHTCRAFT,KFA
KENLEY (RAF),KENLEY,KNY
"KENMORE AIR HARBOR, INC. (KENMORE, WA)",KENMORE,KEN
"KENMORE CREW LEASING, INC. (KEMMORE, WA)",HOLLAND AIR,HAE
KENN BOREK AIR LTD.,BOREK AIR,KBA
KENT STATE UNIVERSITY,KENT,KSF
KENYA AIRWAYS LTD.,KENYA,KQA
KERMAS AVIATION,KERMAS,KER
KEUK DONG DAE,KEUK DONG DAE,KDA
"KEY AIR, LLC (OXFORD, CT)",KEY AIR,KEY
"KEY LIME AIR (ENGLEWOOD, CO)",KEY LIME,LYM
KEY PUBLISHING (HOLDINGS) LTD,FLYPAST,...
"KEYSTONE AERIAL SURVEYS, INC. (PHILADELPHIA, PA)",FOOTPRINT,FTP
KGFM TRANSPORT AND LOGISTICS (PTY) LTD,CAMELOT,CMO
"KHAAN AIRLINES CO., LTD",,KHN
KHALIFA AIRWAYS,KHALIFA AIR,KZW
KHATLON AIR,KHATLON,KHT
KHAZAR,KHAZAR,KHR
"KHORIV-AVIA, STATE ENTERPRISE",KHORIV-AVIA,KRV
KHOZESTAN PHOTROS AIR LINES,PHOTROS AIR,KHP
KHYBER AFGHAN AIRLINES,KHYBER,KHY
KING AIR CHARTER,,RXX
"KING COBRA HELI-TAXI, S.A. DE C.V.",KING COBRA,KIC
KINGCRETE ASSOCIATES,BAHRIA TOWN,BTP
"KINGFISHER AIR SERVICES (SAN JUAN, PR)",SEA BREEZE,BEZ
KINGFISHER AIRLINES LIMITED,KINGFISHER,KFR
"KINGMAN AVIATION, INC. D/B/A GOLDEN PACIFIC AIRLINES (KINGMAN, AZ)",GOLD PAC,GPA
KINGMOOR AVIATION LTD,KINGMOOR,...
KINLOSS FTU,KINLOSS,KIN
KINNARPS,KINNARPS,KIP
KIRKNEWTON (RAF),KIRKNEWTON,KRT
KISH AIR,KISH AIR,KIS
"KITTY HAWK AIRCARGO, INC. (DALLAS-FT. WORTH, TX)",AIR KITTYHAWK,KHA
KLM CITYHOPPER BV,CITY,KLC
KLM ROYAL DUTCH AIRLINES,KLM,KLM
KN HELICOPTERS A/S,SHADOW,SHW
KNIGHTS AIRLINES LTD,KNIGHT-LINER,KGT
"KOANDA AVIACION, S.L.",KOANDA,KOA
KODA INTERNATIONAL LTD,KODA AIR,OYE
"KOLOB CANYON AIR SERVICES (CEDAR CITY, UT)",KOLOB,KCR
"KOMIAVIATRANS, OPEN JOINT STOCK COMPANY",KOMI AVIA,KMA
KORALBLUE AIRLINES,KORAL BLUE,KBR
KOREA AEROSPACE UNIVERSITY,HANGDAE,HGD
KOREA AVIATION CO. LTD,KOREA AVIATION,KVN
KOREA AVIATION COLLEGE,AVIATION COLLEGE,KAG
KOREA EXPRESS AIRLINES,KOREA EXPRESS,KEA
KOREA NATIONAL UNIVERSITY OF TRANSPORT,TRANSPORT UNI,KTU
"KOREAN AIR LINES CO., LTD.",KOREANAIR,KAL
KOSMOS,KOSMOS,KSM
KOSTROMA AIRENTERPRISE,KOSTROMA,KMW
KOVAR AIR,WOKAIR,WOK
"KRASAVIA, JOINT-STOCK COMPANY",SIBERIAN SKY,SSJ
KREMENCHUK FLIGHT COLLEGE,KREMENCHUK,KFC
"KROONK, AIR AGENCY LTD",KROONK,KRO
KSA CHARTERS LTD DBA JUNKANOO AIR,JUNKANOO AIR,JKN
KUDLIK AVIATION INC.,KUDLIK,KUK
KUDOS AVIATION,AIR KUDOS,KUD
"KUNMING AIRLINES CO., LTD",KUNMING AIR,KNA
"KURA-KURA AVIATION, PT.",KAY-AVIATION,KUR
KURZEMES AVIO LTD,,KZA
KUSH AVIATION CO. LTD,KUSH AVIATION,KUH
KUSTBEVAKNINGEN,SWECOAST,KBV
KUWAIT AIRWAYS CORPORATION,KUWAITI,KAC
KUWAIT NATIONAL AIRWAYS,WATANIYA,WAN
KUWAITI GOV.,KUWAITI GOV,KUG
KUYAKE AVIATION INC D/B/A CARIBBEAN COMMUTER AIRWAYS,CARIBBEAN COMMUTER,CRB
"KWENA AIR, SOUTH AFRICAN CHARTER",KWENA,KWN
KYUNGWOON UNIVERSITY,WHITE CLOUD,WCD
"L A B FLYING SERVICE (HAINES, AK)",LAB,LAB
L R AIRLINES LTD,LADY RACINE,LRB
L T E INTERNATIONAL AIRWAYS S.A.,FUN JET,LTE
"L-3 COMMUNICATIONS FLIGHT INTERNATIONAL AVIATION LLC (NEWPORT NEWS, VA)",RIPTIDE,RTD
L.C. BUSRE SAC,BUSRE,LCB
"L.J. ASSOCIATES D/B/A L J AVIATION (LATROBE, PA)",ELJAY,LJY
LA BAULE AVIATION,VALJET,VLJ
"LA COSTENA, S.A.",LACOSTENA,...
"LA NUEVA AEROLINEA, S.A.",WINGO PANAMA,WWP
"LABCORP, INC. (BURLINGTON, NC)",SKYLAB,SKQ
LABORAS AEREAS,LABORES AEREAS,...
LABORES AEREAS COMPANIA LTDA. (TAXI AEREO),TAXIAEREO,...
LAHAK,LAHAK,LHK
"LAKE HAVASU AIR SERVICE (LAKE HAVASU CITY, AZ)",HAVASU,HCA
LAKESIDE NI LTD,LAKESIDE,...
LAM - LINHAS AEREAS DE MOCAMBIQUE,MOZAMBIQUE,LAM
LAMIA,LAMIA,LMD
LAMINAR AIR S.L.,,LAX
LAMRA LTD,LAMAIR,LMR
LAN ARGENTINA S.A.,LAN AR,DSM
LAN CARGO S.A.,LAN CARGO,LCO
LAN PERU S.A.,LANPERU,LPE
LANEAS AEREAS TRANS COSTA RICA S.A.,TICOS,TCR
"LANMEI AIRLINES (CAMBODIA) CO., LTD",AIR LANME,MKR
"LANZA AIR, S.L.",AEROLANZA,LZA
LAO AIRLINES,LAO,LAO
LAO SKYWAY,LAVIE,LLL
LAPIN TILAUSLENTO OY,FINN FLIGHT,FNL
"LAREDO AIR (LAREDO, TX)",LAREDO AIR,LRD
LARRY CONNOR,WINDANCER,WND
LASTP-LINHAS AEREAS DE S. TOME E PRINCIPE (SAO TOME AND PRINCIPE AIRLINES),LASTP,OTN
LATINAMERICANWINGS S.A,LAHWINGS,JMR
LATVIAN AIR FORCE,LATVIAN AIRFORCE,LAF
LAUDA EUROPE LTD.,BEAUFORT,LDA
LAUDA MOTION GMBH,LAUDA MOTION,LDM
"LAWRENCE AVIATION, INC. (LAWRENCE, KS)",LAWRENCE,LAR
LAYANG-LAYANG AEROSPACE SDN. BHD.,LAYANG,LAY
LEADER S.R.L.,LEADER SERVICE,LSA
"LEADERSHIP IN FLIGHT TRAINING, LLC, DBA AS LIFT ACADEMY",LIFT,LTA
LEADING EDGE AVIATION LTD.,EDGE,LDG
LEAF - LEASE & FLY LTD,LOADSTAR,HFL
LEAIR CHARTER SERVICES LTD,LEE AIR,LSL
LEAP,LEAP,LPA
"LEASE FLY, S.A.",SKYLEASE,LZF
"LEASE-A-PLANE INTERNATIONAL (NORTHBROOK, IL)",LEASE-A-PLANE,LPL
LEAV,YODA,NGN
LEBANESE AIR TRANSPORT,LAT,LAQ
LEBANESE AIR TRANSPORT (CHARTER) CO. S.A.L.,LEBANESE AIR,LAT
"LEBANON AIRPORT DEVELOPMENT CORP. (WEST LEBANON, NH)",LADCO-AIR,LAD
LEBANON SKY AVIATION,LEBANON SKY,LSY
LEBAP,LEBAP,LEB
"LECONTE AIRLINES (WRANGELL, AK)",LECONTE,LCA
LEEMING FTU,JAVELIN,LEE
LEEWARD ISLANDS AIR TRANSPORT (1974) LTD.,LIAT,LIA
"LEGACY AIR CO., LTD",LEGACY AIR,LGC
"LEGACY AIRWAYS, LLC",LEGACY FREIGHT,LGF
LEGEND AIRLINES,LEGEND AIRLINES,LAL
LEGEND OF THE NILE AVIATION,MISR,LON
"LEGENDS AIRWAYS, LLC.",DEVIL RAY,DVY
LEICESTER AERO CLUB LIMITED,LESTER,...
LEISURE ONE FLY,LEONE,LIT
"LENTINI AVIATION, INC. (PONTIAC, MI)",LENTINI,LEN
LEO-AIR CC,LEO CHARTER,LOR
LEOAIR HOLDINGS (PTY) LTD,LEOAIR TRAINER,LOA
LEONARDO UK LTD,WESTLAND,WHE
LEONESA DE AVIACION S.L.,LEONAVIA,LEL
LEPL PROJECT LIMITED (AIR COSTA),LECOSTA,LEP
"LESORTEC, S.A. DE C.V.",LESORTEC,LST
LET'S FLY,LETSY,LLY
LET'S FLY HELICOPTER&JET,COCKTAIL,FIZ
LET'S FLY S.R.O.,LETS FLY,LTF
"LET'S JETT, INC",LETS JETT,LFG
"LETOURNEAU UNIVERSITY, SCHOOL OF AERONAUTICAL SCIENCE (LONGVIEW, TX)",JACKET,JKA
LEUCHARS,LEUCHARS,LCS
LEVU TRANSPORTE AEREO E LOGISTICA DE CARGAS LTDA,LEVU CARGO,LVU
LEXAIR CORPORATE AVIATION,LEXAIR,LEX
LG INTERNATIONAL CORPORATION,ELL-GEE AIR,LGI
"LGM ENTERPRISES, LLC",JET SHARE,JRE
"LIAONING MERIDIAN JET CO., LTD.",AIR RING,LNM
"LIBERTY JET MANAGEMENT (RONKONKOMA, NY)",LIBERTY JET,LRT
LIBYAN AIR AMBULANCE,LIBYAN AIR AMBULANCE,LYA
LIBYAN AIRLINES,LIBAIR,LAA
LIBYAN BLUEBIRD,LIBYAN BLUE BIRD,LBB
LIBYAN EXPRESS FOR AIR TRANSPORT,LIBYANEXPRESS,LXX
LIBYAN WINGS,LIBYAN WINGS,LWA
LIEBHERR-AVIATION GMBH,FAMILY,LHB
LIFE AIR LINHAS AEREAS S.A.,LIFE AIR,LFE
LIFE LINE AVIATION,AIR LIFE,LLK
LIFEFLIGHT AUSTRALIA PTY LTD,GUARDIAN,GDY
LIGHT AIRCRAFT ASSOCIATION OF THE CZECH REPUBLIC,,MOK
LIGNES MAURITANIENNES AIR EXPRESS,LIMAIR EXPRESS,LME
LIGNES NATIONALES AERIENNES - LINACONGO,LINACONGO,GCB
LINASER,LINASER,...
"LINCOLN, NE AIR NATIONAL GUARD (LINCOLN, NE)",,GDQ
"LINDQUIST INVESTMENT CO., LTD. D/B/A SUNWEST AVIATION (OGDEN, UT)",SUNNY WEST,SWS
LINEA AEREA CARGUERA DE COLOMBIA S.A.,,LAE
LINEA AEREA COSTA NORTE S.A.,COSTA NORTE,NOT
LINEA AEREA DE FUMIG. AGUAS NEGRAS S.A.,AGUAS NEGRAS,NEG
"LINEA AEREA DE SERVICIO EJECUTIVO REGIONAL, C.A.",LASER,LER
LINEA AEREA ECO JET S.A.,ECOJET,ECO
LINEA AEREA NACIONAL DE CHILE (LAN),LAN CHILE,LAN
"LINEA AEREA NACIONAL DE HONDURAS, S.A. DE C.V. (LANHSA)",,LNH
LINEA DE AEROSERVICIOS S.A.,,LSE
"LINEA TURISTICA AEREOTUY LTA, C.A.",AEREOTUY,TUY
LINEAS AEREAS CANEDO (LAC),CANEDO,LCN
"LINEAS AEREAS COMERCIALES, S.A. DE C.V.",LINEAS COMERCIALES,LCM
LINEAS AEREAS DEL SUR S.A.,LINSUR,LDS
LINEAS AEREAS SURAMERICANAS LTDA.,SURAMERICANO,LAU
LINEX,LECA,LEC
LINHAS AEREAS SANTOMENSES,SANTOMENSES,SMS
"LINK CONEXION AEREA, S.A. DE C.V.",CONEXION LINK,LCT
LINKOPINGS FLYGKLUBB,,LFK
LINKSAIR LTD,FASTLINK,LNQ
LINTON-ON-OUSE FTU,LINTON,LOP
LINXAIR D.O.O.,RAPIDLINX,LIX
"LION MENTARI AIRLINES, PT.",LION INTER,LNI
LIONEL AIR S.A.C.,LIONEL,LIO
LIONS AIR SKYMEDIA AG DBA LIONS AIR,LIONSAIR,LEU
LIONS AIR SKYMEDIA AG DBA SKYMEDIA,LIONS HELICOPTER,LAS
LIPICAN AER D.O.O.,LIPIZAN,LIP
LITHUANIAN AIR FORCE SAFETY DEPARTMENT,LITHUANIAN AIRFORCE,LYF
LITTLE RISSINGTON (RAF),RISSINGTON,RIN
LIVE OAK BANKING COMPANY,BIRD DOG,BOG
LIZ AVIATION,LIZLINES,LIZ
LIZ AVIATION SA,LIZAIR,LAZ
LLC AVIATION COMPANY ELERON,LOAD SHARK,VVA
LLC H3OPERATIONS,HELIOPS,UHO
LLC XENA,XENA,MRV
"LLOYD AEREO BOLIVIANO, S.A.",LLOYDAEREO,LLB
"LLOYD AVIATION, C.A.",AVIA LLOYD,LLD
LNAIR AIR SERVICES S.L.,ELNAIR,LNA
LOBAYE AIRWAYS,LOBAYE,LBA
"LOCAIR, INC. (FORT LAUDERDALE, FL)",LOCAIR,LOC
"LOCKHEED AIR TERMINAL, INC. (TAMUNING, GU)",,XLG
"LOCKHEED AIRCRAFT CORP. (BURBANK, CA)",LOCKHEED,LAC
LOCKHEED DUATS,,XDD
"LOCKHEED MARTIN (ASHBURN, VA)",,LHM
"LOCKHEED MARTIN AERONAUTICS (FORT WORTH, TX)",CATBIRD,CBD
"LOCKHEED MARTIN AERONAUTICS COMPANY (FORT WORTH, TX)",LIGHTNING,LNG
LOGAN AIR LIMITED,LOGAN,LOG
"LOGIC PAQ BTD, S.L.R.",CANA,SNA
LOGISTIC AIR SDN. BHD. D/B/A LOGISTIC AIR,LOGAIR,LGA
LOJY AIR,LOJY AIR,LOJ
LOM PRAHA FLYING SCHOOL,AEROTRAINING,CLV
LOMAS HELICOPTERS LTD,LOMAS,LMS
LONDON EXECUTIVE AVIATION LTD,LONEX,LNX
LONDON HELICOPTER CHARTERS LTD,LONDON EYE,LHC
LONDON HELICOPTER EMERGENCY MEDICAL SERVICE,MEDIVAC,...
LONE STAR COMMUNICATIONS,STARCOM,LSO
"LONGHORN AVIATION, LLC",SKY SHARE,CBC
"LONGJIANG AIRLINES CO., LTD",SNOW EAGLE,SNG
LONGTAIL AVIATION LTD,LONGTAIL,LGT
LORRAINE AVIATION,LORRAINE,LRR
LOS CEDROS AVIACION,CEDROS,LSC
LOSSIEMOUTH FTU,LOSSIE,LOS
LOT - POLSKIE LINIE LOTNICZE,LOT,LOT
LOT GROUND SERVICE SP. Z.O.O.,,LGS
LOT POLISH AIRLINES S.A.,HUZAR,HZR
LOTNICZE POGOTOWIE RATUNKOWE,RATOVNIK,LPR
"LOTT SHIP AGENCY, INC. (MOBILE, AL)",,LSH
LOTUS AIRLINE,LOTUS FLOWER,TAS
LOUTZAVIA CHARTERS CC,LAMINAR,LTZ
"LOWLEVEL, LDA",CUB DRIVER,LWL
"LUCKY AIR CO., LTD",LUCKY AIR,LKE
LUFT CARGO (PTY) LTD,LUGO,LUT
"LUFTHANSA CARGO AG, FRANKFURT (MAIN)",LUFTHANSA CARGO,GEC
"LUFTHANSA CITYLINE GMBH, KOELN",HANSALINE,CLH
"LUFTHANSA TECHNIK AG, HAMBURG",LUFTHANSA TECHNIK,LHT
LUFTTRANSPORT A/S,LUFT TRANSPORT,LTR
LUKE AIR,LUKE AIR,LKA
LUKOIL-AVIA,LUKOIL,LUK
LULUTAI AIRLINES LIMITED,TONGA,TON
LUMIWINGS,LUMI,LWI
"LUND UNIVERSITY SCHOOL OF AVIATION, TFHS",UNIVERSITY,UNY
LUXAIR - SOCIETE LUXEMBOURGEOISE DE NAVIGATION AERIENNE S.A.,LUXAIR,LGL
"LUXAVIATION E.A, S.A.",MASTERJET,LMJ
"LUXAVIATION GERMANY GMBH, BUEREN",LUX AVIATION,LXG
LUXAVIATION MALTA,LUQA,LXM
LUXAVIATION S.A.,RED LION,LXA
LUXAVIATION SAN MARINO S.R.L.,TITAN,LSM
LUXEMBOURG AIR AMBULANCE,LUX RESCUE,LRQ
LUXWING,LUXWING,LWG
LYDD AIR LTD,LYDDAIR,LYD
"LYNCH FLYING SERVICE, INC. (BILLINGS, MT)",LYNCH AIR,LCH
LYNDEN AIR CARGO,HIGHLANDS,LYB
"LYNDEN AIR CARGO, LLC",LYNDEN,LYC
LYNX AIR (1263343 ALBERTA INC.),DAUNTLESS,DAT
"LYNX AIR INTERNATIONAL (FORT LAUDERDALE, FL)",LYNX FLIGHT,LXF
"LYNX AVIATION, INC. (WESTMINSTER, CO)",SHASTA,SSX
"LYNX SERVICIOS AEREOS, S.A. DE C.V.",LYNX SERVICIOS,LXS
"M AND N EQUIPMENT, LLC D/B/A M & N AVIATION (CASPER, WY)",JONAH,JNH
M G AVIACION S.L.,MAG AVIACION,MGA
M JETS INTERNATIONAL SDN BHD,XPRESS KARGO,KXP
"M&N AVIATION (CAROLINA, PR)",WORLD CLASS,WYM
"MABE FLIGHTS, S.L.",MABE FLIGHTS,MBF
"MAC AVIATION, S.L.",MAC AVIATION,MAQ
MACAU JET INTERNATIONAL,MACAUJET,MMJ
MACK AIR,GREENTAIL,MKB
MADAGASCAR AIRLINES,MADAGASCAR AIRLINES,MGY
MADIKWE CHARTER CC,MADIKWE,MDK
"MADJET-TRANSPORTES AEREOS, S.A.",MADJET,MJT
MAE AIRCRAFT MANAGEMENT,RAHAL,MEN
MAERSK AIR CARGO A/S,WHITESTAR,SRR
MAGNA AIR,,MGR
"MAGNUM AIR (SKY JET), INC.",MAGNUM AIR,MSJ
MAHAN AIR,MAHAN AIR,IRM
MAHFOOZ AVIATION,MAHFOOZ,MZS
MAHOGANY AIR CHARTERS,HOGAN AIR,HOG
MAIBA AIRWAYS,BASSAMAT,NDJ
MAIL BONDED SERVICES INTERNATIONAL LIMITED T/A BONDED EXCURSIONS,SKY PUSHER,BDX
"MAINE AVIATION AIRCRAFT CHARTER LLC (PORTLAND, ME)",MAINE-AV,MAT
MAIS LINHAS AEREAS S.A.,DEMAIS,MLI
"MAJESTIC JET, INC. (FT. LAUDERDALE, FL)",MAJESTIC JET,MJI
MAK AVIATION SERVICES,,MKV
MAK.KG AIRLINES,MAK AIRLINES,MSK
MAKINS LTD,MAKIN,...
MAKLEE AIR,MAKLEE,MAK
MALAGASY AIRLINES,,MLG
MALAWI EXPRESS LIMITED,MALAWI EXPRESS,MLX
MALAWIAN AIRLINES 2014,MALAWIAN,MWI
MALAYSIA AIRLINES BERHAD,MALAYSIAN,MAS
MALETH AERO AOC LTD,MALETH,MLT
MALI AIR LUFTVERKEHR GESELLSCHAFT M.B.H.,MALI AIREXPRESS,MAE
MALINDO AIRWAYS SDN. BHD. DBA BATIK AIR,MALINDO,MXD
"MALL AIRWAYS, INC. (ALBANY, NY)",MALL-AIRWAYS,MLS
"MALONE AIRCHARTER, INC",MALONE,MAD
MALTA AIR,BLUE MED,MAY
MALTA MEDAIR,MALIT,MMO
MALTA WINGS CO. LTD,MALTA WINGS,MWS
MANAF INTERNATIONAL AIRWAYS,MANAF,MLB
MANAGEMENT UNIT OF NORTH SEA MATHEMATICAL MODELS (RBINS-MUMM),BELGIAN COASTGUARD,BCG
MANASIK AVIATION COMPANY,MANASIK,MNM
"MANDARIN AIR CO., LTD",AIR MANDA,MJC
MANDARIN AIRLINES,MANDARIN,MDA
MANHATTAN AIR LIMITED,MANHATTAN,MHN
MANN YADANARPON AIRLINES CO. LTD,MANN ROYAL,MYP
"MANNION AIR CHARTER, INC. (YPSILANTI, MI)",MANNION,MAN
MANTA AIR,MANTA AIR,...
MANTA AVIATION PVT. LTD.,SEA WING,MAV
MANX AIRLINES LTD.,MANX,MNX
MAP LINHAS AEREAS,MAP AIR,PAM
MARABU AIRLINES OU,MARABU,MBU
MARATHON AIRLINES,MARATHON,MTO
MARCOPOLO AIRWAYS,MARCOPOLO,MCP
MARGHI AIR LIMITED,MARGHI,MGI
MARHAM FTU,MARHAM,MRH
MARINA MILITARE ITALIANA,ITALIAN NAVY,MMI
MARITIME AND COASTGUARD AGENCY,BRITISH RESCUE,SRG
"MARITIME HELICOTPERS (HOMER, AK)",AIR MARITIME,MHF
"MARKAIR INC. (ANCHORAGE, AK)",MARKAIR,MRK
MARSHALL AEROSPACE,MARSHALL,MCE
MARSHALL UNIVERSITY BILL NOE FLIGHT SCHOOL,MARSHALL HERD,HRD
MARSLAND AVIATION,MARSLANDAIR,MSL
"MARTIN AVIATION SERVICES (MIAMI, FL)",,XMA
"MARTIN COMPANIES (KILGORE, TX)",MARTRANS,MRC
"MARTIN'S FAMOUS PASTRY SHOPPE, INC. (CHAMBERSBURG, PA)",HOAGIE,HGE
MARTIN-BAKER LTD.,MARTIN,MBE
MARTINAIR HOLLAND N.V.,MARTINAIR,MPH
"MARTINAIRE (ADDISON, TX)",MARTEX,MRA
MARTYN FIDDLER ASSOCIATES,SEAHORSE,MFA
"MARYLAND STATE POLICE (PIKESVILLE, MD)",TROOPER,TRP
"MASSACHUSETTS INSTITUTE OF TECHNOLOGY (LEXINGTON, MA)",RESEARCH,MTH
MASSEY UNIVERSITY SCHOOL OF AVIATION,MASSEY,MSY
MASSY AIRLINES,MASSYLINE,MIH
"MASTER PLANNER, INC.",,MPL
MASTER TOP LINHAS AEREAS LTDA.,MASTER,MST
MASWINGS,MASWINGS,MWG
"MATER LOGISTICS, LLC",TRACKHOUSE,TKH
MATROX AIR,MATROX,...
"MAURIA, SOCIETE MAURITANIENNE D'AVIATION",MAURIA,MIA
MAURITANIA AIRWAYS,MAURITANIA AIRWAYS,MTW
MAURITANIAN AIRLINES INTERNATIONAL,,MAI
MAURITANIENNE AERIENNE ET NAVALE,NAVALE,MNV
MAURITANIENNE AIR FRET,MAUR-FRET,MRF
MAURITANIENNE AIR WAYS,MAURITANIENNE,MWY
MAURITANIENNE DE TRANSPORT AERIEN,MAURI-TRANS,MDE
"MAVERICK AIRWAYS CORPORATION (DENVER, CO)",MAV-AIR,MVR
MAVI GOK HAVACILIK A.S,MAVI,MGH
MAX AIR LIMITED,MAXAIR NIGERIA,NGL
MAX AIR SA NIGER,MAX NIGER,MWN
MAX-AVIATION,MAX AVIATION,MAX
"MAXAIR CHARTER, INC DBA FLIGHT CHOICE",FLIGHT CHOICE,FCE
"MAXAIR, LLC",NORTHWOODS,NTW
"MAXIMUM FLIGHT ADVANTAGES, LLC (MIAMISBURG, OH)",MAXFLIGHT,MXF
MAXIMUS AIRLINES,MAXLINES,MXM
"MAY AIR XPRESS, INC. (EL DORADO, AR)",BEECHNUT,MXP
MAYA ISLAND AIR,MYLAND,MYD
"MAYAIR, S.A. DE C.V.",MAYAIR,MYI
"MAYO CLINIC (ROCHESTER, MN)",MAYO,MAO
MB AERO,AEROBEL,MBO
MB AIR LTD (T/A EAGLE HELICOPTERS),ZIGZAG,...
MBACHI AIR/GROUND SERVICES LIMITED,MBACHI AIR,MBS
"MBK-S, OPEN JOINT STOCK COMPANY",PILGRIM,PLG
MCC AVIATION (PTY) LTD,DISCOVERY,MCC
"MCCALL AVIATION, INC. (MCCALL, ID)",MCCALL,MKL
MCDAN AVIATION SAN MARINO S.R.L.,MACDAN,MDN
"MCMAHON HELICOPTER SERVICES, INC.",NIGHT RIDER,MMH
"MCNEELY CHARTER SERVICES, INC. (WEST MEMPHIS, AR)",MID-SOUTH,MDS
MCS AEROCARGA DE MEXICO S.A. DE C.V.,CARMEX,MCS
MD AIR LTD,METACHEM,MTM
MDL AVIATION INTERNATIONAL SERVICES,,MDZ
MDLR AIRLINES,,MDD
MED AIRWAYS,,MED
"MED JETS, S.A. DE C.V.",MEDSERVICE,MTS
"MED-TRANS OF FLORIDA, INC. (TAMPA, FL)",MED-TRANS,MEK
MED-VIEW AIRLINES (NIGERIA) LIMITED,MED-VIEW,MEV
MEDAIR CHARTER (PTY) LTD,MEDAIR,MDX
MEDAVIA COMPANY LTD,MEDAVIA,MDM
MEDICAL AIR RESCUE SERVICES (MARS),MARS,MRZ
MEDICAL AVIATION SERVICES LTD,MEDIC,MCL
"MEDIFLY, S.A. DE C.V.",MEDIFLY MEX,MFY
MEDITERRANEAN COASTAL AIRLINES LTD.,COASTAL CLIPPER,MCA
MEDSKY AIRWAYS,MEDSKY,MNS
MEGA LINHAS AEREAS,MEGA AIR,MEL
MEGAVIATION,SUNSKY,ARM
MEGIDO AVIATION,,MGV
MEL AIR LIMITED,KUDA,MDO
MELITAIR,MELITAIR,BNM
"MEMORIAL HERMANN HOSPITAL SYSTEM LIFE FLIGHT (HOUSTON, TX)",RED DUKE,RDK
MENAJET,MENAJET,MNJ
MERAJ AIRLINES,MERAJ AIRLINE,MRJ
MERCHANT EXPRESS AVIATION,MERCHANT,MXX
"MERCURY AIRCOURIER SERVICE (SALT LAKE CITY, UT)",MERCAIR,MEC
"MEREGRASS, INC.",QUAHADI,QHD
"MERIDIAN AIR CARGO, INC. (MERIDIAN, MS)",MERIDIAN,MRD
MERIDIAN AIR COMPANY,AVIAMERIDIAN,MMM
MERIDIAN AIRLINES LTD,HASSIMAIR,MHL
MERIDIAN LTD,MERIDIAN CHERRY,MEM
MERIDIANA AFRICA AIRLINES (U) LTD,UGAWINGS,UGB
"MERLIN AIRWAYS, INC. (BILLINGS, MT)",AVALON,MEI
MERSAL AIR CARGO,MERSAL,MZH
"MESA AVIATION SERVICES, INC. (FARMINGTON, NM)",AIR SHUTTLE,ASH
"MESABA AVIATION (GRAND RAPIDS, MN)",MESABA,MES
MESSRS AMBJEK AIRLINES LIMITED,AMBI AIR,...
MET DATA BANK,,YZY
MET EXPRESS AIR CORP.,METAVIA,AMM
META - MESQUITA TRANSPORTES AEREOS LTDA,META,MSQ
METEOROLOGICAL OFFICE,,YMY
METEOROLOGICAL RESEARCH FLIGHT,METMAN,MET
"METHOW AVIATION, INC. (EAST WENATCHEE, WA)",METHOW,MER
METRO BUSINESS AVIATION LTD,,MVI
"METRO EXPRESS, INC. D/B/A EASTERN METRO EXPRESS (ATLANTA, GA)",EMAIR,EME
"METROFLIGHT INC. (HOUSTON, TX)",METRO,MTR
METROJET LIMITED,METROJET,MTJ
METROJETS LLC,MATADOR,MTD
METRON AVIATION,,MHY
METROPOLITAN AVIATION,BLUERIDGE,BLR
METROPOLITAN POLICE FLYING CLUB,METPOL,...
"MEXICO TRANSPORTES AEREOS, S.A. DE C.V.",TRANSMEX,MXT
MGC AVIATION TA MALUTI SKY,MALUTI SKY,MSU
"MHS AVIATION GMBH, GRUENWALD",SNOWCAP,MHV
"MIAMI AIR CHARTER (MIAMI, FL)",HURRICANE CHARTER,HUR
"MIAMI AIR INTERNATIONAL, INC. (MIAMI, FL)",BISCAYNE,BSK
"MIAMI AIR LEASE, INC. (MIAMI, FL)",MIAMI AIR,MGD
"MIAMI VALLEY AVIATION, INC. (MIDDLETOWN, OH)",NIGHT OWL,OWL
MICHELIN AIR SERVICES,,BIB
"MICHIGAN AIRWAYS, INC. D/B/A DRUMMOND ISLAND AIR (DRUMMOND ISLAND, MI)",MICHIGAN,DRE
MICROMATTER TECHNOLOGY SOLUTIONS LTD,WIZARD,WIZ
MID AFRICA AVIATION,MID AFRICA,MFG
MID AIRLINERS,NILE,NYL
"MID-PACIFIC AIRLINES, INC. (HONOLULU, HI)",MID PAC,MPA
"MIDAMERICA JET, INC. (OWENSBORO, KY)",MAJOR,MJR
MIDDLE EAST AIRLINES - AIRLIBAN,CEDAR JET,MEA
"MIDDLE GEORGIA STATE UNIVERSITY (MACON, GA)",NIGHTTRAIN,NIT
MIDDLE TENNESSEE STATE UNIVERSITY (MTSU),BLUE RAIDER,MTU
"MIDLINE AIR FREIGHT (OWENSBORO, KY)",MIDLINE FREIGHT,MFR
"MIDWEST AIR FREIGHTERS (KANSAS CITY, KS)",FAIRFAX,FAX
MIDWEST AIRLINES,,MWA
"MIDWEST AVIATION (OMAHA, NE)",DOZER,DZR
"MIDWEST AVIATION DIVISION, INC. (MARSHALL, MN)",MIDWEST,MWT
"MIDWEST HELICOPTERS DE MEXICO, S.A. DE C.V.",HELICOPTERSMEXICO,HTE
"MIDWEST JET, LLC D/B/A REYNOLDS JET MANAGEMENT (CINCINNATI, OH)",REYNOLDS JET,RJE
MIDWEST WINGS,,MWW
"MILENIUM AIR SERVICIOS AEREOS INTEGRADOS, S.A. DE C.V.",MILCARGO,MSN
MILITARY FLIGHT OPERATIONAL CONTROL CENTRE,,YWY
MILITARY SERVICE OR ORGANIZATION,,YXY
"MILLEN CORPORATION, THE",MILLEN,RJM
MILLENNIUM AIR,NIGERJET,MLK
MILLENNIUM AIRLINES PRIVATE LIMITED,DEKKANLANKA,DLK
MILLESIME AVIATION,MILLESIME,MIM
MINAIR,ORMINE,OMR
"MINEBEA AVIATION CO., LTD",MINEBEA,EBE
MINISTRY OF AGRICULTURE FISHERIES AND FOOD,WATCHDOG,WDG
MINNESOTA MINING AND MANUFACTURING COMPANY,MINING,...
"MINSHENG INTERNATIONAL JET CO., LTD.",MINSHENG,MSF
MINSK AIRCRAFT OVERHAUL PLANT,LISLINE,LIR
"MINSON AVIATION, INC. D/B/A CALIFORNIA AIR SHUTTLE (OXNARD, CA)",CALIFORNIA SHUTTLE,CSL
"MINT LINEAS AEREAS, S.A.",MINT AIRWAYS,MIC
MIRA VISTA AVIATION,MIRA VISTA,MVJ
MISSIONS GOUVERNEMENTALES FRANCAISES,MARIANNE,MRN
"MISSISSIPPI STATE UNIVERSITY, MS",BULLDOG,BDG
"MISSISSIPPI VALLEY AIRWAYS, INC. (LACROSSE, WI)",VALAIR,MVA
"MITCHELL AERO, INC. D/B/A GAK/MITCHELL AERO, INC. (MILWAUKEE, WI)",GAK AVIATION,MTA
MITSUBISHI AIRCRAFT CORPORATION,ME TACK,MAJ
MJET GMBH,EM-EXPRESS,MJF
MJET LIMITED,,MIN
"MN AIRLINES, LLC, D/B/A SUN COUNTRY AIRLINES (MENDOTA HEIGHTS, MN)",SUN COUNTRY,SCX
MNG HAVAYOLLARI VE TASIMACILIK A.S.,BLACK SEA,MNB
MOCAMBIQUE EXPRESSO,MOZAMBIQUE EXPRESS,MXE
MODERN TRANSPORTE AEREO DE CARGA S.A.,MODERNAIR,MWM
"MOHAWK AIRLINES (ONEONTA, NY)",MOHAWK AIR,MOW
MOKA AIRWAYS,MOKA AIR,MKA
"MOKULELE AIRLINES (KAILUA'KONA, HI)",MAHALO,MHO
MOLDAEROSERVICE,MOLDAERO,MLE
MOMBASA AIR SAFARI LTD,SKYROVER,RRV
"MONARCH AIR GROUP, LLC (FT. LAUDERDALE, FL)",FREIGHT DOG,MFD
"MONARCH AIRLINES (GRAND JUNCTION, CO)",MONARCH AIR,MNH
MONARCH AIRLINES LTD.,MONARCH,MON
MONGOLIAN AIRLINES,MONGOL AIR,MGL
MONGOLIAN AIRWAYS CARGO,GREAT MONGOLIAN,MGW
"MONGOLYN ALT MAK CO., LTD",,NHN
"MONTAUK CARIBBEAN AIRWAYS, INC. D/B/A LONG ISLAND AIRLINES",LONG ISLAND,ORA
MONTENEGRO AIRLINES,MONTAIR,MGX
"MONTERREY AIR TAXI, S.A. DE C.V.",MONTERREY AIR,MTI
MONTSERRAT AIRWAYS LTD (T/A FLYMONTSERRAT),MONTSERRAT,MNT
MOONAIR,,MOO
"MOONEY AIRCRAFT CORPORATION (KERRVILLE, TX)",MOONEY FLIGHT,MNY
MORAY FLYING CLUB LIMITED,MORAY,...
MORNINGSTAR AIR INC.,MORNINGSTAR,MAL
"MORRISON FLYING SERVICE, INC. (HELENA, MT)",MORRISON,MRO
MOTAHIDA AVIATION,MOTAHIDA,MOT
MOTOR SICH,MOTOR SICH,MSI
MOUNT AIR CC T/A EMOYENI AIR CHARTER,SABIAN AIR,SBC
MOUNT COOK AIRLINE LTD,MOUNTCOOK,NZM
"MOUNTAIN AIR CARGO, INC. (DENVER, NC)",MOUNTAIN,MTN
"MOUNTAIN AIR EXPRESS, INC. (COLORADO SPRINGS, CO)",PIKES PEAK,PKP
"MOUNTAIN AIR SERVICE, INC (BIG BEAR CITY, CA)",MOUNTAIN AIR,BRR
"MOUNTAIN AVIATION, INC. (BROOMFIELD, CO)",FOOTHILLS,FTH
MOUNTAIN FLYERS 80 LTD,MOUNTAINHELI,MFB
"MOUNTAIN HIGH AVIATION (WALLA WALLA, WA)",MOUNTAIN HIGH,MHA
MOUNTHILL AVIATION RESOURCE SERVICES LTD.,MOUNTHILL,MHH
MOVE AIRCRAFT FLIGHT SOLUTIONS,MOVE FLIGHTS,MVE
MR LINES,,MRL
MT FLY,TELEJET,MTE
"MTC AVIACION, S.A. DE C.V.",MTC AVIACION,MCV
"MULTI TAXI, S.A. DE C.V.",MULTITAXI,MTX
MULTIFLIGHT LTD,YORKAIR,MFT
MULTIMEDIA ENTERTAINMENT GROUP AIR (PTY) LTD T/A MEGA,MAJESTIC AIR,MME
"MULTISERVICIOS AEREOS DEL VALLE, S.A. DE C.V.",MULTI VALLE,MLV
"MULTISERVICIOS AEREOS VIKINGO, C.A.",VIKINGO,VKO
MUSTIQUE AIRWAYS,MUSTIQUE,MAW
MY FREIGHTER,WHITEBIRD,MFX
MY INDO AIRLINES,INDO,MYU
MY JET XPRESS AIRLINES SDN BHD,WARISAN,NEP
MYAIRLINE SDN. BHD.,MYAIR,MYM
MYANMAR AIRWAYS INTERNATIONAL CO. LTD,MYANMAR,MMA
MYANMAR NATIONAL AIRLINES,UNIONAIR,UBA
"MYFLIGHT, S.A. DE C.V.",MY FLIGHT,MYF
MYFLUG H.F.,MYFLUG,MYA
MYWAY AIRLINES CO LTD,MY SKY,MYW
N D NEEDHAM,PAPA DOG,...
NACOIA LDA,AIR NACOIA,ANL
NAEW&C FORCE E-3A FLEET,NATO,NAG
NALJETS LTD,APEX,APX
NAMASTE AIR PVT. LTD,NAMASTE AIR,NME
NAMDEB DIAMOND CORPORATION NAMIBIA,DIAMONDJET,DMD
NAMIBIA COMMERCIAL AVIATION (PTY) LTD,MED RESCUE,MRE
NAMIBIA RESCUE SERVICES,E-MED,NMR
NAMIBIAN DEFENCE FORCE,NAMIBIAN AIRFORCE,NDF
"NANSHAN JET CO., LTD",NANSHAN,NSJ
"NANTUCKET AIRLINES (NANTUCKET, MA)",ACK AIR,ACK
NAOC,SECDEF,OSD
NASA MARS,INGENUITY,IGY
"NASHVILLE JET CHARTERS, INC. (NASHVILLE, TN)",NASHVILLE JET,NJC
NASJET PRIVATE AVIATION CO. LTD,,NJJ
NASS LLC,,NAW
NATALCO AIR LINES,NATALCO,NCO
"NATIONAL AERONAUTICS AND SPACE ADMINISTRATION (WASHINGTON, DC)",NASA,...
"NATIONAL AIR CARGO GROUP, INC. (YPSILANTI, MI)",NATIONAL CARGO,NCR
"NATIONAL AIR CHARTERS, INC.",SUNBIZ,JYA
NATIONAL AIR TRAFFIC CONTROLLERS ASSOCIATION (NATCA),NATCA,NTK
NATIONAL AIR TRAFFIC SERVICES LTD,SHERLOCK,RFI
NATIONAL AIRWAYS,NATIONAL,NAE
"NATIONAL AIRWAYS CORPORATION (HELICOPTERS) LTD, SOUTH AFRICA",AEROMED,LFI
NATIONAL AIRWAYS CORPORATION (PTY.) LTD.,NATCHAIR,NTN
NATIONAL AIRWAYS CORPORATION CAPE TOWN (PTY) LTD TRADING AS NATIONAL AIRLINES,KUSWAG,KUS
NATIONAL AVIATION COMPANY,,GTY
NATIONAL FLIGHT CENTRE LTD.,TRINITY,TYT
NATIONAL GRID CO,GRID,GRD
NATIONAL JET EXPRESS T/A JETEX,JETEX,JTE
NATIONAL JET SYSTEMS GROUP,NATIONAL JET,NJS
"NATIONAL JETS, INC.",EVERGLADES,EGS
"NATIONAL OCEANIC & ATMOSPHERIC ADMINISTRATION (TAMPA, FL)",NOAA,NOA
NATIONAL OVERSEAS AIRLINES COMPANY,NAT AIRLINE,NOL
NATIONALE REGIONALE TRANSPORT,,NRG
NATIREVA,NATIREVA,NTR
"NATIVE AMERICAN AIR AMBULANCE, INC. (MESA, AZ)",NATIVE,NVT
NATO ALLIANCE GROUND SURVEILLANCE (AGS),MAGMA,MAG
NATO NORTH ATLANTIC TREATY ORGANISATION,OTAN,OAN
NATO SUPPORT AND PROCUREMENT AGENCY,MULTI,MMF
NATURAL ENVIRONMENT RESEARCH COUNCIL,SCIENCE,EVM
NATUREAIR,NATUREAIR,NRR
NATURELINK CHARTER (PTY) LTD,NATURELINK,NRK
NAURU AIR CORPORATION,AIR NAURU,RON
NAV CANADA,NAV CAN,NVC
NAV FLIGHT PLANNING,NAV DISPATCH,NAV
"NAVEGACAO AEREA DE PORTUGAL, NAV, EP",,NVP
NAVID,NAVID,IRI
"NAVIERA MEXICANA, S.A. DE C.V.",NAVIERA,NVM
NAVTECH SYSTEMS SUPPORT INC.,,XNS
NAWRS AIR,,NUR
NAYSA SERVICIOS AEREOS S.L.,NAYSA,NAY
"ND AEROTAXIS, S.A. DE C.V.",ND AEROTAXIS,NDT
NECON AIR LTD,NECON AIR,NEC
NEDERLANDSE KUSTWACHT,NETHERLANDS COASTGUARD,NCG
NEDGISTIC EXPRESS SERVICES & AVIATION,NESA,FCS
NELLA AIRLINES LTDA,NELLA,NEL
NELSON AVIATION COLLEGE LTD,COLLEGE,CGE
NEOS S.P.A.,MOONFLOWER,NOS
NEPAL AIRLINES CORPORATION,ROYAL NEPAL,RNA
NERIC LIMITED,NERICAIR,NSL
NESMA AIRLINES,NESMA,NMA
NESMA AIRLINES SAUDI ARABIA,NESMA CONNECT,NSS
NESTOIL LIMITED,NESTAV,ANV
"NETFLIX, INC.",SUNSET,NFX
"NETJET INTERNATIONAL (EAST GRANBY, CT)",NETJET,NJT
NETJETS AIR TRANSPORT UK LIMITED,ARTISAN,NJU
"NETJETS AVIATION, INC. (COLUMBUS, OH)",EXECJET,EJA
NETJETS BUSINESS AVIATION LIMITED,NET BUSINESS,NEJ
"NETJETS, TRANSPORTES AEREOS S.A.",FRACTION,NJE
NETWORK AVIATION AUSTRALIA,NETLINK,NWK
NETWORK AVIATION SERVICES (NIG) LTD,NETWORK,NET
NETWORK MAPPING LTD,FLIGHTIMAGES,...
"NEW ENGLAND AIRLINES, INC. (WESTERLY, RI)",NEW ENGLAND,NEA
NEW HEIGHTS 291 (PTY) LTD,NEWHEIGHTS,NHT
"NEW JAPAN AVIATION CO., LTD",SHIN NIHON,NJA
NEW WAY CARGO AIRLINES LLC,NEW WAY CARGO,NWY
"NEW WORLD JET CORPORATION (RONKONKOMA, NY)",NEW WORLD,NWD
"NEW YORK STATE POLICE (ALBANY, NY)",GRAY RIDER,GRY
NEW ZEALAND DEFENCE FORCE,KIWI RESCUE,KRC
"NEWGEN AIRWAYS CO., LTD.",VIRGO,VGO
"NEXGEN FLIGHT SOLUTIONS, LLC",NEXGEN,XGN
NEXTNET,NEXTNET,NXT
NEXUS AVIATION LIMITED,NEXUS AVIATION,NXS
NEXUS FLIGHT OPERATIONS SERVICES,NEXUS,NXU
NG EAGLE LIMITED,AQUILA,XLE
NHT LINHAS AEREAS LTDA.,HELGA,NHG
NHV A/S,NEMO,NHD
NHV AVIATION,,NHV
NHV HELICOPTERS LTD,GOLD,NHZ
NICHOLAS R SIMMONS,CANOPY,...
"NICHOLAS SERVICES, LLC",STEEL JET,JTZ
NICON AIRWAYS LIMITED,NICON AIRWAYS,NCN
NIGER AIR CARGO,NIGER CARGO,NAB
NIGER AIRLINES,NIGER AIRLINES,NIN
NIGER AIRWAYS,SOLEIL NIGER,NWA
NIGERIA AIR,NIGERIA AIR,NWB
NIGERIAN AIR FORCE,NIGERIAN AIRFORCE,NGR
NIGERIAN GLOBAL,AIR GLOBAL,NGX
"NIKOLAEV-AIR, AIRLINE OF SPECIAL PURPOSE",AIR NIKOLAEV,NKV
NILE AIR,NILE BIRD,NIA
NILE SAFARIS AVIATION,NILE SAFARIS,NSA
NILE WINGS AVIATION SERVICES,NILE WINGS,NLW
NIMBUS,,HBB
"NINE AIR CO., LTD.",TRANS JADE,JYH
NINE STAR AIRWAYS CO. LTD.,AIR STAR,NSR
NINGXIA CARGO AIRLINES CO. LTD.,LINGBIRD,HTK
"NIPPON CARGO AIRLINES CO., LTD.",NIPPON CARGO,NCA
NIUAS/13 AEF,,UAI
NIZHNEVARTOVSKAVIA,VARTOVSKAVIA,NVK
NO LIMITS AIR,,NLM
NOAR LINHAS AEREAS,AIRNOAR,NRA
NOBLE AIR CHARTER,HIGHBORN,JLJ
"NOK AIRLINES PUBLIC CO., LTD",NOK AIR,NOK
NOKSCOOT AIRLINES CO. LTD.,BIG BIRD,NCT
NOLINOR AVIATION,NOLINOR,NRL
NOMAD AVIATION (EUROPE) LTD,VALLETTA,NUB
NOMAD AVIATION (PTY) LTD T/A BAY AIR AVIATION,NOMAD AIR,NMD
NOMAD AVIATION AG,NOMADJET,NUM
NOMADIC AVIATION GROUP,NOMADIC,OMD
"NONSTOP AVIATION (BOCA RATON, FL)",COOL BREEZE,CBZ
NOORDZEE HELIKOPTERS VLAANDEREN,EVO,NHX
NOR AVIATION,ROTORWING,ROW
NORD HELIKOPTER,NORD,NHE
NORD WIND LLC,NORDLAND,NWS
NORDEND SRL,NORDEND,NDD
"NORDESTE LINHAS AEREAS, S.A.",FLEX BRASIL,FFX
NORDIC AIR AMBULANCE A/S,DOCTOR,DOK
NORDIC REGIONAL AIRLINES OY,FINNCOMM,FCM
NORDIC SKY LIMITED,BAREFOOT,WET
NORDIC UNMANNED AS,NORDUN,NOU
NORDICA,NORDICA AIR,NDA
NORDICFLITE OY LTD,NORDIC BLUE,NFE
NORDURFLUG EHF,ROTOR,EHR
"NORESTAIR, S.L.",NORESTAIR,NRT
NORFOLK ISLAND AIRLINES,BOUNTY,BNY
NORLANDAIR,,FNA
NORMANDIE AVIATION,NORMANDIE,NDY
NORSE AIR CHARTER,NORSE AIR,NRX
NORSE ATLANTIC AIRWAYS AS,LONGSHIP,NBT
NORSE ATLANTIC UK LTD,LONGBOAT,UBT
NORSK LUFTAMBULANSE A/S,HELIDOC,DOC
NORTAVIA,TIC-TAC,RTV
"NORTH AMERICAN AIRLINES, INC. (JAMAICA, NY)",NORTH AMERICAN,NAO
"NORTH AMERICAN JET CHARTER GROUP, LLC (WHEELING, IL)",STARFISH,SFH
"NORTH ATLANTIC AIR, INC. (DANVERS, MA)",MASS AIR,NAT
NORTH CARIBOU FLYING SERVICE LTD.,NORTH CARIBOU,NCB
NORTH CAROLINA FOREST SERVICE,FIRETAC,FTK
"NORTH CENTRAL AVIATION, LLC (ST. PAUL, MN)",NORTH CENTRAL,NCJ
"NORTH COUNTRY AVIATION, INC. (GAYLORD, MI)",NORTH COUNTRY,NKT
NORTH EAST WEST SOUTH AIRLINES AB,NEWS,NES
NORTH FLYING A/S,NORTH FLYING,NFA
NORTH STAR AVIATION,MINN STATE,MVK
NORTH WRIGHT AIR LTD,NORTHWRIGHT,NWL
NORTH-EAST AIRLINES LTD,NORTHEAST SWAN,NEN
"NORTH-WESTERN CARGO INTERNATIONAL AIRLINES CO., LTD",TANG,CNW
"NORTHAIRE FREIGHT LINES LTD. (DAVISBURG, MI)",GREAT LAKES,NFL
NORTHAMPTONSHIRE SCHOOL OF FLYING LTD,NORTON,NSF
"NORTHEAST AVIATION, INC. (LANSING, IL)",RUN BITTY,BIT
NORTHEASTERN AVIATION CORPORATION,NORTHEASTERN,NEW
"NORTHERN AIR CARGO, INC. (ANCHORAGE, AK)",YUKON,NAC
NORTHERN AIR CHARTER (P.R.) INC.,NORTH LINK,NLI
"NORTHERN AIR TRANSPORT, INC. D/B/A SELECTJET",SELECTJET,JSL
NORTHERN EXECUTIVE AVIATION LTD.,NEATAX,NEX
"NORTHERN HELICOPTER GMBH, EMDEN",NORTHERN,NHC
"NORTHERN ILLINOIS FLIGHT CENTER, INC. (LAKE IN THE HILLS, IL)",ENJET,NUS
NORTHERN JET MANAGEMENT,NORTHERN JET,NJM
"NORTHERN SKIES AVIATION, INC. (LAUREL, MT)",NORTHERN SKIES,NSI
NORTHERN THUNDERBIRD AIR LTD.,THUNDERBIRD,NTA
NORTHERN WINGS SA,NORTHERN WINGS,NWH
NORTHUMBRIA HELICOPTERS LIMITED,NORTHUMBRIA,NHL
NORTHWAY AVIATION LTD,NORTHWAY,NAL
"NORTHWEST AERO ASSOCIATES, INC. (ELKO, NV)",,NWE
"NORTHWEST FLYERS, INC. (SCHAUMBURG, IL)",SECOND CITY,NWF
NORTHWESTERN AIR LEASE LTD.,POLARIS,PLR
NORTHWOOD HEADQUARTERS (RAF),,NWO
NORWEGIAN AIR ARGENTINA,NORUEGA,NAA
NORWEGIAN AIR INTERNATIONAL,NORTRANS,IBK
NORWEGIAN AIR NORWAY AS,NORSHIP,NAN
NORWEGIAN AIR SHUTTLE AOC AS,NORDIC,NOZ
NORWEGIAN AIR SHUTTLE AS,NOR SHUTTLE,NAX
NORWEGIAN AIR SWEDEN AOC AB,REDNOSE,NSZ
"NOTAMS INTERNATIONAL, INC. (PEACHTREE CITY, GA)",,XNT
NOUVEL AIR TUNISIE,NOUVELAIR,LBT
NOUVELLE AIR AFFAIRES GABON,NOUVELLE AFFAIRES,NVS
NOUVELLE AIR IVOIRE,AIRIVOIRE,VUN
NOVA AIRLINES AB,NAVIGATOR,NVR
NOVA AIRWAYS,NOVANILE,NOV
NOVA WEST AVIATION C.A.,NOVAWEST,WWN
NOVAIR,NOVAIR,NAI
NOVAJET (2106701 ONTARIO INC.),NOVAJET,NOJ
NOVO AIR,NOVO AIR,NVQ
NOWY PRZEWOZNIK SP. Z.O.O.,CENTRALWINGS,CLW
"NUSANTARA AIR CHARTER, PT.",NUSANTARA,SJK
NXT AIR LTD,NEXT AIR,NXA
"NXT JET, INC",KRYPTO,KPO
NYASA EXPRESS,NYASA,NYS
NYXAIR OU,NYX AIR,NYX
NZ WARBIRDS ASSOCIATION INC.,WARBIRDS,WAR
OASIS AIR,OASIS AIR,OGA
OASIS FLIGHT LTD,ORCHID,OAS
OCEAN AIR,BLUE OCEAN,BCN
OCEANAIR - LINHAS AEREAS LTDA.,OCEANAIR,ONE
OCEANIC AIR TRAFFIC CONTROL,OCEANA,ZOZ
OCL BARBADOS LTD,SOCA,OCL
ODENGENE AIR SHUTTLE SERVICES LIMITED,ODENGENE,OHS
ODESSA AIRCRAFT PLANT,,OAZ
OFEK,,OFK
OFFICE FEDERAL DE L'AVIATION CIVILE,FOCA,FOC
OGOOUE AIR CARGO,,GBO
"OHIO STATE UNIVERSITY FLIGHT EDUCATION DIVISION (COLUMBUS, OH)",SCARLET,OSU
OHL AIR CHARTERFLUG,DARK KNIGHT,ECA
OK AVIATION WINGS,NETFLIGHT,NTF
OK-TRANS LLC,,OKW
OKADA AIRLINES LIMITED,OKADA AIR,OKJ
OKAY AIRWAYS COMPANY LIMITED,OKAYJET,OKA
OKLAHOMA AVIATION DBA SOULBIRD,SOUL BIRD,OUL
"OKLAHOMA DEPARTMENT OF PUBLIC SAFETY, TROOP O (BETHANY, OK)",OKLAHOMA,OKL
OKLAHOMA STATE UNIVERSITY,OSTATE,OST
"OLD DOMINION FREIGHT LINES, INC. (THOMASVILLE, NC)",FREIGHT LINE,FET
OLT EXPRESS POLAND SP. Z.O.O.,WHITEKEKO,YAP
OLYMPIC AIR,OLYMPIC,OAL
OLYMPIC BROADCASTING SERVICES,OLYCAM,OBC
OLYMPUS AIRWAYS,OLYAIR,OLY
OMAN AIR,OMAN AIR,OMA
OMAN ROYAL FLIGHT,OMAN,ORF
"OMEGA AERIAL REFUELING SERVICES, INC.",OMEGA TANKER,OME
"OMEGA AIR HOLDINGS, LLC D/B/A FOCUS AIR (FT. LAUDERDALE, FL)",FOCUS,FKS
"OMNI - AVIACAO E TECNOLOGIA, LDA",OMNI,OAV
OMNI - BLU AVIATION,OMNIBLU,OMB
"OMNI AIR INTERNATIONAL, INC. (TULSA, OK)",OMNI-EXPRESS,OAE
"OMNI AIR TRANSPORT, LLC (TULSA, OK)",DRILLER,DRL
OMNI AVIATION TRAINING CENTER,OMNI TRAINING,ONI
OMNI TAXI AEREO S.A.,OMNI AIR,OMI
"OMNISKY, S.A. DE C.V.",OMNIFLYS,OMF
ON-TRACK AVIATION LTD,ON TRACK,OTK
ONE AIR LIMITED,HAMPTON,HGO
ONE AIRLINES,AIR DREAMS,ONS
ONE AIRWAYS,DREAMER,OEW
ONE CARIBBEAN LTD,VINCY,VCY
ONEJETONE AIRWAYS,OHJOH,OJO
ONESKY AVIATION SERVICES SPA (ONESKY CHILE),UNCIELO,OSC
ONUR HAVA TASIMACILIK AWMS,ONUR AIR,OHY
OPEN FLIGHT,OPEN FLIGHT,OFL
OPEN SKIES CONSULTATIVE COMMISSION (OSCC),OPEN SKIES,OSY
OPEN SKY AVIATION S.A.R.L.,,OSA
OPENSKIES,MISTRAL,BOS
OPERACIONES AVIACORE SA DE CV,AVIACORE,OPR
"OPERADORA DE LINEAS EJECUTIVAS, S.A. DE C.V.",OPERADORA,OLE
"OPERADORA DE VUELOS EJECUTIVOS, S.A. DE C.V.",OPERADORA DE VUELOS,OPV
"OPERADORA LLAMINMEX, S.A. DE C.V.",MINMEX,OLL
"OPERATIONAL SUPPORT AIRLIFT COMMAND (OSACOM) (FORT BELVOIR, VA)",J-PAT,JPA
OPERATIONAL SUPPORT SERVICES LTD,BRIGADE,...
ORANGE2FLY AIRLINES S.A.,ORANGESKY,OTF
"ORANGE AIR LLC (SANFORD, FL)",ORANGE JET,ORN
ORANGE AVIATION,ORANGE AVIATION,ORE
ORBEST,ORBEST,OBS
ORCA AIRWAYS LTD,ORCA,ORK
ORDOS GENERAL AVIATION CO. LTD.,SAKIRA,CYE
"ORGANIZACOES MAMBRA, LDA",MAMBRA,OML
ORGANIZATION NOT ALLOCATED A DESIGNATOR ON AN EXCLUSIVE BASIS,,YYY
ORIENT AIRLINES,ORIENTROC,OTR
ORIENT THAI AIRLINES,ORIENT THAI,OEA
"ORIENTAL AIR BRIDGE CO., LTD",ORIENTAL BRIDGE,ORC
ORIENTAL AIRLINES LIMITED,ORIENTAL AIR,OAC
ORION AIR CHARTER,ORION CHARTER,OED
ORION-X,ORIONIX,OIX
"ORIONAIR, S.L.",RED GLOBE,ORI
ORNGE AIR,PULSE,PUL
ORSCOM TOURIST INSTALLATIONS COMPANY,ORSCOM,OAD
ORSHA AIR,ORSHA,ORH
ORTAC AOC LTD,SKYWALKER,ORT
ORYXJET LTD,ORYSTAR,OJT
OSCAR JET,OSCARJET,OSJ
"OSLO POLITIDISTRIKT, HELIKOPTERTJENESTEN",HELIPOLICE,HEP
OSM AVIATION ACADEMY AB,SCAVAC,SCQ
OSTEND AIR COLLEGE,AIR COLLEGE,OCO
"OTT AIRLINES CO., LTD.",OTT AIRLINES,OTT
OUT OF THE BLUE AIR SAFARIS (PTY) LTD,OOTBAS,OOT
OVERLAND AIRWAYS LIMITED,OVERLAND,OLA
OVERSTAR S.R.L.,OVERSTAR,OCJ
OWENAIR (PTY) LTD,OWENAIR,OWE
OXFORD AVIATION ACADEMY,OXFORD,OXF
OXUS AIRWAYS,OXUS AIRWAYS,OXS
OYONNAIR,ROGUE,OYO
P & P FLOSS PICK MANUFACTURERS CC.,KNOTTSBERRY,KTL
"P D Q AIR CHARTER, INC. (PONTIAC, MI)",DISPATCH,PDQ
PACIFIC AIR EXPRESS (SOLOMON ISLANDS) LIMITED,SOLPAC,PAQ
PACIFIC AIR EXPRESS AUSTRALIA PTY LTD,PACIFIC,PCF
PACIFIC AIRLINES,PACIFIC AIRLINES,PIC
"PACIFIC ALASKA AIRLINES (FAIRBANKS, AK)",PACIFIC ALASKA,PAK
"PACIFIC AVIATION CORPORATION (LOS ANGELES, CA)",,PCX
"PACIFIC COAST AIRLINES (NEWPORT BEACH, CA)",SAGE BRUSH,PQA
"PACIFIC COAST JET (OAKLAND, CA)",PACK COAST,PXT
PACIFIC COASTAL AIRLINE,PASCO,PCO
"PACIFIC INTERNATIONAL AIRLINES, INC. (TUCSON, AZ)",ROAD RUNNERS,PIN
"PACIFIC ISLAND AVIATION, INC. (SAIPAN, MP)",PACIFIC ISLE,PSA
"PACIFIC JET, INC. (ANCHORAGE, AK)",PACIFIC JET,PCJ
"PACIFIC NORTHWEST, INC. (WILMINGTON, DE)",PAC JET,PNJ
PACIFIC SKY AVIATION INC,LONGVIEW,LVW
"PACIFIC SOUTHWEST AIRLINES, INC. (CARLBAD, CA)",SMILEY,PSX
"PACIFIC WINGS (PAIA, HI)",TSUNAMI,NMI
"PACIFICAIR AIRLINES (CORVALLIS, OR)",PACIFIC WEST,PFR
PACKAGE DELIVERY XPRESS LTD,PACKAGE EXPRESS,PDX
PAD AVIATION SERVICE GMBH,PAD AVIATION,PVD
"PAISAJES ESPANOLES, S.A.",PAISAJES,PAE
"PAK WEST AIRLINES, INC. (STOCKTON, CA)",PLATINUM WEST,PKW
PAKISTAN AVIATORS & AVIATION (PVT) LTD,NISHAT,NST
PAKISTAN INTERNATIONAL AIRLINES CORPORATION (PIA),PAKISTAN,PIA
PAKKER AVIO LTD,PAKKER AVIO,PKR
PAL AEROSPACE LTD,SPEEDAIR,SPR
PAL AIRLINES LTD,PROVINCIAL,PVL
PALAU AIRWAYS CORP.,PALAIRWAYS,PAU
PALAU ASIA PACIFIC AIRLINES,PALAU ASIAPAC,PPC
PALAU EXPRESS AIRLINES CORPORATION,PALAU EXPRESS,PXC
PALAU NATIONAL AIRLINES,TROPIC BIRD,PNA
PALAU TRANS PACIFIC AIRLINE,TRANS PACIFIC,PTP
PALESTINIAN AIRLINES,PALESTINIAN,PNW
PALLAS AVIATION,SANDSTONE,WDE
PALM AVIATION,,PAY
PAMBELE AVIATION,PAMBELE,PMX
PAMIR AIRWAYS,PAMIR,PIR
PAN AFRICAN AIRLINES LEASING COMPANY LTD,AFRIBEE,FBE
PAN AFRICAN AIRWAYS LTD,JETAFRICA,ODM
"PAN AIR, INC. (HOUSTON, TX)",PANNEX,PAX
"PAN AM WEATHER SYSTEMS (MINNEAPOLIS, MN)",,XPA
"PAN AM WORLD AIRWAYS DOMINICANA, CXA.",,PWD
"PAN AMERICAN AIRWAYS CORPORATION (DANIA, FL)",CLIPPER,PAA
PAN EUROPEENNE,SAVOY,EUP
PAN EUROPEENNE AIR SERVICE,,PEA
PAN HAVACILIK VE TICARET A.S.,PANANK,PHT
PAN MALAYSIAN AIR TRANSPORT,PAN MALAYSIA,PMA
PANAIR,SKYJET,PNR
"PANAMA AIRCRAFT RENTAL AND SALES, INC.",PANAMA RENTAL,RSL
"PANAMEDIA, S.L.",PANAMEDIA,PEI
PANAVIATIC,SOLAR,VPC
PANELLENIC AIRLINES,PANELLENIC,RJB
"PANH, JOINT-STOCK COMPANY",KUBAN LIK,PNH
PANNON AIR SERVICE LTD,PANNON,PHU
"PANORAMA AIR TOUR, INC. (HONOLULU, HI)",LANI,PAH
PANORAMA AIRWAYS,PANORAMA,UZP
PANORAMA AVIATION,PANO,PNO
PAPAIR TERMINAL S.A.,PAPAIR TERMINAL,HMP
PAPUA NEW GUINEA DEFENCE FORCE,DEFENCE,...
"PARADIGM AIR (DALLAS, TX)",PARADIGM,PMM
"PARADISE AIRWAYS, INC. (SMYRNA, TN)",SEA RAY,PAI
"PARAGON AIR EXPRESS, INC.",PARAGON EXPRESS,PGX
"PARAGON AVIATION LOGISTICS, INC. DBA CSM AVIATION",TIOGA,TOG
PARAGON GLOBAL FLIGHT SUPPORT,,PGF
PARAIR,PARAIR,PAB
PARAMOUNT AIRWAYS,PARAWAY,PMW
"PARCEL EXPRESS (DENVER, CO)",AIR PARCEL,APE
PARIZ AIR,PARIZAIR,IRE
PARS AIR,PARS SKY,PRS
PARS AVIATION SERVICE CO.,PARSAVIA,PRA
"PARSA, S.A.",TURISMO REGIONAL,PST
PARSIS,PARSIS,PIS
PARTNER JET INC.,PARTNERJET,PJT
PASSAREDO TRANSPORTES AEREOS S.A.,PASSAREDO,PTB
PATHFINDER AVIATION LLC,PATHFINDER,PAF
PATIENT AIRLIFT SERVICES,PALS HOPE,PLZ
PATRIA PILOT TRAINING OY,,PPT
"PATTERSON AVIATION COMPANY (SACRAMENTO, CA)",ENTEL,ETL
PAWAN HANS LIMITED,PAWAN HANS,PHE
PAYAM (AIR CENTER SERVICE),PAYAMAIR,IRP
PBM PHOTOGRAPHIC,FOTOGLIDER,...
PEACH AVIATION LIMITED,AIR PEACH,APJ
PEARL AIR SERVICES (U) LTD.,PEARL SERVICES,PBY
PEARL AIRWAYS COMPAGNE HAITIENNE,PEARL AIRWAYS,HPA
"PEARSON AVIATION CORPORATION D/B/A PAC AIR(NASHUA, NH)",PACAIR,PCR
PEAU VAVA'U LIMITED,PEAU,PVU
PECOTOX AIR,PECOTOX,PXA
PEGASE AVIATION,FLANA,PGV
"PEGASUS ELITE AVIATION, INC. (LAKE HAVASU CITY, AZ)",PEGJET,PEG
PEGASUS HAVA TASIMACILIGI A.S. (PEGASUS),SUNTURK,PGT
PEGASUS HELICOPTER AS,HELIFALCON,HAK
PEL-AIR AVIATION PTY LTD,PELFLIGHT,PFY
"PELITA AIR SERVICE, PT.",PELITA,PAS
PEN-AVIA LTD,PENDLEY,PDY
PENIAL AIR LIMITED,AIRPEN,PEL
"PENINSULA AIRWAYS, INC. (ANCHORAGE, AK)",PENINSULA,NLA
PENNINE HELICOPTERS LTD,PENNINE,PHG
"PENNSYLVANIA BUREAU OF FORESTRY - FOREST FIRE PROTECTION (HARRISBURG, PA)",PENN-FOREST,PBF
"PENNSYLVANIA COMMUTER AIRLINES, INC. (MIDDLETOWN, PA)",ALLEGHENY,ALO
PEOPLE'S LIBERATION ARMY AIR FORCE,PLAAF,CKJ
PEREGRINE AERIAL SURVEYS INC.,SEEKER,SEE
"PERFECT AVIATION, SA",PERFECT AVIATION,PEF
PERFORMANCE AIR LTD,PERFORMANCE AIR,PFC
PERFORMANCE AIR SAPI DE CV,AERONAUTIC,PRZ
"PERFORMANCE TRANSPORTACION, S.A. DE C.V.",PENTRA,PTS
PERIMETER AVIATION LTD.,PERIMETER,PAG
"PERLA AIRLINES, C.A.",PERLA,PLV
"PERRYCOOK FLIGHT SERVICES, LLC",JAY BIRD,PFS
"PERSONAS Y PAQUETES POR AIRE, S.A. DE C.V.",PERSONASPAQ,PPQ
PERUVIAN AIR LINE S.A.,PERUVIAN,PVN
PETER AIRLINES,PETER AIR,PMO
PETRO AIR,PETRO AIR,PEO
PETROLEUM AIR SERVICES,PAS AIR,PER
PETROLEUM HELICOPTERS DE COLOMBIA S.A.,HELICOPTERS,PHC
"PETROPAVLOVSK, CJSC",PAVLOVSK,PPV
PETROPAVLOVSK-KAMCHATSK AIR ENTERPRISE,PETROKAM,PTK
"PETTY TRANSPORT, LLC (GREENSBORO, NC)",PETTY,PTY
"PHANTOM SERVICES, LLC",RODNEY,RDY
"PHELPS COLLINS AVIATION D/B/A AVIATION NORTH (ALPENA, MI)",WOLVERINE,WLV
PHENIX AVIATION,NEW BIRD,PHV
PHENIX JET CAYMAN SEZC,DRAGON EYE,CPJ
"PHH AVIATION SYSTEMS, INC.",,XAS
"PHI, INC (LAFAYETTE, LA)",PETROLEUM,PHM
PHILIPPINE AIR LINES INC. (PAL),PHILIPPINE,PAL
PHILIPPINES AIRASIA INC.,COOL RED,APG
"PHILLIPS AIR (DEL RIO, TX)",BEACHBALL,BCH
"PHILLIPS ALASKA, INC. (ANCHORAGE, AK)",PADA,PDD
"PHILLIPS MICHIGAN CITY FLYING SERVICE, INC. (MICHIGAN CITY, IN)",PHILLIPS,PHL
PHOEBUS APOLLO AVIATION,PHOEBUS,PHB
"PHOENIX AIR GROUP, INC. (CARTERSVILLE, GA)",GRAY BIRD,GRB
"PHOENIX AIR TRANSPORT, INC. (PHOENIX, AZ)",PAPAGO,PPG
PHOENIX AVIATION LTD,JADESTAR,PHN
"PHOENIX EAST AVIATION, LLC.",JET EAST,JED
PHOENIX FLIGHT OPERATIONS LTD.,,XPX
PHOENIX HELICOPTER ACADEMY,BLACK PHOENIX,BPH
"PHS PREMIUM AVIATION AND HANDLING SERVICES, SOCIEDADE UNIPESSOAL LDA",PREMIUM,PSU
"PIEDMONT AIRLINES, INC. D/B/A HENSON AVIATION - USAIR FLORIDA SHUTTLE - USAIR EXPRESS (SALISBURY, MD)",PIEDMONT,PDT
"PIEDMONT AVIATION SERVICES, INC. D/B/A PACE AIRLINES (WINSTON-SALEM, NC)",PACE,PCE
PIER SEVEN AVIATION LIMITED,PIER JET,PSG
PILATUS FLUGZEUGWERKE AG,PILATUS WINGS,PCH
"PILATUS PC-12 CENTER DE MEXICO, S.A. DE C.V.",PILATUS MEXICO,PLU
PILBARA AIRLINES PTY. LTD.,PILBARA,PBA
PILOT FLYSKOLE,PILOT,PIP
PILOT TRAINING COLLEGE,MENTOR,PTC
"PILOT TRAINING NETWORK, GMBH, LAAGE",ROOKIE,PTO
PINEAPPLE AIR,PINEAPPLE AIR,PNP
"PINFRAMAT, LDA",PINFRAMAT,PIM
PINK SPARROW GMBH,SPARROW,SOW
"PINNACLE AIR GROUP (SPRINGDALE, AR)",PINNACLE GROUP,PCL
"PIONEER AIRLINES, INC. (DENVER, CO)",PIONEER,PIO
"PIRINAIR EXPRESS, S.L.",PIRINAIR EXPRESS,PRN
PIVOT AIRLINES,GREAT NORTH,GGN
PIXAIR SURVEY,PIXAIR,PXR
PLACAR LINHAS AEREAS S A,PLACAR,PLS
PLANAIR ENTERPRISES LTD,,PLE
PLANAR - SOCIEDADE DE AVIACAO CIVIL SARL,PLANAR,PLN
"PLANEMASTER SERVICES, INC. (WEST CHICAGO, IL)",PLANEMASTER,PMS
PLANET AIRLINES,PLANETCAM,PLQ
PLANET NINE PRIVATE AIR,PRIVATE AIR,PVA
PLANIFICACION Y SOLUCIONES AEREAS,PLYSA,PSY
PLATOON AVIATION GMBH & CO KG,PLATOON,PTN
"PLAYERS AIR, INC. (LAWRENCEVILLE, GA)",PLAYERS AIR,PYZ
PLM DOLLAR GROUP LIMITED,OSPREY,PDG
"PLUS ULTRA LINEAS AEREAS, S.A.",SPANISH,PUE
PLYMOUTH FLYING SCHOOL LTD,TAMAR,...
PLYMOUTH SCHOOL OF FLYING LTD,LIZARD,PSF
"POBEDA AIRLINES, LLC",POBEDA,PBD
"POCONO AIR LINES, INC. (EAST STROUDSBURG, PA)",POCONO,POC
POINT AFRIQUE NIGER SA,POINTAIR NIGER,PAZ
POINT AIRLINES LIMITED,POINT AIRLINE,RMI
POINTAIR BURKINA,POINTAIR BURKINA,PAW
"POLAR AIR CARGO WORLDWIDE, INC. (WASHINGTON, DC)",POLAR,PAC
POLAR AIRLINES OPEN JOINT-STOCK COMPANY,AIR SAKHA,RKA
"POLARIS AVIATION SOLUTIONS (TETERBORO, NJ)",COBALT,RPM
POLESTAR AVIATION,POLESTAR,PSR
POLICE AUX FRONTIERS,AIRPOL,POF
POLICE AVIATION SERVICES,SPECIAL,PLC
POLICE GRAND-DUCALE,POLICE LUX,...
POLICIA FEDERAL PREVENTIVA,POLICIA FEDERAL,PFP
POLISH AIR FORCE,POLISH AIRFORCE,PLF
POLISH AIR NAVIGATION SERVICES AGENCY,PAPUGA,PPU
POLISH NAVY,POLISH NAVY,PNY
"POLIZEIFLIEGERSTAFFEL NORDRHEIN-WESTFALEN, DUESSELDORF",HUMMEL,NRW
"POLIZEIHUBSCHRAUBERSTAFFEL BADEN-WUERTTEMBERG, STUTTGART",BUSSARD,PBW
"POLIZEIHUBSCHRAUBERSTAFFEL BAYERN, MUENCHEN",POLICE EDELWEISS,EDL
"POLIZEIHUBSCHRAUBERSTAFFEL BRANDENBURG, DIEPENSEE",ADEBAR,PBB
"POLIZEIHUBSCHRAUBERSTAFFEL HAMBURG, HAMBURG",LIBELLE,LIB
"POLIZEIHUBSCHRAUBERSTAFFEL HESSEN, EGELSBACH",IBIS,PHH
"POLIZEIHUBSCHRAUBERSTAFFEL MECKLENBURG-VORPOMMERN, ROSTOCK-LAAGE",POLICE MERLIN,PMV
"POLIZEIHUBSCHRAUBERSTAFFEL NEIDERSACHSEN, HANNOVER",POLICE PHOENIX,PPH
POLIZEIHUBSCHRAUBERSTAFFEL RHEINLAND-PFALZ FLUGPLATZ WINNINGEN,SPERBER,SRP
"POLIZEIHUBSCHRAUBERSTAFFEL SACHSEN, DRESDEN",PASSAT,PHS
"POLIZEIHUBSCHRAUBERSTAFFEL SACHSEN-ANHALT, MAGDEBURG",POLICE IKARUS,PIK
"POLIZEIHUBSCHRAUBERSTAFFEL THUERINGEN, ERFURT",HABICHT,HBT
POLO AVIATION LTD,CHUKKA,CUK
"POLYNESIAN AIR-WAYS (HONOLULU, HI)",POLYAIR,PLA
POLYNESIAN AIRLINE OPERATIONS LTD.,POLYNESIAN,PAO
POLYNESIAN BLUE,,PBL
POLYNESIAN BLUE,POLYBLUE,PLB
PONT INTERNATIONAL AIRLINE SERVICES N.V.,PONT,PSI
POOL AVIATION,POOLEX,PLX
PORSCHE AIR SERVICE GMBH,PORSCHE,POS
"PORT TOWNSEND AIRWAYS (PORT TOWNSEND, WA)",TOWNSEND,PTQ
"PORTEADORA DE COSOLA, S.A. DE C.V.",PORTEADORA,POR
PORTER AIRLINES INC.,PORTER AIR,POE
"PORTUGALIA, COMPANHIA PORTUGUESA DE TRANSPORTES AEREOS S.A.",PORTUGALIA,PGA
PORTUGUESE AIR FORCE,PORTUGUESE AIR FORCE,AFP
PORTUGUESE ARMY,PORTUGUESE ARMY,POA
PORTUGUESE NAVY,PORTUGUESE NAVY,PON
POSTE AIR CARGO S.R.L.,MISTRAL WINGS,MSA
"POTOSINA DEL AIRE, S.A. DE C.V.",POTOSINA,PSN
POUYA AIR LINES,POUYA AIR,PYA
PRADHAAN AIR EXPRESS,PRADHAAN,PRX
PRATT AND WHITNEY CANADA,PRATT,PWC
PRECISION AIR SERVICES LTD.,PRECISION AIR,PRF
PRECISION AIRCRAFT MANAGEMENT,PRECISION,PRE
PREDANNACK (RNAS),PREDANNACK,PDK
PREMIAIR AVIATION SERVICES LTD,PREMIERE,PGL
"PREMIER AIR, INC. DBA PREMIER PRIVATE JETS",ALLSTAR,MVP
PREMIER AVIATION GROUP LTD D/B/A SKYLAN AIRWAYS,SKYLAN AIRWAYS,SKA
"PREMIER FLIGHT CENTER, LLC",OZARK TECH,OZT
PREMIUM AIR SHUTTLE LTD,BLUE SHUTTLE,EMI
PREMIUM JET AG,PRIMEJET,PJZ
PREMIUM JET GMBH,PREMIUM JET,PJV
"PRESCOTT SUPPORT COMPANY (NASHVILLE, TN)",SUPPORT,PSK
PRESIDENCE DU FASO,,BFA
PRESIDENCIA DE MEXICO,PRESIDENCIA DE MEXICO,MXG
"PRESIDENTIAL AVIATION (FT. LAUDERDALE, FL)",PRESIDENTIAL,PRD
PRESIDENTIAL FLIGHT,SULTAN,AUH
"PRESIDIUM AVIATION, INC. (SUGAR LAND, TX)",,PTX
PRESTIGE AIR GROUP,PRESTIGE AIR,PGR
"PRIESTER AVIATION (WHEELING, IL)",PRIESTER,PWA
PRIMA AIR SDN. BHD,MAHSURI,HGM
PRIMA AVIATION S.R.L.,PRIMA AVIATION,SMP
"PRIMAC COURIER, INC. (ENGLEWOOD CLIFFS, NJ)",PRIMAC,PMC
PRIME AIR SERVICES LIMITED,PRIME NIGERIA,PML
"PRIME AIR, INC.(OCTERVILLE, MA)",PRIME AIR,PRM
PRIME AVIATION JSC,PRAVI,PKZ
"PRIME JET (SCOTTSDALE, AZ)",PRIMETIME,JPT
PRIME SERVICE ITALIA S.R.L.,PRIME ITALIA,PRT
PRIMERA AIR NORDIC LTD.,JETBIRD,PRW
PRIMERA AIR SCANDINAVIA,PRIMERA,PRI
PRIMERAS LINEAS URUGUAYAS DE NAVEGACION AEREA (PLUNA),PLUNA,PUA
"PRIMERO TRANSPORTES AEREOS, S.A. DE C.V.",AEREOPRIM,PMI
"PRINAIR, INC. (SAN JUAN, PR)",COLORBIRD,PRU
PRINCE AVIATION,PRINCE AVIATION,PNC
PRINCELY JETS (PVT),PRINCELY JETS,PJP
"PRINCETON AVIATION CORPORATION (PRINCETON, NJ)",PRINCETON,PCN
"PRIORITY AIR CHARTER, LLC (KIDRON, OH)",PRIORITY AIR,PRY
"PRIORITY AVIATION COMPANY, INC (KANSAS CITY, MO)",BANKCHECK,BCK
PRIV'AIR,PRIVAIR,PVR
PRIVAJET LTD,,PVJ
PRIVATAIR SAUDI ARABIA,PASA,PVS
PRIVATE AIRLINE SERVICES LTD,UNITED NIGERIA,NUA
PRIVATE AIRLINES SERVICES LTD,AIR PRIMUS,OZB
"PRIVATE JET EXPEDITIONS, INC. (ATLANTA, GA)",PEE JAY,PJE
"PRIVATE JET MANAGEMENT (ELYRIA, OH)",PRIVATE FLIGHT,PJA
"PRIVATE JETS, INC.",THUNDER WINGS,OKC
"PRIVATE WINGS FLUGCHARTER GMBH, BERLIN",PRIVATE WINGS,PWF
PRIVATEAIR INC.,FROSTY,FSY
"PRIVILEGE STYLE, S.A.",PRIVILEGE,PVG
PRIVIUM S.L. (EXCELAIR),PRIVIUM,VDC
"PRO AIR SERVICE (MIAMI, FL)",POP-AIR,PSZ
"PRO AIR, INC. (SEATTLE WA)",PROHAWK,PRH
"PRO AIRWAYS, LLC (PLYMOUTH, MA)",MINUTEMAN,MMN
"PRO-AIRE CARGO AND CONSULTING, INC. D/B/A PACCAIR (NEENAH, WI)",WISCAIR,WIS
"PROAIR AVIATION GMBH, FILDERSTADT",BRILLIANT,PAV
PROAVIATION,,IPO
PROBANA EXP.,PROBANA,...
"PROFESSIONAL EXPRESS COURIER SERVICE, INC.(SEATTLE, WA)",AIR PROFESSIONAL,PAD
PROFLIGHT AIR SERVICES LIMITED,PROFLIGHT-ZAMBIA,PFZ
"PROGRESS MULTITRADE CO., LTD",MULTITRADE,PMT
"PROJET AVIATION, LLC (WINCHESTER, VA)",PROJET,PJF
PROJETS AVIATION MALTA LTD,JETKIC,POM
PROJETS AVIATION SENEGAL SAS,PASS AVIATION,PEC
"PROMOTORA ALFESTIVAL, S.A. DE C.V.",ALFESTIVAL,PMF
"PROPAIR, INC",PROPAIR,PRO
PROPELLFLY AS,LIGHTBIRD,LBD
"PROPHETER CONSTRUCTION COMPANY, INC. D/B/A PROPHETER AVIATION (STERLING, IL)",AIR PROP,PPA
PROPSTAR AVIATION LTD,PROPSTAR,PPR
PROTEA COIN GROUP (PTY) LTD T/A COIN AVIATION,PROTEA COIN,PCI
PROTEUS HELICOPTERES,PROTEUS,PTH
"PROVIDENCE AIRLINE (COVENTRY, RI)",PLANTATION,PTL
PROVIDENCE AVIATION SERVICES (PVT) LIMITED,,AWD
"PROVINCE OF MANITOBA, AIR SERVICES BRANCH",MANITOBA,MBT
PRT AVIATION S.L.,PRONTO,PRP
PSA AIRLINES,BLUE STREAK,JIA
"PSI AIR 2007, INC.",SKY POWER,PHP
PSKOVAVIA,PSKOVAVIA,PSW
PT NAM AIR,NAMAIR,LKN
PT. BATIK AIR INDONESIA,BATIK,BTK
PT. FLYINDO AVIASI NUSANTARA,FLANDY,FYN
PT. INDONESIA AIR ASIA EXTRA,RED PHOENIX,IDX
PT. SUPER AIR JET,PROSPER,SJV
"PTL LUFTFAHRTUNTERNEHMEN GMBH, LANDSHUT",KING STAR,KST
"PUBLISERVICIOS AEREOS, S.A. DE C.V.",PUBLISERVICIOS,PSP
"PUBLIVOO, PUBLICIDADE E IMAGENS AEREAS, LDA.",PUBLIVOO,PUV
"PUEBLO BONITO AIR, S.A. DE C.V.",BONITO AIR,BAI
"PUER GENERAL AVIATION CO., LTD",LEAF AIR,GUC
"PUERTO RICO AIR MANAGEMENT SERVICES, INC. (SAN JUAN, PR)",PRAMS AIR,PRB
PUERTO RICO AIR NATIONAL GUARD,,PNG
"PUERTO VALLARTA TAXI AEREO, S.A. DE C.V.",TAXIVALLARTA,TXV
"PULKOVO AIRCRAFT SERVICES, CJSC",,PGH
PUMA LINHAS AEREAS LTDA,PUMA BRASIL,PLY
PUNITZ FLUGBETRIEB GMBH,PRATISE,PUN
PUNTA EUROPA AVIACION,AKIBA,PEM
PUNTO FA S.L.,MANGO,MGO
PURDUE UNIVERSITY,PURDUE,PDU
PURSUIT AVIATION,HORSEMEN,HRS
QA AVIATION S.R.O.,QUIET AVIATION,QAV
QANOT SHARQ,SHARQ,QNT
QANTAS AIRWAYS LIMITED,QANTAS,QFA
QANTASLINK,Q LINK,QLK
QATAR AIRWAYS GROUP Q.C.S.C.,QATARI,QTR
QATAR EXECUTIVE,QREX,QQE
QAZAQ AIR,SAMRUK,QAZ
QESHM AIR,QESHM AIR,QSM
"QINGDAO AIR EXPRESS GENERAL AVIATION CO., LTD",SEAGULL AIR,QBD
"QINGDAO AIRLINES CO., LTD",SKY LEGEND,QDA
"QINGDAO JIUTIAN INTERNATIONAL FLIGHT ACADEMY CO., LTD",JIU TIAN,QJT
"QUALIFLIGHT TRAINING, INC. D/B/A/ RAVEN AIR (FORT WORTH, TX)",RAVEN U-S,RVN
QUALITY FLY S.A.,,QFY
QUANTUM AIR S.A.,GANSUM,QTM
QUEEN AIR S.R.O.,QUEEN AIR,QNR
QUEEN BILQIS AIRWAYS,BILQIS,QBA
"QUEST DIAGNOSTICS (READING, PA)",LABQUEST,LBQ
"QUICK AIR JET CHARTER GMBH, KOELN",DAGOBERT,QAJ
QUIKJET CARGO AIRLINES PVT. LTD,QUIK LIFT,FQA
QUISQUEYA AIRLINES S.A.,QUISQUEYA,QAS
QURINEA AIR SERVICE,QURINEA AIR,QAQ
"R I C INC., D/B/A SKYMASTER AIR TAXI (LACONIA, NH)",SKY DANCE,SDD
"RA JET AEROSERVICIOS, S.A. DE C.V.",RA JET,RJT
"RABBIT WINGS AIRWAYS CO., LTD",THAI REGIONAL,TRB
RACE CARGO AIRLINES (NIG) LIMITED,SPEED CARGO,RCN
RADA AIRLINES,RADA,RDA
"RADER AVIATION, INC. (WHITE SULFER SPRINGS, WV)",GREENBRIER AIR,GBR
RAF GLIDING SQUADRON (CONVENTIONAL),SEDBURGH,GLS
RAF GLIDING SQUADRON (SLG),PREFECT,VGL
RAF SCAMPTON,SCAMPTON,SMZ
RAF-AVIA,MITAVIA,MTL
RAF-HQSTC (AIR TRANSPORT),ASCOT,RRR
RAFFLES GLOBAL ANGKASA,BLACK STONE,RGM
RAHILA AIRLINES,RAHILA,RIH
"RAINBOW AIR, C.A.",RAIN-BEE,TZR
RAINBOW AIRLINES,RAINDROP,RAT
"RAINBOW INTERNATIONAL AIRLINES, INC. (ST. THOMAS, US VI)",WEST INDIAN,WES
"RAM AIR FREIGHT, INC. (HILLSBOROUGH, NC)",RAM EXPRESS,REX
"RAM AIRCRAFT CORPRATION (WACO, TX)",RAM FLIGHT,RMT
RAM EXPRESS,EXPRESS MAROC,RXP
"RAMP 66 (NORTH MYRTLE BEACH, SC)",PELICAN,PPK
RANO AIR LTD,RANO AIR,RAN
"RAVEN AIR (ANCHORAGE, AK)",RAVEN AIR,RVA
RAVEN AIR LTD.,RAVEN,RVR
RAVENHEAT MANUFACTURING LTD,RAVENHEAT,...
RAVN AEROSPACE,HARBINGER,VUS
RAVN ALASKA (ANCHORAGE AK),RAVEN FLIGHT,RVF
RAYA AIRWAYS SDN. BHD.,RAYA EXPRESS,RMY
RAYANI AIR,BLUE GREEN,RKT
"RAYTHEON AIRCRAFT COMPANY (WICHITA, KS)",RAYTHEON,RTN
RAYYAN AIR PVT. LTD,RAYYAN INTERNATIONAL,RAB
RCS SERVICES LLC,EVER CLEAR,EVC
"REACH AIR MEDICAL SERVICES (SANTA ROSA, CA)",REACHMED,REH
REAL AERO CLUB DE BALEARES,BALEARES,RCB
REAL AERO CLUB DE JEREZ,,VCC
REAL AERO CLUB DE LEON,,LEH
REAL AERO CLUB DE REUS-COSTA DORADA,AEROREUS,CDT
REAL AERO CLUB DE VALENCIA,,RCL
REAL AERO CLUB DE VIZCAYA,,VCB
REAL AERO CLUB ZARAGOZA,,RAZ
REAL AEROCLUB DE GRAN CANARIA,GRANCA,RGK
REAL AEROCLUB DE LLEIDA,,RLC
REAL AEROCLUB DE MAHON,,MNK
REAL AEROCLUB DE NAVARRA,,RAY
REAL AEROCLUB DE SEVILLA,,ERS
REAL AEROCLUB DE TENERIFE,AEROCLUB,RCD
REAL AEROCLUB DE TOLEDO,,ATD
REAL AEROLUB DE MALAGA,,RAO
REAL TONGA AIRLINE,REAL TONGA,RLT
REBUS,REBUS,REB
RECTIMO AIR TRANSPORTS,RACCOON,RTO
"RECTRIX AVIATION, INC. (BEDFORD, MA)",RECTRIX,RIX
RED AIR,RED DOMINICANA,REA
RED ARROWS DISPLAY SQUADRON,RED ARROWS,SAK
RED BARN OPERATIONS,RED BARN,RDN
"RED BARON AVIATION, INC. (TAMPA, FL)",RED BARON,RBN
RED DEVILS PARACHUTE DISPLAY TEAM,RED DEVILS,DEV
RED ROCK FLIGHT SCHOOL,RED ROCK,ROK
RED SEA AIRLINES,RED SEA,RSX
RED SKY VENTURES CC,RED SKY,RSV
RED WING AEROPLANE COMPANY,REDLAKE,LAK
"RED WINGS, S.A. DE C.V.",ROJAS,RWN
"REDDING AERO ENTERPRISES, INC. (REDDING, CA)",BOXER,BXR
REDDOG AVIATION SERVICES,REDDOG,...
REDHILL AVIATION LTD,REDAIR,RHC
REDSTAR AVIATION,STAR CRESCENT,RHH
REEF AIR LTD (AIR TRANSPORT (CHATHAM ISLANDS) LTD),REEF AIR,REF
"REEVE AIR ALASKA, INC",REEVE,RVV
"REGENCY AIR, LLC (SANTA ANA, CA)",REGENCY,RGY
REGENCY JET,LITTLE JET,LJC
REGENT AIRWAYS,REGENT,RGE
"REGION AERO, LLC",,RAH
REGIONAL 1 AIRLINES LTD,TRANSCANADA,TSH
REGIONAL AIR,REGIONAL AIR,RGB
REGIONAL AIR,,RIL
REGIONAL AIR LIMITED,BLUERAY,RAW
REGIONAL AIR SERVICES,REGIONAL SERVICES,REG
REGIONAL AIR SERVICES,AEROTUZLA,RTZ
REGIONAL EXPRESS AMERICAS SAS - AVIANCA EXPRESS,AVAEXPRESS,AVR
"REGIONAL GEODATA AIR, S.A.",GEODATA,JJM
REGIONAL JET OU,REVAL,EST
REGIONAL LINHAS AEREAS LTDA,PASSARO,RGO
REGIONAL LINHAS AEREAS S/A,AERO REGIONAL,RZB
REGIONAL STATE UNITARY ENTERPRISE KHABAROVSK AIRLINES,KHABAROVSK,KHF
"REIGNWOOD ASIA AVIATION CO., LTD.",ASIA MEDICAL,ICU
"RELIANCE AVIATION (FORT LAUDERDALE, FL)",RELIANCE AIR,REL
"RELIANT AIR CHARTER, INC. (DANBURY, CT)",RELIANT,RLI
RELIEF TRANSPORT SERVICES LTD.,RELIEF,RTS
RELIGARE AVIATION LIMITED,MANTRA,...
RELY AS,REITAN,RTG
RENEGADE AIR LIMITED,RENEGADE,RNG
RENNIA AVIATION LLC,RENNIA,RNI
"RENOWN AVIATION, INC. (SANTA MARIA, CA)",RENOWN,RGS
REPETITIVE FLIGHT PLAN OFFICE,,ZBZ
"REPUBLIC AIRLINES, INC. (INDIANAPOLIS, IN)",BRICKYARD,RPA
REPUBLIC OF SINGAPORE AIR FORCE,SINGA,SAF
REPUBLIQUE GABONAISE,GABON VIP FLIGHT,...
RESCUE CO-ORDINATION CENTRE,,YCY
"RESORT AIR (BALTIMORE, MD)",RESORT AIR,RST
REUT AIRWAYS LTD,YADID,RUT
REVILO AEROSPACE LTD,REVILO,RLO
"RG AVIATION, C.A.",VOLON,RGV
"RHOADES AVIATION, INC. (COLUMBUS, IN)",RHOADES EXPRESS,RDS
RICARDO HEIN B. (AEROHEIN LTDA.),AEROHEIN,HEI
"RICH INTERNATIONAL AIRWAYS, INC. (MIAMI, FL)",RICHAIR,RIA
"RICHARDS AVIATION, INC. (MEMPHIS, TN)",RIVER CITY,RVC
"RICHARDSON'S AIRWAY, INC. (YAKIMA, WA)",RICHARDSON,RIC
"RICHLAND AVIATION (SIDNEY, MT)",RICHLAND,RCA
"RICHMOR AVIATION, INC. (HUDSON, NY)",COLUMBIA JET,RJC
RICHY SLYLARK PVT LTD.,,WHH
RICK LUCAS HELICOPTERS LTD,HELIPRO,HPR
RIGA AIRCLUB (LATVIAN PROFESSIONAL AIR SPORT CENTER),SPORT CLUB,RAK
RIKSPOLISSTYRELSEN,,POL
RIMBUN AIR,RIMBUN AIR,OEY
"RIMROCK AIRLINES, INC. (SPOKANE, WA)",RIMROCK,RIM
"RIO AIRWAYS (KILLEEN, TX)",RIO,REO
RIO BAKER,RIOBAKER,RBK
RIO LINHAS AEREAS LTDA,RIO LINHAS,RIO
"RIVAFLECHA, S.L. (BKS AIR)",RIVAFLECHA,CKM
RIVER MINISTRIES AIR CHARTER SERVICES (PTY) LTD,RIVER,RVM
RIVER STATE GOVERNMENT OF NIGERIA,GARDEN CITY,RGP
"RIVERSIDE CHARTER, LLC",JETLYFT,JLF
RIYADH AIR,RIYADH AIR,RXI
"RIZHAO RUIXIANG FLIGHT TRAINING CO., LTD.",AIDEN,RXF
RJM AVIATION,BONGOR,RKW
"RKC PROGRESS, AIR COMPANY",PROGRESS,PSS
RLA-RICO LINHAS AEREAS S/L,RICO,RLE
ROADRUNAIR AVIATION,SKY TOUR,MMU
ROBEX COLLECTION CENTRE,,YPY
"ROBLEX AVIATION, INC. (BAYAMON, PR)",ROBLEX,ROX
ROCKY MOUNTAIN AIRWAYS,ROCKY MOUNTAIN,RMA
"ROCKY MOUNTAIN HOLDINGS, L.L.C. (PROVO, UT)",LIFECARE,LIF
RODZE AIR LIMITED,RODZE AIR,RDZ
ROLLINS AIR S. DE R.L.,ROLLINS,RAV
ROLLRIGHT AVIATION LTD,ROLLRIGHT,RRZ
ROLLS ROYCE LTD.,ROYCAR,...
ROLLS ROYCE LTD. (BRISTOL ENGINE DIVISION),ROLLS,BTU
ROLLS ROYCE LTD. (MILITARY AVIATION),MERLIN,RRL
ROM CARGO AIRLINES,ROMCARGO,RCR
ROMANIAN AIR FORCE,ROMAF,ROF
RORAIMA AIRWAYS,RORAIMA,ROR
ROSE AIR LTD.,ROSE,REM
ROSSAIR (PTY) LTD,ROSS CHARTER,RSS
"ROSSIYA AIRLINES, JOINT STOCK COMPANY",ROSSIYA,SDM
"ROSWELL AIRLINES (ROSWELL, NM)",ROSWELL,RAL
ROTANA JET AVIATION,ROTANA,RJD
ROTOR ITALIA S.A.S. DI RUSPA PAOLA E.C.,ROTORITALIA,RTI
ROTORJET,MAVEX,RJJ
"ROTORSUN, S.L.",,RTH
"ROVER AIRWAYS INTERNATIONAL, INC. (PAGOSA SPRINGS, CO)",ROVERAIR,ROV
ROY RITTER SKY DIVE,SKY DIVE,ROY
ROYAL AIR (GAMBIA) LIMITED,,RGG
ROYAL AIR CARGO,ROYAL CARGO,RCG
"ROYAL AIR CHARTER SERVICE, INC.",DOUBLE GOLD,RYL
ROYAL AIR FORCE,RAFAIR,RFR
ROYAL AIR FORCE OF OMAN (AIR TRANSPORT),MAJAN,MJN
"ROYAL AIR FREIGHT, INC. (WATERFORD, MI)",AIR ROYAL,RAX
ROYAL AIR MAROC - COMPAGNIE NATIONALE DE TRANSPORTS AERIENS,ROYALAIR MAROC,RAM
"ROYAL AMERICAN AIRWAYS (TUCSON, AZ)",ROYAL AMERICAN,RLM
ROYAL AUSTRALIAN AIR FORCE,AUSSIE,ASY
ROYAL BAHRAIN AIRLINES BSC (CLOSED),ROYAL BAHRAIN,RYB
ROYAL BELAU AIRWAYS,ROYAL BELAU,RBL
ROYAL BRUNEI AIRLINES,BRUNEI,RBA
ROYAL CANADIAN MOUNTED POLICE (RCMP),STETSON,SST
ROYAL DAISY AIRLINES LTD,DARLINES,KDR
ROYAL ESWATINI NATIONAL AIRWAYS CORPORATION,ESWATINI,SZL
ROYAL ESWATINI NATIONAL AIRWAYS CORPORATION,ESWATINI,SZL
"ROYAL FLIGHT AIRLINES, CJSC",ROYAL FLIGHT,ABG
ROYAL JET,ROYALJET,ROJ
ROYAL JORDANIAN,JORDANIAN,RJA
ROYAL JORDANIAN AIR FORCE,JORDAN AIR FORCE,RJZ
ROYAL MALAYSIAN AIR FORCE,ANGKASA,RMF
ROYAL NAVY,NAVY,NVY
ROYAL NETHERLANDS AIR FORCE (KONINKLIJKE LUCHTMACHT),NETHERLANDS AIR FORCE,NAF
ROYAL NETHERLANDS NAVY (KONINKLIJKE MARINE),NETHERLANDS NAVY,NRN
ROYAL NEW ZEALAND AIR FORCE,KIWI,KIW
ROYAL NORWEGIAN AIR FORCE,NORWEGIAN,NOW
ROYAL OMAN POLICE,,ROP
ROYAL RWANDA AIRLINES,ROYAL RWANDA,RRA
ROYAL SAUDI AIR FORCE,ARSAF,RSF
"ROYAL SKYWAYS CO., LTD",ROYAL SKY,RSW
ROYAL SPIRIT AIRWAYS,ROYAL SPIRIT,SPW
ROYAL STAR AVIATION INC.,ROYAL STAR,RSM
"ROYAL WEST AIRLINES (LAS VEGAS, NV)",ROYAL WEST,RWE
ROYAL WINGS,ROYAL WINGS,RYW
ROYAL ZAMBIAN AIRLINES,ROYAL ZAM,QZR
ROYLAIR SERVICES LTD,FUGA,...
RP AIRCRAFT MANAGEMENT GMBH,AMIRA,AXA
"RPS SYSTEM CO., LTD.",GLOBAL THAI,GBJ
RS SERVICIOS DE TELEDETECCION,AIRSENSING,ASN
RTE / STH,ZELTRON,STH
RUBYSTAR,RUBYSTAR,RSB
RUC AIR SUPPORT UNIT,SCOUT,...
"RUGBY AVIATION, LLC DBA SAN JUAN AIRLINES",SAN JUAN,SJN
"RUILI AIRLINES CO., LTD",SENDI,RLH
RUMUGU AIR & SPACE NIGERIA LIMITED,RUMUGU AIR,RMG
"RUSAERO, CENTER FOR CIVIL AVIATION SERVICES",,KLE
"RUSICH-T, AIRCOMPANY CJSC",,RUH
"RUSJET, JOINT-STOCK COMPANY",RUSJET,RSJ
RUSLINE,RUSLINE AIR,RLU
RUSSAGRIF,RUSSAGRIF,...
"RUSSAIR AIRCOMPANY, CLOSED JOINT STOCK COMPANY",RUSSTAR,RUR
"RUSSIAN AIRCRAFT CORPORATION -MIG, FEDERAL STATE UNITARY ENTERPRISE",MIG AVIA,MIG
RUSSIAN FEDERATION AIR FORCE,RUSSIAN AIRFORCE,RFF
RUTA,,RTF
RUTAIR LIMITED D/B/A AIR LINK,COOL RUNNINGS,LJM
"RUTAS AEREAS, C.A.",RUTACA,RUC
RVL AVIATION LTD,ENDURANCE,REV
RWANDA AIRLINES,,RUA
RWANDA AIRWAYS,,RWA
RWANDAIR LTD.,RWANDAIR,RWD
"RWL GERMAN FLIGHT ACADEMY GMBH, MOENCHENGLADBACH",RHEINTRAINER,RWL
"RWS AVIATION, LLC",CARTILLION,TBO
"RYAN AIR, INC. (ANCHORAGE, AK)",RYAN AIR,RYA
"RYAN AVIATION CORPORATION D/B/A RYAN INTERNATIONAL AIRLINES (WICHITA, KS)",RYAN INTERNATIONAL,RYN
RYANAIR,RYANAIR,RYR
RYANAIR SUN S.A.,MAGIC SUN,RYS
RYANAIR UK LIMITED,BLUE MAX,RUK
"RYNES AVIATION, INC. (MELROSE PARK, IL)",RYNES AVIATION,RAA
S&S ORINOCO AVIATION C.A.,ORINOCO,SSO
"S.A.C. INDUSTRIES, LLC (BOZEMAN, MT)",SNOW SKI,SOK
S.C. AIR BUCHAREST TRANSPORT AERIAN S.R.L.,AIR BUCHAREST,BUR
S.C. NETEX CONSULTING S.R.L.,,MEX
S.C.ION TIRIAC S.A.,TIRIAC AIR,TIH
"S.P. AVIATION (HAYWARD, CA)",GOLDEN GATE,GDG
SA AIRLINK (PTY) LTD,LINK,LNK
SA AIRLINK REGIONAL (PTY) LTD,REGIONAL LINK,REJ
SA EXPRESS AIRWAYS,EXPRESSWAYS,EXY
SA RED CROSS AIR MERCY SERVICE,MERCY WING,AMD
SAAB AB,TARGET,TGT
SAAB-AIRCRAFT AB,SAAB-CRAFT,SCT
SABAHAIR AVIATION SDN. BHD.,SABAH AIR,SAX
"SABER AVIATION INC. (CHARLOTTE, NC)",FREIGHTER,SBR
SABINAIR AIR CHARTER,SABINAIR CHARTER,...
"SABRE, INC. (SOUTHLAKE, TX)",,SBG
"SACAICA, C.A.",CANAIMA,CIC
SAF HELICOPTERES,SAF,SHP
SAFAIR (PTY.) LTD,CARGO,SFR
SAFARI EXPRESS CARGO LIMITED,SAFARI EXPRESS,SXY
SAFARILINK AVIATION LIMITED,SAFARILINK,XLK
SAFAT AIRLINES,SAFAT AIR,IRV
SAFE AIR COMPANY,SINBAD,SAQ
"SAFE SERVICIOS AEREOS, S.A. DE C.V.",SAFE SERVICIOS,SFV
"SAFEWING AVIATION COMPANY, INC. (KANSAS CITY, MO)",SWIFTWING,SFF
SAFFRON AVIATION (PVT) LTD,CINNAMON,CIN
SAFI AIRWAYS,SAFI AIRWAYS,SFW
SAFIRAN AIRLINES,SAFIRAN,SFN
SAGOLAIR TRANSPORTES EJECUTIVOS S.L.,SAGOLAIR,SGP
SAHA AIRLINES SERVICES,SAHA,IRZ
SAHAND AIRLINES,SAHAND AIR,IRS
SAHARA AIRLINES,,SHD
SAHEL AIRLINES,SAHEL AIRLINES,AWJ
SAHEL AVIATION SERVICE,SAVSER,SAO
SAHIH AIRLINE LIMITED,SAHIH,JIG
SAINT BARTH COMMUTER,BLACK FIN,SBU
"SAINT JET CO., LTD.",SAINT JET,SAJ
SAINT LOUIS UNIVERSITY,BILLIKEN,BKN
SAKHIR AIR BASE,,KHB
"SALAIR, INC. (SEATTLE, WA)",SALAIR,SIR
SALAM AIR,MAZOON,OMS
SALAMA AIRLINES NIGERIA LIMITED,SALMA AIR,SLW
SALPA AVIATION CO. LTD. (SUDAN),SALPA,SLP
SALT AVIATION SP. Z.O.O.,SALTAVIATION,SVV
SALZBURGJETAVIATION GMBH,MOZART,MOZ
SAMAR AIR,SAMAR AIR,SMQ
SAMARITAN'S PURSE,SAM PURSE,NSP
"SAMPOERNA AIR NUSANTARA, PT.",SAMPOERNA,SAE
SAMSON AVIATION LTD,SAMSON,SHL
SAN CARLOS FLIGHT CENTER,BAY FLIGHT,BYF
SAN MARINO EXECUTIVE AVIATION S.R.L.,SERES,SMF
"SANBORN MAP COMPANY (COLORADO SPRINGS, CO)",SPRINGER,SMU
SANSAR AVIATION INTERNATIONAL,,SNZ
"SANTA BARBARA AIRLINES, C.A.",SANTA BARBARA,BBR
SAO PAULO AIR TRANSPORTS LTDA,SP CARGO,SCB
"SAPPHIRE AVIATION, INC. (WEST PALM BEACH, FL)",SAPPHIRE,SPP
SAPPHIRE EXECUTIVE AIR,SAPPHIRE-CHARTER,SPH
SAPSAN AIRLINE,SAPSAN,KGB
SAR - SERVICO AEREO REGIONAL,SAR-REGIONAL,MSG
SARDINIAN SKY SERVICE S.R.L.,SARDINIAN,SSR
SARIT AIRLINES,SARIA,SRW
SARK INTERNATIONAL AIRWAYS,SARK,JIM
SARSAT CENTRE,,ZSZ
SAS DANMARK A/S,,DEN
SAS LINK AB,DISCOVER,SVS
SAS SCANDINAVIAN AIRLINES NORGE AS,SCANOR,CNO
SASKATCHEWAN GOVERNMENT AIR AMBULANCE SERVICE,LIFEGUARD,SLG
SATA INTERNACIONAL - AZORES AIRLINES S.A,AIR AZORES,RZO
"SATENA, SERVICIOS DE AERONAVEGACION A TERRITORIOS NAC",SATENA,NSE
SATURN AVIATION,SATURN,STV
SAUDI ARABIAN AIRLINES,SAUDIA,SVA
SAUDI ROYAL AVIATION,SAUDI ARABIAN,SRA
SAUDIGULF AIRLINES,SAUDI GOLD,SGQ
SAVANAH AIRLINES LIMITED,SAVANAHLINE,SNI
SAVANAIR (ANGOLA) LDA.,SAVANAIR,SVN
"SAWYER AVIATION, LLC",SAWYER,SJA
SAXON AIR,SAXONAIR,SXN
SC AVIATION INC.,COLONY,COL
SC FLY LILI SRL,LILIES,LIL
SCAMBESCO CC TRADING AS CLOUD 9 AIR CHARTERS,MOTHERSHIP,CLC
SCANDINAVIAN AIRLINES IRELAND LIMITED DBA SAS CONNECT,SPINNAKER,SZS
SCANDINAVIAN AIRLINES SYSTEM,SCANDINAVIAN,SAS
"SCANWINGS OY, FINLAND",SKYWINGS,ABF
SCAT,VLASTA,VSV
SCD AVIATION,,SCY
SCENIC AIR (PTY) LTD,,ENR
"SCENIC AIRLINES, INC. (N. LOS VEGAS, NV)",SCENIC,SCE
SCHMIEDEL AIR SERVICE TCHAD,CHEETAH,SAB
"SCHUMAN AVIATION COMPANY LTD (HONOLULU, HI)",KALEO,KDS
"SCHWAN'S SHARED SERVICES LLC (MARSHALL, MN)",INCA,TNI
"SCHWEITZER ENGINEERING LABORATORIES, INC.",FRANKLIN,BEN
SCIENTIFIC INDUSTRIES (UK) LIMITED,HARVARD,...
SCOALA SUPERIOARA DE AVIATIE CIVILA,ROMANIAN ACADEMY,RFT
SCOOT PTE. LTD.,SCOOTER,TGW
SCOTIA HELICOPTER LIMITED,SCOTIA,...
"SCOTT AVIATION, LLC (FRESNO, CA)",SILVERSPEED,SIS
SCOTTISH AIRWAYS FLYERS LTD,SKYWORK,SKO
SEA AIR LTD.,SEA AIR,SIB
"SEABORNE AIRLINES (CHRISTIANSTED, USVI)",SEABORNE,SBS
"SEACOAST AIRLINES, INC. (CLEARWATER, FL)",SEA-COASTER,SCC
"SEAPORT AIRLINES, INC. (PORTLAND, OR)",SASQUATCH,SQH
SEARCA LTDA.,SEARCA,SRC
SECO INTERNATIONAL INC.,,SIJ
SECRETARIA DE MARINA,SECRETARIA DEMARINA,ANX
"SECURE AIR CHARTER, LLC (NASHVILLE, TN)",SECUREAIR,JCM
SECURITE CIVILE FRANCAISE,FRENCH RESCUE,FRU
"SECURITY AVIATION, INC. (ANCHORAGE, AK)",SECURITY AIR,SVX
"SEDALIA, MARSHALL, BOONVILLE STAGE LINE, INC. (DES MOINES, IA)",STAGE,STG
"SEDONA AIR CENTER (WEST SEDONA, AZ)",SEDONA AIR,SED
SELCON AIRLINES LTD,SELCON AIR,SEO
SENECA COLLEGE,STING,BZQ
SENOK AVIATION (PVT) LTD,AIR SENOK,MVS
SENOR AIR,SENIOR AIR,SEN
"SENTEL CORPORATION (NEWPORT NEWS, VA)",SENTEL,SEL
SENTRA AIRWAYS,MANTIS,SER
SEPEHRAN AIRLINES,SHIRAZI,SHI
"SERAIR TRANSWORLD PRESS, S.L.",CARGOPRESS,SEV
"SERAMI, C.A.",SERAMI,SRE
SERBIAN AIR FORCE,SERBIAN AIR FORCE,SRB
SERENE AIR,SERENE,SEP
"SERVIAEREO, S.A. DE C.V.",SERVIAEREO,SOC
"SERVICE PEOPLE GMBH, HAMBURG",,SPX
SERVICEAIR,NATAKHTARI,GYG
SERVICES AERIENS LATINO-AMERICAINS D/B/A SALSA S.A.,SALSA,SLC
SERVICIO AEREO DE LA GUARDIA CIVIL,,DGC
SERVICIO AEREO REGIONAL REGAIR CIA. LTDA.,REGAIR,RER
"SERVICIO AEREO SALTILLO, S.A. DE C.V.",SERVISAL,SES
SERVICIO DE VIGILANCIA AEREA DEL MINISTERIO DE SEGURIDAD PUBLICA,SEGURIDAD,MSP
SERVICIO SUPERIOR EJECUTIVO SA DE CV,SERVICIOS SUP,SPT
"SERVICIO TECNICO AERO DE MEXICO, S.A. DE C.V.",SERVICIO TECNICO,SDX
"SERVICIO Y MANTENIMIENTO TECNICO DQ, S.A. DE C.V.",MEXTECNICO,SDQ
SERVICIOS A LA NAVEGACION EN EL ESPACIO AEREO MEXICANO (SENEAM),SENEAM,XMX
"SERVICIOS AEREOS A&H, C.A.",SERVAY,AXH
"SERVICIOS AEREOS ACROSS, S.A. DE C.V.",ACRO JETS,ACW
"SERVICIOS AEREOS AUTOMOTRIZ, S.A. DE C.V.",SERVIAUTOMOTRIZ,SMO
"SERVICIOS AEREOS AVANDARO, S.A. DE C.V.",AVANDARO,VDO
"SERVICIOS AEREOS BIO PAPPEL, S.A. DE C.V.",LINEAS DURANGO,EDD
"SERVICIOS AEREOS CENTRALES, S.A. DE C.V.",CENTRA AEREOS,CEE
"SERVICIOS AEREOS CEU AZUL, C.A.",SACEU,VCU
"SERVICIOS AEREOS CORPORATIVOS, S.A. DE C.V.",AEROTRON,TRN
"SERVICIOS AEREOS COSTA CALIDA, S.L.",COSTA CALIDA,SCG
"SERVICIOS AEREOS DANDY, S.A. DE C.V.",DANDY,DDY
"SERVICIOS AEREOS DE CHIHUAHUA AEROCHISA, S.A. DE C.V.",AEROCHISA,AHI
SERVICIOS AEREOS DE LOS ANDES S.A.C.,SERVI ANDES,AND
"SERVICIOS AEREOS DEL ALTIPLANO, S.A. DE C.V.",ALTIPLANO,ATP
"SERVICIOS AEREOS DEL ATLANTICO, S.L.",SADAT,SDT
SERVICIOS AEREOS DEL VAUPES LTDA.,SELVA,SDV
SERVICIOS AEREOS E INMOBILIARIOS ASI SA DE CV,SAISA,LMP
"SERVICIOS AEREOS EJECUTIVOS DE LA LAGUNA, S.A. DE C.V.",LAGUNA,LGU
SERVICIOS AEREOS EJECUTIVOS SAEREO S.A.,SAEREO,SRO
"SERVICIOS AEREOS ELITE, S.A. DE C.V.",SAELITE,ETE
"SERVICIOS AEREOS ESPECIALIZADOS DESTINIA, S.A. DE C.V.",DESTINIA,DES
SERVICIOS AEREOS ESPECIALIZADOS EN TRANSPORTES PETROLEROS,SAEP,KSP
"SERVICIOS AEREOS ESTRELLA, S.A. DE C.V.",SERVIESTRELLA,LLS
"SERVICIOS AEREOS EUROPEOS Y TRATAMIENTOS AGRICOLAS, S.L. (SAETA)",,SAU
"SERVICIOS AEREOS GANA, S.A. DE C.V.",SERVIGANA,GNA
SERVICIOS AEREOS GECA,AEROGECA,GCA
"SERVICIOS AEREOS ILSA, S.A. DE C.V.",SERVICIOS ILSA,ILS
SERVICIOS AEREOS INTEGRALES S.A. (FLYANT),FLYANT,FYA
"SERVICIOS AEREOS INTERESTATALES, S.A. DE C.V.",INTERESTATALES,TTD
"SERVICIOS AEREOS M.T.T., S.A. DE C.V.",AERO TETE,MTG
"SERVICIOS AEREOS MILENIO, S.A. DE C.V.",MILENIO,MLO
"SERVICIOS AEREOS MIRA, S.A. DE C.V.",AEROMIR,MIR
"SERVICIOS AEREOS NOTICIOSOS, S.A. DE C.V.",NOTICIOSOS,OSS
"SERVICIOS AEREOS POBLANOS, S.A. DE C.V.",POBLANOS,POB
"SERVICIOS AEREOS PROFESIONALES, S.A.",PROSERVICIOS,PSV
SERVICIOS AEREOS REGIOMONTANOS,REGIOMONTANO,RGC
SERVICIOS AEREOS SAN CRISTOBAL,SAN CRISTOBAL,SCI
"SERVICIOS AEREOS SOFFLY, S.A. DE C.V.",AEROSOF,OFY
SERVICIOS AEREOS SUCRE C.A. (SASCA),SASCA,SSU
"SERVICIOS AEREOS SURTEP, S.A. DE C.V.",SURTEP,SRT
"SERVICIOS AEREOS TEXTRA, S.A. DE C.V.",TEXTRA,XTA
"SERVICIOS AEREOS UNIVERSITARIOS, S.A. DE C.V.",UNIVERSITARIO,UNT
"SERVICIOS AERONAUTICOS AERO PERSONAL, S.A. DE C.V.",SERVICIOS PERSONAL,SRL
"SERVICIOS AERONAUTICOS Z, S.A. DE C.V.",AERO ZEE,SZT
"SERVICIOS CORPORATIVOS AEREOS DE LA LAGUNA, S.A. DE C.V.",CORPORATIVOS LAGUNA,SPL
"SERVICIOS DE AVIACION ASERTEC, S.A. DE C.V.",ASERTEC,ASE
"SERVICIOS DE TAXI AEREOS, S.A. DE C.V.",SERTAXI,SXT
"SERVICIOS DINAMICOS DE AVIACION, S.A. DE C.V.",SERVI DINAMIC,SDI
"SERVICIOS EJECUTIVOS AEREOS VIZ, S.A. DE C.V.",SERVICIOS VIZ,SVZ
"SERVICIOS EJECUTIVOS CONTINENTAL, S.A. DE C.V.",SERVIEJECUTIVO,SJC
"SERVICIOS EJECUTIVOS GOSA, S.A. DE C.V.",GOSA,HJE
"SERVICIOS INTEGRALES DE AVIACION, S.A. DE C.V.",INTEGRALES,NTG
SERVICIOS OPTIMOS DE AEROENLACE S.A. DE C.V.,OPTIMOS,ENL
"SERVICIOS PRIVADOS DE AVIACION, S.A. DE C.V.",SERVICIOS PRIVADOS,SPV
"SERVICIOS STARLIT CARUSO, S.A. DE C.V.",VIC-STARLIT,CRU
SERVICO ACOREANO DE TRANSPORTES AEREOS - EP (SATA),SATA,SAT
SERVICOS AUXILIARES DE TRANSPORTES AEREOS (SATA),,STS
SERVISAIR LTD.,SERVISAIR,SGH
SERVIZI AEREI SPA,SERVIZI AEREI,SNM
SETAIR,SETAIR,KOC
SETE LINHAS AEREAS LTDA.,SETE,SLX
"SEVEN BAR FLYING SERVICE, INC. (ALBUQUERQUE, NM)",S-BAR,SBF
SEVEN FOUR EIGHT AIR SERVICES,UMOJA,IHO
SEVENAIR,SEVAIR,RVP
SEVERN AVIATION LTD,GLADIATOR,GDA
"SEVERSTAL, LTD AIRCOMPANY",SEVERSTAL,SSF
SEYCHELLES AIRLINES PTY LTD,OCEAN BIRD,SCH
SF AIRLINES COMPANY LIMITED,SHUN FENG,CSS
"SFS AVIATION CO., LTD",SICHART,SIC
SFT-SUDANESE FLIGHT,,STF
"SHAANXI PHOENIX INTERNATIONAL FLYING COLLEGE CO., LTD",SHAN FENG,PHF
SHAHEEN AIR INTERNATIONAL,SHAHEEN AIR,SAI
SHAHEEN AIRPORT SERVICES,SUGAR ALFA,SHN
SHAHIN BALL PARVAZ,SHAHIN BALL,SBP
SHALOM AIR SERVICES,PEACE AIR,FFH
SHANDONG AIRLINES,SHANDONG,CDG
"SHANDONG AIRLINES RAINBOW JET CO., LTD",CAI HONG,RBW
"SHANDONG NANSHAN INTERNATIONAL FLIGHT CO., LTD",QUNYING,NSY
SHANGHAI AIRLINES,SHANGHAI AIR,CSH
SHANGHAI AIRLINES CARGO INTERNATIONAL COMPANY,SHANGHAI CARGO,SHQ
"SHANGHAI KINGJET GENERAL AVIATION CO., LTD",SHANGHAI KINGJET,KJT
SHANXI SHENFEI JET CO. LTD.,BIG WING,SXJ
"SHANXI VICTORY GENERAL AVIATION CO., LTD.",AIR VICTORY,VGA
SHAR INK LTD,SHARINK,UGP
SHARJAH RULER'S FLIGHT,SHARJAH,SHJ
SHARP INC.,,SHK
SHATA AIR SERVICES LTD,SHATA AIR,TST
"SHAVANO AIR, INC. (PONCHA SPRINGS, CO)",SHAVANO,SHV
SHAWBURY FTU,SHAWBURY,SYS
SHEBA AVIATION,,SYE
SHELL AIRCRAFT LTD.,PECTEN,PEX
SHELL CANADA,SHELL CANADA,SCL
SHELTAM AVIATION CC,SHELTAM,SHM
SHENZHEN AIRLINES,SHENZHEN AIR,CSZ
SHENZHEN FUNIAN JET AVIATION,FANTASIA,HYN
"SHENZHEN GULF AVIATION CO., LTD.",GULF AVIATION,GAE
"SHENZHEN UNITED BUSINESS JET CO., LTD",PANGU,HFJ
SHEREMETYEVO-CARGO,,SHO
SHIRAK AVIA LLC,SHIRAK,SHS
SHIV AIR LIMITED,SHIV AIR,HJI
SHOPRITE GROUP LTD,SHOP AIR,SHG
"SHORELINE AVIATION, INC.",SHORELINE,CST
"SHORELINE AVIATION, LLC (OXFORD, CT)",SHORE AIR,SDB
SHREE AIRLINES,SHREE-AIR,SHA
SHS ANTWERP AVIATION N.V. (DBA VLM REGIONAL),RUBENS,VLM
SHTOTZ AGRO SERVICE,STOTZ AGRO,SZG
SHUANGYANG GENERAL AVIATION CO.,SHUANGYANG,CSY
SI CHUAN AIRLINES,SI CHUAN,CSC
"SIAM AIR TRANSPORT CO., LTD",GOLDEN FIN,SQM
"SIAM AIRNET CO., LTD",SIAM AIRNET,RBR
"SIAVIA, D.O.O.",SIAVIA,SVB
SIBERIA AIRLINES,SIBERIAN AIRLINES,SBI
SIBIA LTD,SIBIA,SBD
SIDERAL LINHAS AEREAS LTDA.,SIDERAL,SID
SIEM REAP AIRWAYS INTERNATIONAL,SIEMREAP AIR,SRH
SIERRA CHARLIE AVIATION,AVIATOR,SCA
"SIERRA EXPRESS (RENO, NV)",SEREX,SIE
"SIERRA EXPRESSWAY AIRLINES (OAKLAND, CA)",SIERRA EX,SRX
"SIERRA PACIFIC AIRLINES, INC. (TUCSON, AZ)",SIERRA PACIFIC,SPA
SIGNATURE FLIGHT SUPPORT LTD,,SIG
SIGNCHOOSE LTD T/A HELICENTRE COVENTRY,HELICENTRE,COV
SILESIA AIR J.S.C.,AIR SILESIA,SUA
SILK AVIA LLC,SILK,USA
SILK WAY AIRLINES,SILK LINE,AZQ
SILK WAY WEST AIRLINES,SILK WEST,AZG
SILKAIR (SINGAPORE) PTE LTD,SILKAIR,SLK
SILVAIR SP. Z.O.O.,SILVAIR NET,SAN
"SILVAIR, INC. (MIAMI SPRINGS, FL)",,IJS
SILVER AIR LTD,SILVERLINE,SLD
"SILVER AIRWAYS CORP. (FORT LAUDERDALE, FL)",SILVER WINGS,SIL
"SILVER CLOUD AIR GMBH, SCHIFFERSTADT",SILVER CLOUD,SCR
SILVERBACK CARGO FREIGHTERS,SILVERBACK,VRB
"SILVERHAWK AVIATION, INC. (SEWARD, NE)",SILVERHAWK,SLH
SILVESTONE AIR SERVICES LTD,SILVERSTONE,SLR
"SIMARGL LTD, AIRCOMPANY",SIMAVIA,SMN
SIMRIK AIRLINES PVT. LTD,SIMRIK AIR,RMK
SINGAPORE AIRLINES LIMITED,SINGAPORE,SIA
"SINO JET CO., LTD.",AIR SINO,SJD
SINO JET MANAGEMENT LTD,SINO SKY,SJM
"SINOJET (BEIJING) CO., LTD.",SINO BEIJING,JBE
SIRIO S.P.A.,SIRIO,SIO
SIRIUS-AERO,SIRIUS AERO,CIG
"SIRVAIR, S.A.DE C.V.",VAIRSA,VRS
SITA - SOCIETE INTERNATIONALE DE TELECOMMUNICATIONS AERONAUTIQUES,,SIT
"SIXT RENTA CAR, LLC",DRIVE ORANGE,SIX
SJOFARTSVERKET,LIFEGUARD SWEDEN,HMF
SKA AIR AND LOGISTICS (UGANDA) LIMITED,SKY UGANDA,UGS
SKA SA AIRCRAFT LEASING (PTY) LTD,SKYLIGHT AIR,KLA
SKARGARDSHAVETS HELIKOPTERTJANST AB (SHT),HELICARE,MHQ
SKS AIRWAYS,SOUTHERN TIGER,SJB
SKY,,KYA
"SKY AERONAUTICAL SERVICES, S.A. DE C.V.",SKY AERONAUTICAL,KYR
SKY AIRLINE PERU S.A.C.,SKY PERU,SKX
SKY ATLAS,,RUS
SKY BAHAMAS,TROPICAL SKY,SBM
SKY BIRD AIRLINES,SKY BIRD,SBL
SKY BUS S.A.C.,LIFT PERU,HVY
"SKY BUS, INC. (DENVER, CO)",MILE HIGH,FLH
SKY CAM,SKYCAM,SCK
SKY CAPITAL AIRLINES LTD.,SKY CAPITAL,AHW
SKY EXEC AVIATION SERVICES,SKY EXEC,SXC
SKY EXPRESS S.A.,AIR CRETE,SEH
SKY GABON,SKY GABON,SKG
SKY GOLDEN LACHIN,SKY LACHIN,LSG
SKY HANDLING,,SYH
SKY HANDLING LLC,,TSZ
"SKY HARBOR AIR SERVICE INC. (CHEYENNE, WY)",SKY HARBOR CHEYENNE,SHC
"SKY HARBOR AIR SERVICE, INC. (OMAHA, NE)",SKY DAWG,SKD
SKY HELICOPTEROS S.A.,HELISKY,HSY
SKY HIGH AVIATION SERVICES DOMINICANA,SKY HIGH,SHH
SKY JET,,SJU
SKY KG AIRLINES,KYRGYZ SKY,KGK
"SKY KING, INC. (SACRAMENTO, CA)",SONGBIRD,SGB
"SKY LEASE I, INC. (GREENSBORO, NC)",SKY CUBE,KYE
SKY LINE FOR AIR SERVICES LTD,SKYCO,SLY
SKY LINK AVIATION SERVICES,,SKS
SKY MALI,EAGLE BIRD,FML
SKY MESSAGING (PTY) LTD,SKYAD,KYD
SKY NET AIRLINE,SKYNET AIR,SKJ
"SKY ONE EXPRESS AIRLINES INC. (REISTERTOWN, MD)",SKY FIRST,SYF
"SKY ONE HOLDINGS, LLC (FT. LAUDERDALE, FL)",PRIVATE ORANGE,PVO
SKY ONE S.R.O.,SKY AIR,FSO
SKY PRIME CHARTER,SKY PRIME,SPD
SKY PRIME MALTA,SKY LUXURY,LXR
SKY QUEST,ERIE SHORE,ERY
SKY SERVICE,AEROSKY,SKU
"SKY SERVICE AVIATION, S.L.",STAR-JET,SSA
SKY SERVICES MALTA LTD,VOLO SKY,SYM
SKY SHUTTLE HELICOPTERS LIMITED,,HHK
"SKY TOURS, INC. (PORT CLINTON, OH)",SKYISLE,SKE
SKY TRAVEL LTD,GEORGIAN BALLOON,RVU
SKY UNLIMITED,SKY UNLIMITED,SYU
SKY VISION AIRLINES CO,,SVI
"SKY WEST AVIATION, INC. (ST. GEORGE, UT)",SKYWEST,SKW
SKY WIND,SKY WIND,...
SKY WINGS FLIGHT SUPPORT SERVICES,,SWJ
"SKY ZONE SERVICOS AEREOS, LDA",SKYZONE,...
SKYALPS,SKYALPS,SWU
SKYAVIATRANS,,KTR
SKYBIRD AIR LIMITED,SKYBIRD CHARTER,KYC
SKYBLUE AVIATION LTD,RIPPLE,SBV
SKYBLUE JET MANAGEMENT LLC,ZEMI,XMI
"SKYBORNE AIRLINE ACADEMY, INC.",SKY FLITE,SFY
SKYBOSNIA D.O.O.,SKYBOSNIA,SBN
SKYBRIDGE INTERNATIONAL BALKAN DOO,BALKAN JET,SBB
"SKYBUS AIRLINES, INC. (COLUMBUS, OH)",SKYBUS,SKB
SKYBUS JET LTD,SKYBUS JET,BSJ
SKYCHARTER (MALTON) LIMITED,SKYCHARTER,SKL
"SKYCRAFT, INC. (SEATTLE, WA)",SKYCRAFT,SKF
SKYDRIFT LTD,SKYDRIFT,SDL
SKYEMOTION,EMOTION,EMO
SKYFIRST LTD,MORITO,KFE
SKYFIVE AIRLINES LIMITED TRADING AS AIRWAZE,APHRODITE,WZE
"SKYFREIGHT, INC. (SEATTLE, WA)",SKYFREIGHT,SFT
SKYHAUL PTY LTD,SKYHAUL,HAU
SKYHAWKS AVIATION SERVICE WORLDWIDE,,SSW
SKYJET,KAMILA,SJL
SKYJET AVIATION SERVICES LIMITED,SKYLARK,LRK
"SKYJETS & SUPPORT, S.A. DE C.V.",JET PORT,SJS
SKYKING LTD,SKYKING,SKI
SKYLA AIR,SKYLA AIR,LAJ
SKYLIGHT LLC,SKYLIGHT,LSK
"SKYLINE AVIATION SERVICES, INC. (BEAVER FALLS, PA)",SKYLINER,SKN
SKYLINE AVIATION SRL,SKYLINE,SML
SKYLINE EXPRESS AIRLINES LLC,UT-UKRAINE,UTN
SKYLINE LTD,SKYLIMIT,SMT
SKYLINE ULASIM TICARET A.S.,KOCOGLU,KCU
SKYLINK AVIATION LIMITED,,SLL
SKYLINK EXPRESS INC,SKYLINK,SLQ
SKYLOUNGE SERVICES S.A.L.,SKYLOUNGE,TSM
SKYMARK AIRLINES INC.,SKYMARK,SKY
SKYMASTER AIR LINES LTDA,SKYMASTER AIR,SKC
SKYPLAN SERVICES LTD,,XXS
SKYROADS AVIATION LLC,SKY ROADS,SIH
SKYROVER CC,SKYWATCH,WLK
SKYSCAPES AIR CHARTERS,SKYSCAPES,SKR
SKYSERVICE BUSINESS AVIATION INC.,SKYBIZ,SYB
SKYSIDE GMBH,SKY SIDE,SKV
"SKYSTAR INTERNATIONAL, INC. (WASHINGTON, NJ)",SKYSTAR,SSK
SKYSTREAM AIRLINES AS,SKYSTREAM,STM
SKYTAXI LTD,IGUANA,IGA
SKYTRAC SYSTEMS,,TTQ
SKYTRADERS PTY LTD,SNOWBIRD,SND
SKYTRAIL AIRLINES LIMITED,SKYTRAIL,...
SKYTRANS PTY LTD T/A SKYTRANS AIRLINES,SKYTRANS,SKP
SKYTROPIC,SKYTROPIC,SKT
SKYUP AIRLINES,SKYUP,SQP
SKYUP MT,SKY MALTA,SEU
"SKYVIEW AIRWAYS CO., LTD",GREEN SKY,RCT
SKYWARD AVIATION,UPWARD,UWD
SKYWARD EXPRESS,SKYWARD EXPRESS,SEW
SKYWAY AIRLINES,SKY TEC,GCS
"SKYWAY ENTERPRISES, INC. (KISSIMMEE, FL)",SKYWAY-INC,SKZ
"SKYWAY, CJSC",,SWY
SKYWEST CHARTER,CHARTER WEST,SCW
SKYWINGS ASIA AIRLINES,SKY ANGKOR,SWM
"SKYWORLD AIRLINES (DENVER, CO)",PORT,SPC
SLAM LAVORI AEREI S.R.L.,SLAMAIR,SLJ
SLATE FALLS AIRWAYS LTD.,,SYJ
SLIM AVIATION SERVICES LIMITED,SLIM AIR,SHX
SLINGSBY AVIATION LIMITED,SLINGSBY,...
SLL RESOURCES LIMITED,BAT JET,ROB
SLOANE HELICOPTERS,SLOANE,SLN
SLOK AIR INTERNATIONAL (GAMBIA) LIMITED,SLOK GAMBIA,OKS
SLOK AIR LIMITED,SLOK AIR,SLB
SLOVAK AIR FORCE,SLOVAK AIRFORCE,SQF
SLOVAK GOVERNMENT FLIGHT SERVICE,SLOVAK GOVERNMENT,SSG
SLOVAK NATIONAL AEROCLUB,SLOVAK AEROCLUB,SQA
SLOVENIAN MINISTRY OF DEFENCE,SLOVENIAN AIRFORCE,LSV
SMA AIRLINES NIG. LIMITED,SESAME,SMA
SMALL PLANET,SKYPLANET,LKH
SMALL PLANET AIRLINES JSC,SMALL PLANET,LLC
SMALL PLANET AIRLINES SP. Z.O.O.,SKYPOL,LLP
SMART AIRLINES LLC,SMART AIRLINES,DGV
SMART AVIATION COMPANY,,SME
SMART JET SP. Z O.O.,SMART JET,SAH
SMART LYNX AIRLINES LTD,SMART LYNX,ART
"SMARTAVIA AIRLINES, JOINT STOCK COMPANY",ARCHANGELSK AIR,AUL
SMARTLINE LUFTFAHRT GMBH,SMARTLINE,SMG
SMARTLYNX AIRLINES CABO VERDE,CABO CAT,LCV
SMARTLYNX AIRLINES ESTONIA,TALLINN CAT,MYX
SMARTLYNX AIRLINES MALTA,MALTA CAT,LYX
SMARTWINGS HUNGARY KFT.,TRAVEL SERVICE,TVL
SMARTWINGS POLAND,JET TRAVEL,TVP
"SMARTWINGS SLOVAKIA, S.R.O.",SLOVAKTRAVEL,TVQ
"SMARTWINGS, A.S.",SKYTRAVEL,TVS
"SMITHAIR, INC. (ATLANTA, GA)",SMITHAIR,SMH
SMITHKLINE BEACHAM CLINICAL LABS,SKIBBLE,SBQ
SMJET S.R.L.,SKYMAP,SMD
SMM FLIGHT SERVICES SA DE CV,CABO CACTI,SMY
SNCF SURETE,GYROFER,GYR
SNUNIT AVIATION,,SNU
SOCIEDAD AEREA DEL CAQUETA LTDA,SADELCA,SDK
SOCIEDAD AERONAUTICA PENINSULAR S.L.,,SAL
SOCIEDAD DE PROMOCIÓN Y GESTIÓN DEL TURISMO ARAGONES S.L.U.,,VSC
SOCIEDAD DE SALVAMENTO Y SEGURIDAD MARITIMA,SASEMAR,SSM
SOCIETE ANONYME DE TRANSPORT ET TRAVAUX AERIENS DE MADAGASCAR (TAM),TAM AIRLINE,TML
SOCIETE CENTRAFRICAINE DE TRANSPORT AERIEN,,SNS
SOCIETE DE TRANSPORT AERIEN DE MAURITANIE,TRANS-SOCIETE,NSC
SOCIETE DE TRAVAIL AERIEN,VICTOR INDIA,...
SOCIETE TOUT TRANSPORT MAURITANIEN,TOUT-AIR,TTM
"SOCOFER, LDA",SOCOFER,SCF
SOGDIANA,,SDA
"SOKO AVIATION, S.L.",SOKO AIR,OKT
SOL AIR,SKY COMFORT,SOF
SOL DEL PARAGUAY LINEAS AEREAS S.A.,SOLPARAGUAYO,SGU
SOL LINEAS AEREAS URUGUAYAS (CUWEROY S.A.),SOL URUGUAY,SGA
SOL LINHAS AEREAS LTDA,SOL BRASIL,SBA
SOL S.A. LINEAS AEREAS,FLIGHT SOL,OLS
SOLAR CARGO C.A.,SOLARCARGO,OLC
SOLASEED AIR INC.,NEWSKY,SNJ
SOLENT FLIGHT LIMITED,SAINTS,SFU
SOLENT HELICOPTERS,SOLENT,...
SOLENTA AVIATION (PTY) LTD,SOLENTA,SET
SOLENTA AVIATION - CI,SOLENT-IVOIRE,SIV
SOLENTA AVIATION GABON,SOLAVIA,SVG
SOLENTA AVIATION MOZAMBIQUE SA,SEGURO,MFJ
SOLINAIR LTD,SOLINAIR,SOP
SOLITAIRE AIR (FLY JORDAN),SOLITAIRE AIR,FJR
SOLOMON AIRLINES LIMITED,SOLOMON,SOL
"SOLSTAS LAB PARTNERS (GREENSBORO, NC)",SOLSTAS LAB,SPK
"SOLUCIONES AEREAS DE LA LAGUNA, S.A. DE C.V.",SOLAER LAGUNA,LRG
"SOLUTIONS AIR CHARTER, LLC (ZIONSVILLE, IN)",BLUEGRASS,BLU
SOLYOM HUNGARIAN AIRWAYS AIR SERVICE AND TRADING LTD,HUNGARIAN,HUN
SOMON AIR,SOMON AIR,SMR
"SONAIR SERVICO AEREO, SARL",SONAIR,SOR
"SONALYSTS, INC. (WATERFORD, CT)",,SYI
"SONI AVIONES, S.A. DE C.V.",SONAVI,SNO
SONTAIR LTD,SONTAIR,STI
"SOONAIR LINES, INC. (TULSA, OK)",SOONAIR,SNL
SORENS AERO SM S.R.L.,,SSE
SOSOLISO LIMITED,SOSOLISO,OSL
SOUTH AFRICAN AIR FORCE,SOUTH AFRICAN,LMG
SOUTH AFRICAN AIRWAYS (SAA),SPRINGBOK,SAA
SOUTH AFRICAN HISTORIC FLIGHT,SKY COACH,SYY
SOUTH ASIAN AIRLINES LTD,SOUTH ASIAN,BDS
"SOUTH CAROLINA AERONAUTICS COMMISSION (COLUMBIA, SC)",PALMETTO,PLT
SOUTH CERNEY,CERNEY,CRY
SOUTH COAST AVIATION (BOURNEMOUTH) LTD,SOUTHCOAST,GAD
"SOUTH EAST ASIAN AIRLINES (SEAIR) INTERNATIONAL, INC.",AIR BLUE,SGD
SOUTH PACIFIC AIRLINES,PARADISE,SOU
SOUTH PACIFIC EXPRESS HOLDINGS LIMITED,SOUTHPAC EXPRESS,SXP
"SOUTH PACIFIC ISLAND AIRWAYS, INC.",SOUTH PACIFIC,SPI
SOUTH WESTERN HELICOPTERS LTD,ELECTRICITY,...
"SOUTHEAST AIR, INC. (NEW BEDFORD, MA)",SOUTHEAST AIR,SEA
"SOUTHEAST AIRMOTIVE CORP. (CHARLOTTE, NC)",SPUTTER,SPU
"SOUTHEAST CORRECT CRAFT, INC. (ORLANDO, FL)",SOUTH COURIER,SOT
SOUTHERN AIR CHARTER,SOUTH AIRCHARTER,SOA
"SOUTHERN AIR, INC. (COLUMBUS, OH)",SOUTHERN AIR,SOO
"SOUTHERN CROSS AVIATION INC., LLC",SOUTHERN FLIGHT,SXF
"SOUTHERN CROSS AVIATION, INC. (CAMARILLO, CA)",FERRY,SXA
SOUTHERN CROSS INTERNATIONAL,SOUTHERN CROSS,SXI
"SOUTHERN ILLINOIS UNIVERSITY D/B/A FLIGHT SCHOOL (MURPHYSBORO, IL)",CARBONDALE,CBN
"SOUTHERN JERSEY AIRWAYS, INC. (ATLANTIC CITY, NJ)",ACOM,ALC
"SOUTHERN JET CO, LTD",SOUTHERN JET,HNJ
"SOUTHERN OHIO AVIATION SALES CO. (W. CARROLLTON, OH)",SOUTHERN OHIO,SOH
"SOUTHERN SEAPLANE, INC. (BELLE CHASSE, LA)",SOUTHERN SKIES,SSC
SOUTHERN SKY,SKY SOUTH,SRS
SOUTHWEST AIRCRAFT CHARTER,CACTUS,CAK
"SOUTHWEST AIRLINES CO. (SAN ANTONIO, TX)",SOUTHWEST,SWA
SOUTHWIND AIRLINES,MOON STAR,STW
SOVEREIGN BUSINESS JETS LTD,REDHAWK,RHK
SPACE WORLD AIRLINE,SPACE WORLD,SPF
SPANAIR,SPANAIR,JKK
SPARFELL LUFTFAHRT GMBH,LAUDA RUSH,LDX
SPARFELL MALTA LTD,SPARFELL,QFX
"SPARTAN EDUCATION, LLC DBA SPARTAN COLLEGE OF AERONAUTICS AND TECHNOLOGY",SKELLY,SCU
"SPASA (SERVICIOS POLITECNICOS AEREOS, S.A.)",SALDUERO,SPS
SPEC ENERGY,SPEC WINGS,SGC
"SPECIAL AVIATION SYSTEMS, INC. (LEIPSIC, OH)",SPECIAL SYSTEM,SYV
"SPECIAL DETACHMENT - RUSSIA, FEDERAL STATE BUDGET INSTITUTION",STATE AERO,RSD
SPECIAL HANDLING SERVICE FOR AIRCRAFT,,XHA
SPECIAL PURPOSE AVIATION OPERATOR-SAO,BULGARIAN,BGF
SPECSAVERS AVIATION LTD,SPECSAVERS,SSZ
SPECTREM AIR LTD,SPECDAS,CDS
"SPECTRUM AIR SERVICE, INC. (LEAGUE CITY, TX)",,XSA
SPECTRUM AVIA,,ECV
SPECTRUM AVIATION,SPECTRUM,SPJ
SPECTRUM AVIATION INCORPORATED,AIR TONY,LSP
SPEED FLY,DRACO,SFD
SPEEDWINGS EXECUTIVE JET GMBH,SPEEDWING,SPG
SPICEJET,SPICEJET,SEJ
"SPIRIT AIRLINES, INC. (EASTPOINTE, MI)",SPIRIT WINGS,NKS
"SPIRIT JETS, LLC (CHESTERFIELD, MO)",SPIRIT JET,SJJ
SPIRIT OF AFRICA AIRLINES,BLUE NILE,SDN
SPORAVIA S.L.,SPORAVIA,SPO
SPORTSMAN'S LLC. / SWAMP FOX LLC.,SWAMP FOX,SFX
"SPRAGUE ELECTRIC CO. (NORTH ADAMS, MA)",SPRAGUE,SPE
SPREE FLUG LUFTFAHRT GMBH,COLORSKY,SFG
"SPRING AIRLINES CO., LTD",AIR SPRING,CQH
"SPRING JAPAN CO., LTD.",JEY SPRING,SJO
SPRING JET LIMITED,SPRING JET,SZJ
SPRINGBOK CLASSIC AIR,SPRING CLASSIC,SPB
"SPRINGFIELD AIR (KANSAS CITY, MO)",ICE BRIDGE,IBG
SPRINGJET S.A.,SKY FLYER,HFY
SPRINTAIR CARGO SP. Z.O.O.,SPRINTAIR CARGO,SAR
SPRINTAIR SA,SPRINTAIR,SRN
SPURWING AIRLINES (PTY) LTD,SPURWING,PUR
SR JET CO. LTD.,SPARKLE ROLL,QSR
SRILANKAN AIRLINES,SRILANKAN,ALK
SRIRACHA AVIATION CO. LTD.,KABIN,KBN
"SRIWIJAYA AIR, PT.",SRIWIJAYA,SJY
ST BARTH EXECUTIVE,SEA BARTH,STB
ST. ATHAN MU,SAINT ATHAN,STN
ST. MAARTEN AIRWAYS,SAINT MAARTEN,SXM
ST. VINCENT GRENADINES AIR (1990) LIMITED,GRENADINES,SVD
STABO AIR LIMITED,STABAIR,SBO
STABO FREIGHT LIMITED,STABO,SOB
STAPLEFORD FLIGHT CENTRE,STAPLEFORD,STL
STAR AIR CARGO (PTY) LTD,BRIGHTSTAR,BRH
STAR AIR M/S,STARAV,URJ
"STAR AIR, M/S GHODAWAT ENTERPRISES PVT. LTD.",HI STAR,SDG
STAR AVIATION PVT. LTD,STAR INDIA,SVP
STAR AVIATION SPA,STAR AVIATION,DST
STAR EAST AIRLINE,EAST RIDER,SEK
STAR FLY WINGS,FAST STAR,SYW
STAR FLYER INC,STARFLYER,SFJ
"STAR JET CO., LTD",SHINING,CHJ
STAR UP S.A.,STAR-UP,SRU
"STAR WEST AVIATION (EVANSTON, WY)",SUNSTAR,SUU
STAR WORK SKY,STAR WORK,SWP
STARGATE AVIATION CC,STARGATE,SGT
"STARLIGHT AIRLINE STP, S.A.",STARLIGHT CARGO,SLT
STARLINK AVIATION,STARLINK,TLK
STARLITE AVIATION PTY LTD,STARSTREAM,TRL
"STARLUX AIRLINES CO., LTD",STARWALKER,SJX
STARS AIRWAYS,STARS AIRWAYS,FOZ
STARS AWAY AVIATION,STARSAWAY,STX
"STARS DE MEXICO, S.A. DE C.V.",TARMEX,SRM
"STARSHIP, S.A. DE C.V.",STARSA,HIP
STARSPEED LTD,STARSPEED,SSP
"STARWINGS DORTMUND LUFTFAHRTGESELLSCHAFT MBH, DORTMUND",STARTREK,STQ
STATE AIR COMPANY BERKUT,,BEC
STATE AIR TRAFFIC SERVICE ENTERPRISE,AIRRUH,UTS
STATE ATM CORPORATION,RUSSIA CORP,OVD
"STATE FLIGHT ACADEMY OF UKRAINE, THE",FLIGHT ACADEMY,UFA
"STATE OF WEST VIRGINIA, AVIATION DIVISION (CHARLESTON, WV)",BLACK BEAR,BKB
"STATE UNITARY ENTERPRISE ORENBURG REGION, INTERNATIONAL AIRPORT ORENBURG",ORENAVIA,ORG
STEELMAN AVIATION INC,AIRSMART,XSM
STELLA AVIATION,AVISTELLA,SLV
STEPHENS INVESTMENTS HOLDINGS,ROCKTOWN,RKK
STERLING AIR A/S,STERLING,SNB
STERLING AVIATION LLC,NORTH-SHORE,NSH
STERNA LINHAS AREAS LTDA.,STERNA,STR
STICHTING VLIEGSCHOOL 16HOVEN,SMART,VGS
STOBART AIR,STOBART AIR,STK
STOBART AIR SERVICES UK LIMITED,LIVERBIRD,VVD
STORM HELIWORKS,STORM,HWS
STP AIRWAYS,SAOTOME AIRWAYS,STP
STRAIT AIR (2000) LTD,NANUCK,NUK
STRATO AIR SERVICES,STRATO,SRZ
STREAM AIR,POTOK,VPT
STREAMLINE NAC,SLIPSTREAM,SLE
"STREAMLINE OPS, CJSC",SLOPS,STO
SU AIRLINES,SU AIRLINES,SUE
SUASA AIRLINES SDN BHD,SUASA AIR,SSB
"SUBURBAN AIR FREIGHT, INC. (OMAHA, NE)",SUB AIR,SUB
SUDAN AIRWAYS,SUDANAIR,SUD
SUDAN PEZETEL FOR AVIATION,SUDANA,SDZ
SUDANESE AERONAUTICAL SERVICES CO. LTD (SASCO AIRLINES),SASCO,SAC
SUDANESE STATES AVIATION CO. LTD,SUDANESE,SNV
SUMMIT AIR LTD.,SUMMIT,SUT
"SUMMIT AIRLINES (PHILADELPHIA, PA)",SUMMIT-AIR,SMM
"SUMMIT AVIATION, INC",YELLOWSTONE,YEL
SUN AIR,,SUR
SUN AIR BULGARIA,SUNNY,BGS
SUN AIR CO.,SUN GROUP,SNR
"SUN AIR EXPRESS, LLC (FT. LAUDERDALE, FL)",FRIENDLY,FDY
"SUN AIR JETS (MCCLELLAN, CA)",SUN JOURNEY,SJE
SUN AIR LIMITED LIABILITY COMPANY,SUN AIR,SAV
"SUN JET INTERNATIONAL, INC. D/B/A SOUTHEAST AIRLINES (LARGO, FL)",SUN KING,SNK
"SUN PACIFIC INTERNATIONAL, INC. (TUCSON, AZ)",SUN PACIFIC,SNP
"SUN QUEST EXECUTIVE AIR CHARTER, INC. (PACOIMA, CA)",EXECU-QUEST,SNQ
"SUN RITZ JET CO., LTD",RITZ JET,RZT
"SUN WEST AIRLINES (SCOTTSDALE, AZ)",SUN WEST,SNW
SUN-AIR OF SCANDINAVIA A/S,SUNSCAN,SUS
SUNAIR,MATZADA,SNF
SUNAIR AIR OLE S.L.,SUN-OLE,LEO
"SUNBIRD AIRLINES, INC. (CHARLOTTE, NC)",CAROLINA,CDL
SUNCLASS AIRLINES,VIKING,VKG
"SUNCOAST AVIATION, INC.(CLEARWATER, FL)",SUNCOAST,SNT
SUNCOR ENERGY INC.,JETSUN,JSN
SUNDAIR GMBH,SUNDAIR,SDR
SUNDANCE AIR S.A.,DANCEAIR,SUV
"SUNDANCE AIR, INCORPORATED (DENVER, CO)",BARNACLE AIR,BNC
SUNDT AIR A/S,MIDNIGHT,MDT
SUNDT AIR MANAGEMENT,AKER,AKK
"SUNEXPRESS DEUTSCHLAND GMBH, FRANKFURT (MAIN)",SUNRISE,SXD
SUNFLOWER AIRLINES LIMITED,SUNFLOWER,SUF
"SUNFLY, S.L.",,SUC
SUNKAR AIR,SUNKAR,KAM
SUNLIGHT EXPRESS AIRWAYS,SUNLIGHT,RLB
SUNLINE AIRLINES LTD,SUNTRACK,JAM
"SUNRISE AIRLINES (PAGE, AZ)",SUNDANCE,SDC
"SUNRISE AIRLINES INC. D/B/A MILLON EXPRESS (MIAMI, FL)",MILLON EXPRESS,MXS
SUNRISE AIRWAYS,,KSZ
"SUNSET AVIATION, LLC (PETALUMA, CA)",TWILIGHT,TWY
SUNSTATE AIRLINES (QLD) PTY,SUNSTATE,SSQ
SUNWEST AVIATION LTD,CHINOOK,CNK
SUNWING AIRLINES INC.,SUNWING,SWG
"SUNWORLD INTERNATIONAL AIRWAYS, INC. (LAS VEGAS, NV)",SUNWORLD,SWI
"SUPARNA AIRLINES CO., LTD.",YANGTZE RIVER,YZR
SUPER LEGACY XP LTD,POWER BLADE,SLS
SUPER LUZA,LUZA,SLZ
"SUPERIOR AIR CHARTER DBA JETSUITE AIR (MEDFORD, OR)",RED STRIPE,RSP
SUPERIOR AIR S.A.,SUPERIOR,SUQ
SUPERIOR AVIATION SERVICES LTD,SKYCARGO,SUK
"SUPERIOR AVIATION, INC.(IRON MOUNTAIN/KINGSFORD, MI)",SPEND AIR,HKA
"SUPERIOR TRANSPORTATION ASSOCIATES, INC - DBA STAJETS",MISSION,KFB
SUPERNOVA AIRLINES LLC,NOVA,NPG
SUPPORT HELICOPTER FORCE,VORTEX,SHF
"SURAVIA, S.A.",,SUH
SURAVIATION S.L.,SURAVIATION,DSP
"SURF AIR (SANTA MONICA, CA)",SURFAIR,URF
SURIJET.COM INC.,SURIJET,SRJ
SURINAAMSE LUCHTVAART MAATSCHAPPIJ N.V.,SURINAM,SLM
SURINAM INTERNATIONAL VICTORY AIRLINE N.V.,SIVA,SWO
SURVEILLANCE AUSTRALIA P/L,BORDER FORCE,BDF
SUWAIKET AVIATION,ZAGEL,SWK
"SUZHOU AVIATION CO., LIMITED",SUPERWINGS,CBW
SVENSK LUFTAMBULANS,SWEDEMED,SWV
SVENSKT AMBULANSFLYG,SWEDECARE,SWE
SVENSKT INDUSTRIFLYG AB,TRADEWIND,JET
SW HELICOPTER SERVICES,HELIAZE,AZH
"SWALLOW AVIACION, S.L.",PARACA,PRK
SWANTON MORLEY (RAF),SWANTON,SMX
SWEDISH ARMED FORCES,SWEDEFORCE,SVF
SWIFT AIR,SWIFTLINE,SFL
SWIFT COPTERS SA,SWIFTCOPTERS,WFC
SWIFTAIR HELLAS S.A.,MED-FREIGHT,MDF
SWIFTAIR S.A.,SWIFT,SWT
SWISS AIR AMBULANCE LTD (HELICOPTER RESCUE GUARD),REGA,RGA
SWISS AIR FORCE,SWISS AIR FORCE,SUI
"SWISS AIR-AMBULANCE LTD., ZURICH",SWISS AMBULANCE,SAZ
SWISS FLIGHT SERVICES,TOPO,SFS
SWISS HELICOPTER AG,HELISWISS,HSI
SWISS INTERNATIONAL AIR LINES LTD,SWISS,SWR
SWISS PRIVATE JET SA,LAKE,SWW
SWOOP INC.,SWOOP,WSW
SYERSTON FTU,SYERSTON,SYO
"SYLT AIR GMBH, SYLT-OST",SYLT AIR,AWU
SYNCRUDE CANADA LTD,SYNCRUDE,SYN
SYNERGY AVIATION LTD,SYNERGY,SYG
SYNESIS AVIATION,SYNESIS,SYP
SYPHAXAIR,SYPHAXAIR,SYA
SYRIAN ARAB AIRLINES,SYRIANAIR,SYR
"SYSTEC 2000, INC (WATERFORD, MI)",SYSTEC,SYC
"T3 AVIATION, INC.",STARFLEET,NCC
"T'WAY AIR CO., LTD",TEEWAY,TWB
"T-AIR, SPOL. S R.O.",WINSKY,TTV
TA-AIR AIRLINE,TA-AIR,IRF
"TAAG, LINHAS AEREAS DE ANGOLA (ANGOLA AIRLINES)",DTA,DTA
"TAB ASSOCIATES, INC. DBA ISLAND TYME",ISLAND TYME,ITM
TAB CHARTERS (PTY) LTD,BLACKTAIL,BKT
"TAB EXPRESS INTERNATIONAL (DELAND, FL)",TAB INTERNATIONAL,TBI
TABAN AIRLINES,TABAN,TBN
TACA INTERNATIONAL AIRLINES S.A.,TACA,TAI
"TADAIR, S.A.",TADAIR,TDC
"TAESPEJO PORTUGAL, LDA",TESABAN,TES
TAF HELICOPTERS S.A.,HELITAF,HET
TAF-LINHAS AEREAS S/A,TAFI,TSD
TAFTAN AIRLINES,TAFTAN,SBT
TAG AVIATION (CAYMAN) SEZC,TAG ISLAND,TCJ
TAG AVIATION (MALTA) LTD,TAG MALTA,TEU
TAG AVIATION ASIA LIMITED,TAG JET,TBJ
"TAG AVIATION ESPANA, S.A.",TAG ESPANA,TGM
TAG AVIATION SAN MARINO S.R.L.,TAGSPIRIT,TAG
TAG AVIATION UK LTD,SOVEREIGN,VIP
TAG FARNBOROUGH AIRPORT LTD,,FBO
"TAILWIND AIR, LLC",PEREGRINE,PGN
TAILWIND HAVAYOLLARI A.S.,TAILWIND,TWI
TAJIKAIR,TAJIKAIR,TJK
TAJIKISTAN,TAJIKISTAN,TZK
TAJIKISTAN INTERNATIONAL AIRLINES,TIL,TIL
TAJOUJ AVIATION,TAJA,TUJ
TALAIR PTY. LTD.,TALAIR,TAL
"TALON AIR, INC. (FARMINGDALE, NY)",TALON FLIGHT,TFF
TAM - LINHAS AEREAS S.A.,TAM,TAM
TAM AVIACAO EXECUTIVA,,TVE
TAMARA NIGER AVIATION,TAMARA,TMR
TAMIR AIRWAYS LTD,TAMIRWAYS,TMI
"TANANA AIR SERVICES (TANANA, AK)",TAN AIR,TNR
TANTALUS AIR LTD.,TANTALUS,TTU
TAPJETS INC,TAPJETS,TJA
"TAQUAN AIR SERVICES, INC. (KETCHIKAN, AK)",TAQUAN,TQN
TAR INTERPILOT,INTERPILOT,TPL
TARA AIR LINE,TARAIR,IRR
TARCO AVIATION COMPANY LIMITED,AVIATION TARCO,TQQ
TARP AVIATION,ROLEMA,RLA
"TAS AVIATION, INC. (DEFIANCE, OH)",TASS AIR,RMS
"TASHKENTAIR, LLC",TASHKENT AIR,TSK
TASMAN CARGO AIRLINES PTY LTD,TASMAN,TMN
TASSILI AIRLINES,TASSILI AIR,DTH
TATA SIA AIRLINES LTD.,VISTARA,VTI
"TATONDUK OUTFITTERS LTD D/B/A EVERTS AIR ALASKA / EVERTS AIR CARGO (FAIRBANKS, AK)",EVERTS,VTS
"TATRA JET, S.R.O.",TATRA,TTJ
TAURANGA AERO CLUB (INC),,PGS
"TAXAIR MEXIQUENSES, S.A. DE C.V.",TAXAIR,TQE
"TAXI AEREO COZATL, S.A. DE C.V.",TAXI COZATL,TXL
TAXI AEREO DE MEXICO,TAXIMEX,TXM
"TAXI AEREO DE MORELIA, S.A. DE C.V.",TAXI MOREL,MOL
TAXI AEREO DE VERACRUZ,VERACRUZ,VRC
TAXI FLY GROUP S.A.,PRONAIR,PRJ
TAXIJET,LIFEJET,LJT
"TAXIS AEREOS DEL NOROESTE, S.A. DE C.V.",TAXINOROESTE,TNE
"TAXIS AEREOS DEL VALLE DE TOLUCA, S.A. DE C.V.",TAXIS TOLUCA,TVT
TAYARAN ALHILALL ALNFTTI,,HLN
TAYARAN JET,ALADIN,TJB
TAYSIDE AVIATION LTD,TAYSIDE,TFY
TBILISI AIRWAYS,TBILISI,TBC
TCA JET CHARTERS,,TJC
TCA LTD,TOKA,TZS
TCHADIA AIRLINES,TCHADIA,CDO
TEAM125,UNDERDOG,UDG
TEAM TRANSPORTES AEREOS,TEAM BRASIL,TIM
"TECNICAS FOTOGRAFICAS, S.L.",TECFOTO,TEF
TECNOAVIACION,,TEB
TEHRAN AIRLINE,TEHRAN AIR,THR
"TELAVIA D/B/A FLIGHT ONE, INC. (TELLURIDE, CO)",TELLURIDE,TDE
TELECOMMUNICATION AUTHORITY,,YTY
"TELEDYNE CONTINENTAL MOTORS (MUSKEGON, MI)",TELEDYN,TCM
"TELESIS TRANSAIR, INC. (DALLAS, TX)",TELESIS,TLX
"TELFORD AVIATION, INC. (WATERVILLE, ME)",TELFORD,TEL
TEM ENTERPRISES D\B\A AVELO AIRLINES,AVELO,VXP
TEMPLE AVIACION S.L.,,TPV
"TEMPUS JETS, INC. (MAPLE, NC)",TEMPUS JETS,TPJ
"TEMSCO HELICOPTERS, INC. (KETCHIKAN, AK)",TEMSCO,TMS
TEN TENTHS LTD,ROTARY,...
TENGERIYN ULAACH SHINE,SKY HORSE,TNL
"TENNESSEE AIR NATIONAL GUARD, 164TH AIRLIFT GROUP",,TNG
"TENNESSEE AIRWAYS (ALCOA, TN)",TENNESSEE,TEN
TENNESSEE VALLEY AUTHORITY (TVA),VALLEY,VLY
TERNHILL (RAF),TERNHILL,THL
TERRA AVIA,TERRAAVIA,TVR
TERRAKEA,TERRAKEA,USX
TERRIBLE HERBST INC.,TERRIBLES,TBL
"TERRITORIAL AIRLINES, INC. (SANTA FE, NM)",TERRI-AIRE,TER
"TEXAS NATIONAL AIRLINES (SAN ANTONIO, TX)",TEXAS NATIONAL,TXN
TEXEL AIR,TEXEL,XLR
TEZ JET AIRLINES,TEZJET,TEZ
TFC FLUGBETRIEB UND -TECHNIK BERATUNGSGESELLSCHAFT MBH,GERMANAIR,LTU
"TFF GMBH, OSNABRUECK",CAMPUS,TFS
TG AVIATION LTD,THANET,TGC
"THAI AIR ASIA CO., LTD",THAI ASIA,AIQ
"THAI AIRASIA X CO., LTD",EXPRESS WING,TAX
THAI AIRWAYS INTERNATIONAL LTD.,THAI,THA
THAI AVIATION ACADEMY,TAURUS,TAC
THAI AVIATION SERVICES LIMITED,THAI AVIATION,TSL
THAI EASTARJET,THAI STAR,ESS
THAI EXPRESS AIR CO. LTD.,EXPRESS AIR,TXZ
THAI FLYING SERVICE CO. LTD,THAI FLYING,TFT
"THAI LION MENTARI CO., LTD",MENTARI,TLM
THAI SMILE AIRWAYS,THAI SMILE,THD
THAI SUMMER AIRWAYS COMPANY LIMITED,THAI SUMMER,AST
"THAI VIETJET AIR JOINT STOCK CO., LTD.",THAIVIET JET,TVJ
THALAIR,TALJET,TLJ
"THE ARMY AVIATION HERITAGE FOUNDATION (HAMPTON, GA)",LEGACY,LEG
"THE LANCAIR COMPANY (BEND, OR)",LANCAIR,LCC
THE MITRE CORPORATION,,MIP
THE RED SEA AIR SERVICES COMPANY,,RSG
"THE SKY, INC.",SPACE STAR,SFI
THE WEATHER COMPANY PTY (WEATHERZONE),,WZA
THEBE INGENIERIA Y CONSULTORIA SA DE CV,AERO THEBE,IYC
THOMAS AIR,TAIMEN,TME
THOMAS COOK AIRLINES BALEARICS S.L.,SUNNYHEART,CTB
THOMAS COOK AIRLINES LTD,THOMAS COOK,TCX
THREE POINT AVIATION,CHIPPY,...
"THRO AVIATION, INC.",ZEN JET,XEN
THRUST FLIGHT,THRUST,TRF
THUNDER AIRLINES LTD,AIR THUNDER,THU
THY HAVA KARGO TASIMACILIGI A.S.,TURKISH CARGO,TKC
THYRLUTHJONUSTAN,,IHS
"THYSSEN KRUPP AG, DUESSELDORF",BLUELINE,BLI
"TIANJIN AIR CARGO CO., LTD.",TIANJIN CARGO,CTJ
"TIANJIN AIRLINES CO., LTD",BO HAI,GCR
"TIANJIN JEPPESEN INTERNATIONAL FLIGHT COLLEGE CO., LTD",CHAO FEI,CHF
"TIBET AIRLINES CO., LTD",TIBET,TBA
"TICA AIR INTERNATIONAL, S.A. (AIR COSTA RICA)",TICA,RII
TIGER AIRWAYS,BIG CAT,...
TIGER AIRWAYS AUSTRALIA PTY LTD,TIGGOZ,TGG
TIGER CLUB,TIGERCLUB,...
TIGER HELICOPTERS LTD,TIGRIS,TIG
TIGERAIR TAIWAN CO. LD.,SMART CAT,TTW
"TIGIN LTD. D/B/A NAVINC AIRLINES SERVICES (HONOLULU, HI)",,XNV
TIMBIS AIR SERVICES,TIMBIS,TBS
TIME AIR,TIME AIR,TIE
TITAN AIRWAYS LTD,ZAP,AWC
TITAN AIRWAYS MALTA,KAPOW,TMT
TITANFLY INTERNATIONAL,ARAMIS,AOC
TJS SAN MARINO,SAN MARINO,TSR
TL AVIATION GMBH,SPIRIT,TLI
"TLC AIR, INC. (CARROLTON, TX)",TEALSY,TLS
"TM AEROLINEAS, S.A. DE C.V.",TEME AIRLINES,WIN
TOJ AIRLINES,TOJ AIRLINE,TOJ
TOLL AVIATION PTY LTD,TOLL EXPRESS,TFX
"TOMAHAWK AIRWAYS, INC. (ALCOA, TN)",TOMAHAWK,TMK
TOMONTENEGRO,MOUNT EAGLE,MNE
"TOMORROW'S AERONAUTICAL MUSEUM, INC. (COMPTON, CA)",AERO SQUAD,SQD
"TOMZAJET, S.A. DE C.V.",TOMZAJET,TJE
TONLESAP AIRLINES,TONLESAP AIR,TSP
TOOS AIRLINES,TOOS AIR,IRT
TOP AIR HAVACILIK SANAYI VE TICARET A.S.,AIR TOP,TOP
"TOP FLIGHT AIR SERVICE, INC. (TAMPA, FL)",CHECK AIR,CHE
"TOP HELICOPTEROS, S.L.",,BRM
TOP-FLY,TOPFLY,TLY
TOPBRASS AVIATION,BRASS LINE,BRL
TOPCLIFFE FTU,TOPCLIFFE,TOF
TOPFLIGHT AERO-SERVICES LTD.,TOP FLIGHT,TAF
TOTAL LINHAS AEREAS S/A,TOTAL,TTL
TOURAINE HELICOPTERE,TOURAINE HELICO,THF
TOWER AVIATION MANAGEMENT LLC DBA A2V,DATA BIRD,HKR
TOYO AVIATION,TOYO AVIATION,TOY
TRABAJOS AEREOS DE CORDOBA S.L.,,FZM
TRABAJOS AEREOS ESPEJO S.L.,ESPEJO,EPJ
"TRABAJOS AEREOS EXTREMENOS, S.A.",,TXE
"TRABAJOS AEREOS FOTOGRAFIA Y REPORTAJES, S.L.",,FYR
TRABAJOS AEREOS MURCIANOS S.L.,PIJO,AIM
"TRABAJOS AEREOS PUBLICITARIOS, S.L.",,TAQ
TRABAJOS AEREOS S.A.,TASA,TGE
"TRABAJOS AEREOS Y PUBLICIDAD ANDALUZA, S.L.",,CGM
TRACK AVIATION SERVICES PAKISTAN,,TAZ
TRADE AIR,TRADEAIR,TDR
"TRADECRAFT FLYING SERVICE, LLC",RIDGELINE,RGL
TRADECRAFT NIGERIA LTD,TRADECRAFT,TCA
"TRADEWIND AVIATION LLC (OXFORD, CT)",GOODSPEED,GPD
TRADING AIR CARGO,TRADING CARGO,JCH
"TRAFFIC MANAGEMENT CORPORATION (TMC) AIRLINES (YPSILANTI, MI)",WILLOW RUN,TMM
TRAI THIEN AIR CARGO,VIETNAM CARGO,TTG
"TRAIL LAKE FLYING SERVICE, INC. D/B/A HARBOR AIR (SEWARD, AK)",HARBOR AIR,HBA
"TRAM, SOCIETE",TRAM AIR,TMQ
TRAMON AIR CC,TRAMON,TMX
TRAMSON LIMITED,TRAMSON,TRR
"TRANS AIR (HONOLULU, HI)",TRANSAIR,MUI
"TRANS AIR CHARTER, INC. (FULLERTON, CA)",TRACKER,TRC
TRANS AIR WELWITCHIA,WELWITCHIA,TWW
TRANS AM COMPANIA LTDA.,AERO TRANSAM,RTM
"TRANS AMERICA (ENGLEWOOD, CO)",CLINTON AIRWAYS,CLR
TRANS AMERICA AIRLINES INC.,TRANS-AMERICA,TVA
TRANS AMERICAN AIRLINES S.A. - TRANS AM,TRANS PERU,TPU
TRANS ARABIAN AIR TRANSPORT,TRANS ARABIAN,TRT
TRANS CARAVAN KG,TRANS CARAVAN,TCK
TRANS CONTINENTAL AIRLINES,TRANSCAL,TCC
TRANS GUYANA AIRWAYS,TRANS GUYANA,TGY
TRANS INTERNATIONAL AIRLINES,TRANS INTERNATIONAL,TIA
TRANS INTERNATIONAL EXPRESS AVIATION,BIG APPLE,BAP
TRANS ISLAND AIR (2000),TRANS ISLAND,TRD
TRANS ISLAND AIRWAYS LTD.,THUNDERBALL,GGT
"TRANS MALDIVIAN AIRWAYS PVT., LTD",TRANS MALDIVIAN,TMW
TRANS MEDITERRANEAN AIRLINES (TMA),TANGO LIMA,TMA
TRANS NATION AIRWAYS LTD,TRANS-NATION,TNW
"TRANS NORTHERN AIRWAYS, LLC",GENIE,AUD
TRANS RECO,TRANS-RECO,REC
TRANS SAHARA AIR LTD,TRANS SAHARA,SBJ
"TRANS STATES AIRLINES, INC. D/B/A TRANS WORLD EXPRESS",WATERSKI,LOF
TRANS-AIR SERVICES LIMITED,AIR TRANS,TSN
TRANS-AIR-CONGO,TRANS-AIR-CONGO,TSG
"TRANS-AIR-LINK CO. (MIAMI, FL)",SKY TRUCK,GJB
"TRANS-COLORADO AIRLINES, INC. (GUNNISON, CO)",TRANS-COLORADO,TCE
"TRANS-FLORIDA AIRLINES (DAYTONA BEACH, FL)",TRANS FLORIDA,TFA
TRANS-PACIFIC AIR CHARTER LLC,FRIGATE,FGR
"TRANSAEREO 5074, C.A.",TRANSAEREO,TEO
TRANSAFRIC UGANDA LIMITED,UGATRANS,TKU
TRANSAFRICAINE AIR CARGO,AFRICARGO,TCG
TRANSAFRICAINE S.A.,TRANSFAS,TNF
TRANSAFRICAN AIR LIMITED,TRANSAFRICAN,TAK
TRANSAFRIK INTERNATIONAL LTD,,TFK
TRANSAIR FRANCE,AIRTRAF,TSA
TRANSAIR GABON,TRANSGABON,TGX
TRANSARABIAN TRANSPORTATION SERVICES CO. LTD,ARABIAN TRANSPORT,UTT
TRANSASIA AIRWAYS,,TNA
"TRANSAVEN (TRANSPORTE AEREO DE VENEZUELA, C.A.)",TRANSAVEN AIRLINE,VEN
TRANSAVIA DENMARK APS,,TDK
"TRANSAVIA FLUGBETRIEBSGESELLSCHAFT MBH, SPEYER",,TAD
TRANSAVIA FRANCE,FRANCE SOLEIL,TVF
TRANSAVIA HOLLAND B.V.,TRANSAVIA,TRA
TRANSAVIABALTIKA,TRANSBALTIKA,KTB
TRANSAVIAEXPORT,TRANSEXPORT,TXC
"TRANSCARGA INTL AIRWAYS, C.A.",TIACA,TIW
TRANSCARGO,TRANSCARGO,TRG
TRANSCONTINENTAL AIR WLL,TRANS GULF,TCH
TRANSCONTINENTAL SUR S.R.L.,TRANS-CONT,TCT
TRANSCORP AIRWAYS,TRANSCORP,TCP
TRANSLIZ AVIATION (K) LTD,TOURLIZ,TKA
TRANSLIZ AVIATION (TMS) LTD,TRANSLIZ,TLZ
"TRANSMANDU, C.A.",TRANSMANDU,TMD
"TRANSMERIDIAN AIRLINES (HOUSTON, TX)",TRANS-MERIDIAN,TRZ
"TRANSNORTHERN, LLC (ANCHORAGE, AK)",TRANSNORTHERN,TNV
"TRANSNUSA AVIATION MANDIRI, PT.",TRANSNUSA,TNU
"TRANSPAIS AEREO, S.A. DE C.V.",TRANSPAIS,TPM
TRANSPORT AERIEN DE MAURITANIE (TAM),SOTRANS,TRM
TRANSPORT AUTHORITY,CALIMERA,CIA
"TRANSPORT FACILITATORS, INC. (HOUSTON, TX)",,TFI
"TRANSPORTACION AEREA DEL MAR DE CORTES, S.A. DE C.V.",TRANS CORTES,MCT
"TRANSPORTACION AEREA DEL NORTE, S.A. DE C.V.",AEREA DELNORTE,TPN
"TRANSPORTATION AMERICA CORPORATION D/B/A DIXIE AIRWAYS (NASHVILLE, TN)",TACAIR,DEE
TRANSPORTE AEREO DE CARGA COSMOS S.A.,,KMS
TRANSPORTE AEREO DE CARGA DEL CARIBE S.A. TAECA,TAECA,JYR
TRANSPORTE AEREO DE COLOMBIA,AEREO COLOMBIA,TCB
TRANSPORTE AEREO EXPRESO MOCHE S.A.C.,APUKA,APU
"TRANSPORTE AEREO MGM, S.A DE C.V.",AERO EMM-GEE-EMM,MGM
TRANSPORTE AEREO S.A. (LAN EXPRESS),LANEX,LXP
"TRANSPORTE AEREO TECNICO EJECUTIVO, S.A. DE C.V.",TECNICO,TTS
TRANSPORTE AMAZON AIR C.A.,TRANS AMAZON,TMZ
"TRANSPORTE EJECUTIVO AEREO, S.A. DE C.V.",EJECUTIVO-AEREO,EAR
"TRANSPORTES AEREOS AMPARO, S.A. DE C.V.",AMPARO,MPO
TRANSPORTES AEREOS BOLIVIANOS (TAB),BOL,BOL
TRANSPORTES AEREOS COSTARRICENSES,TAC AIRLINES,TIC
"TRANSPORTES AEREOS DE ACAPULCO, S.A. DE C.V",TRANSACA,LWC
TRANSPORTES AEREOS DE CABO VERDE - TACV,CABOVERDE,TCV
TRANSPORTES AEREOS DEL MERCOSUR S.A.,PARAGUAYA,LAP
TRANSPORTES AEREOS DON CARLOS LTDA.,DON CARLOS,DCL
TRANSPORTES AEREOS GUATEMALTECOS,CHAPIN,TGU
TRANSPORTES AEREOS MERCANTILES PANAMERICANOS S.A. (TAMPA),TAMPA,TPA
"TRANSPORTES AEREOS MEXIQUENSES, S.A. DE C.V.",MEXIQUENSES,MXQ
"TRANSPORTES AEREOS PEGASO, S.A. DE C.V.",TRANSPEGASO,TPG
TRANSPORTES AEREOS PETROLEROS (T.A.P.S.A.),TAPSA,TPS
"TRANSPORTES AEREOS PORTUGUESES, E.P.",AIR PORTUGAL,TAP
TRANSPORTES AEREOS SAN RAFAEL LTDA.,SAN RAFAEL,SRF
"TRANSPORTES AEREOS SIERRA ALTA, S.A. DE C.V.",SIERRA ALTA,RRT
"TRANSPORTES AEREOS SIERRA MADRE, S.A. DE C.V.",TRANSPORTE SIERRA,SEI
"TRANSPORTES AEREOS TAURO, S.A. DE C.V.",TRANSTAURO,TAU
"TRANSPORTES AEREOS TERRESTRES, S.A. DE C.V.",TRANS-TERRESTRES,TRX
TRANSPORTES AEROMAR,TRANS-AEROMAR,TAO
"TRANSPORTES AERONAUTICOS DEL BAJIO, S.A. DE C.V.",TRANS-BAJIO,TAB
"TRANSPORTES EJECUTIVOS PIZA, S.A. DE R.L.",TRANSPORTES PIZA,TEP
"TRANSPORTES INTERILHAS DE CABO VERDE, SOCIEDADE UNIPESSOAL, SA. TICV",MORABEST,BCV
"TRANSPORTES LA PAZ, S.A. DE C.V.",TRANSPAZ,TPZ
TRANSPORTES NACIONALES CA,TRANAVEN,THC
TRANSTECO,TRANSTECO,TTC
"TRANSWESTERN AIRLINES OF UTAH (LOGAN, UT)",TRANS-WEST,TRW
"TRANSWISATA PRIMA AVIATION, PT.",TRANSWISATA,TWT
TRAST AERO ATLANTIC,,TRE
"TRATAMIENTOS AGRICOLAS AEREOS PERAN, S.L.",,APB
"TRAVEL EXPRESS AVIATION SERVICES, PT.",TRAVEL EXPRESS,XAR
"TRAVEL MANAGEMENT COMPANY LTD (ELKHART, IN)",TRAIL BLAZER,TMC
TRAVELAIR,PAJAROS,TLV
TRAVERSE-AVIA SERVICE LTD,,VTR
TRAVIRA AIR,PARAMITA,TVV
TRAVIS COUNTY EMS,STAR FLIGHT,SFE
"TREND AVIATION, LLC (ORLANDO, FL)",TREND AIR,TDA
TRENER LTD,TRAINER,TNX
"TRI MG INTRA ASIA AIRLINES, PT.",TRILINES,TMG
"TRI-STATE AERO, INC. (EVANSVILLE, IL)",TRI-STATE,TSS
TRIAIR BERMUDA LTD,,TBQ
TRIANGLE AIRLINE (UGANDA) LTD,TRI AIR,TRU
"TRIDENT AIRCRAFT, INC",WATERMAN,WMN
"TRIFLY, LLC (MINNEAPOLIS, MN)",SAWBLADE,SWD
"TRIGANA AIR SERVICE, PT.",TRIGANA,TGN
"TRIP, TRANSPORTE AEREO REGIONAL DO INTERIO PAULISTA LTDA.",TRIP,TIB
TRIPLE O. AVIATION LTD,MIGHTY WING,TTP
TRISTAR AIR,TRIPLE STAR,TSY
"TRISTAR AIRLINES, INC. (LAS VEGAS, NV)",TRISTAR AIR,TRY
TROPIC AIR LTD,TROPISER,TOS
"TROPIC AIRLINES-AIR MOLOKAI(HONOLULU, HI)",MOLOKAI,TRO
TROPIC OCEAN AIRWAYS LLC,WAGNER,FTO
"TROPICAL AERO SERVICIOS, S.R.L.",TROPICAL,TPD
TROPICAL AIRWAYS D'HAITI,,TBG
TROPICANA AIRLINES,TROPICANA,TGP
TRTO AGENCY LTD.,FOGLIA,MGF
TRUE AVIATION LIMITED,TRUE AVIATION,TUB
TRUMAN AVIATION,TRUMAN,...
TRUSTCO AIR SERVICES (PTY) LTD,SKIPPER,KPR
TRUSTCO GROUP INTERNATIONAL (PTY) LTD,TRUSTCO,TUS
TRUSTFLIGHT (JERSEY) LTD,TRUSTFLIGHT,TFJ
TSARADIA,TSARADIA,TDS
"TTA -SOCIEDADE DE TRANSPORTE E TRABALHO AEREO, S.A.R.L.",KANIMANBO,TTA
TTM KOREA CO. LTD,,TTK
TUI AIRLINES BELGIUM NV,BEAUTY,JAF
TUI AIRLINES NEDERLAND,ORANGE,TFL
TUI AIRWAYS LIMITED,TOMJET,TOM
"TUIFLY GMBH, LANGENHAGEN",TUI JET,TUI
TUIFLY NORDIC AB,BLUESCAN,BLX
TULCA (PTY) LTD,TULCA,MNO
TULPAR AIR,URSAL,TUL
TULPAR AIRCOMPANY LIMITED TRADE DEVELOPMENT,RUSSIAN EXPRESS,RFE
TUNIS AIR - SOCIETE TUNISIENNE DE L'AIR,TUNAIR,TAR
TUNISAIR EXPRESS,TUNEXPRESS,TUX
"TUNISAVIA - SOCIETE DE TRANSPORTS, SERVICES ET TRAVAUX AERIENS",TUNISAVIA,TAJ
TUNISIAN AIR FORCE,TUNISIAN AIRFORCE,TUN
TURBO MEGA AIRWAYS PVT. LTD.,TRUJET,TRJ
TURISTIK HAVA TASIMACILIK A.S.,CORENDON,CAI
"TURISVOL, S.L.",,TVH
TURK HAVA KURUMU HAVA TAKSI ISLETMESI,HUR KUS,THK
TURK HAVA YOLLARI (TURKISH AIRLINES CO.),TURKISH,THY
TURKISH AIR FORCE,TURKISH AIRFORCE,HVK
TURKISH AIRLINES GENERAL AVIATION,TURKISH REPUBLIC,TRK
TURKMENHOVAYOLLARY,TURKMENISTAN,TUA
TURKMENHOWAYOLLARY,TURKMENISTAN GOVERNMENT,TUG
TURPIAL AIRLINES,TURPIAL,VTU
TURTLE AIRWAYS LTD.,TURTLE,TLT
TURUKHAN AIRLINES,TURUKHAN,TRH
TUS AIRWAYS,TUS AIR,CYF
TUSAS TURK HAVACILIK VE UZAY SANAYI A.S.,TUSAS,THS
TUSHETI,TUSHETI,USB
"TWC AVIATION, INC.",SILICON,SCN
"TWIN AIR CALYPSO LIMITED, INC. (FORT LAUDERDALE, FL)",TWINCAL,TNY
"TWIN CITIES AIR SERVICE, INC. (AUBURN, ME)",TWIN CITY,TCY
TWIN JET,TWINJET,TJT
TWINJET AIRCRAFT SALES LTD,,TWJ
TYROL AIR AMBULANCE GMBH,TYROL AMBULANCE,TYW
TYROLEAN JET SERVICE NFG. GMBH & CO. KG,TYROLJET,TJS
TYROLEAN JET SERVICES MALTA LTD.,TYROL MALTA,TYJ
"U S AIR FORCE AUXILIARY, CIVIL AIR PATROL (MAXWELL AFB, AL)",CAP-FLIGHT,CPF
U S ARMY PARACHUTE TEAM,GOLDEN KNIGHTS,GKA
"U S JET, INC. (WASHINGTON, DC)",USJET,USJ
"U S MARSHALS SERVICE, U.S. DEPARTMENT OF JUSTICE (WASHINGTON, DC)",MARSHALAIR,MSH
"U.S FOREST SERVICE (OGDEN, UT)",FIRE SCAN,XCN
"U.S. AIR FORCE 100TH AIR REFUELING WING, RAF MILDENHALL",QUID,QID
"U.S. DEPARTMENT OF THE INTERIOR, OFFICE OF AIRCRAFT SERVICES, (BOISE, ID)",INTERIOR,DOI
"U.S. HELICOPTER CORP. (STRATFORD, CT)",US-HELI,USH
"U.S. IMMIGRATION AND CUSTOM ENFORCEMENT (KANSAS CITY, MO)",REPATRIATE,RPN
UAB GLOBAL AIRWAYS,LITGLOBE,GBL
UAB JUMP AIR,JUMP AIR,JUP
UAE POLICE,AIRWING,UAP
UAS CRANWELL,,UAS
UAS/AEF BENSON,,UAO
UAS/AEF BOSCOMBE DOWN,,UAU
UAS/AEF CHURCH FENTON,,UAX
UAS/AEF COLERNE,,UAD
UAS/AEF COSFORD,,UAY
UAS/AEF GLASGOW,,UAJ
UAS/AEF LEEMING,,UAQ
UAS/AEF LEUCHARS,,UAA
UAS/AEF ST ATHAN,,UAW
UAS/AEF WOODVALE,,UAM
UAS/AEF WYTON,,UAV
UCOAVIACION S.L.,UCOAVIACION,UCO
"UFS, INC. (ST.LOUIS, MO)",FEEDER FLIGHT,UFS
UGANDA AIR CARGO,UGANDA CARGO,UCC
UGANDA AIRLINES CORPORATION,UGANDA,UGA
UGANDA NATIONAL AIRLINES COMPANY LIMITED DBA UGANDA AIRLINES,CRESTED,UGD
UGANDA ROYAL AIRWAYS,UGANDA ROYAL,RAU
UGJET,UNIJET,UGJ
UK HEMS,HELIMED,HLE
UK HOME OFFICE,POLICE,UKP
UK INTERNATIONAL AIRLINES LTD,MAGENTA,UKI
UK PIPELINE INSPECTION,PIPELINE,...
UK POWERLINE INSPECTION,POWERLINE,...
UK ROYAL POSITIONING FLIGHTS (IN MILITARY AIRCRAFT),KITTY,RRF
UK ROYAL/HRH DUKE OF YORK,LEOPARD,LPD
UK ROYAL/VIP FLIGHTS (IN CIVIL CHARTERED AIRCRAFT),SPARROWHAWK,KRH
UK ROYAL/VIP FLIGHTS (IN MILITARY AIRCRAFT),KITTYHAWK,KRF
UK ROYAL/VIP HELICOPTER FLIGHTS,RAINBOW,TKF
UKRAINE AIR ENTERPRISE,ENTERPRISE UKRAINE,UKN
UKRAINE AIRALLIANCE,UKRAINE ALLIANCE,UKL
UKRAINE INTERNATIONAL AIRLINES,UKRAINE INTERNATIONAL,AUI
UKRAINIAN HANDLING COMPANY LLC,HANDLING COMPANY,UHC
"UKRAINIAN HELICOPTERS, CJS COMPANY",UKRAINE COPTERS,UHL
UKRAINIAN PILOT SCHOOL,PILOT SCHOOL,UPL
UKRAINIAN WINGS,UKRAINIAN WINGS,UWJ
"UKTUS, AIRCOMPANY",UKTUS,UKT
ULS AIRLINES CARGO,UNIVERSAL CARGO,KZU
ULSTER FLYING CLUB (1961),SCRABO,...
ULTIMATE AIRWAYS (PTY)LTD,VIPER,ULR
ULTIMATE HELI (PTY) LTD,ULTIMATE HELI,ULH
"ULTIMATE JETCHARTERS, INC. (NORTH CANTON, OH)",ULTIMATE,UJC
ULTRA AIR S.A.S,AIR ULTRA,ULS
"ULTRAAIR, LLC (OMAHA, NE)",ULTRAJET,ULA
"ULTRAIR, INC. (SMYRNA, TN)",ULTRAIR,ULT
UN HUMANITARIAN RELIEF FLIGHTS (KOSOVO),KOSFLIGHT,KSV
UNI AIRWAYS CORPORATION,,UIA
UNI-FLY A/S,UNICOPTER,UNC
UNI-FLY HELIWORX LIMITED,RAGNAR,UFX
"UNI-TOP AIRLINES CO., LTD",UNI-TOP,UTP
UNICAIR GMBH,UNICAIR,UNI
UNIDAD DE HELICOPTEROS DE LA ERTZAINTZA,,UHE
UNIDADES AEROMOVILES DEL EJERCITO DE TIERRA,,ETF
UNIJET,LEADAIR,LEA
UNION DE TRANSPORTES AEREO DE GUINEA ECUATORIAL (UTAGE),UTAGE,UTG
"UNION FLIGHTS (SACRAMENTO, CA)",UNION FLIGHTS,UNF
UNIQUE AIR CHARTER (PTY) LTD,UNIQUE,UNQ
UNITED AIR CHARTERS,UNITAIR,UAC
"UNITED AIRLINES, INC. (CHICAGO, IL)",UNITED,UAL
UNITED ARAB EMIRATES AIR FORCE,UNIFORCE,UAF
UNITED ARABIAN AIRLINES,UNITED ARABIAN,UAB
UNITED CARIBBEAN AIRLINES INC.,EAGLE EYE,UCB
"UNITED CARRIERS SYSTEMS, INC. (GAHANNA, OH)",UNITED CARRIERS,UCS
UNITED EAGLE DOO,EAGLE SLOVENIA,UEE
"UNITED EXECUTIVE JET, INC. D/B/A JETCORP (CHESTERFIELD, MO)",JETCORP,UEJ
UNITED NATIONS ORGANIZATION,UNITED NATIONS,UNO
"UNITED PARCEL SERVICE COMPANY, (LOUISVILLE, KY)",UPS,UPS
"UNITED STATES AIR FORCE AUXILIARY / CIVIL AIR PATROL (RICHMOND, VA)",CAP,CAP
"UNITED STATES DEPARTMENT OF JUSTICE PRISONER AND ALIEN TRANSPORTATION SERVICE (JPATS) (EL PASO, TX)",JUSTICE,DOJ
"UNITED STATES DEPARTMENT OF TRANSPORTATION, FEDERAL AVIATION ADMINISTRATION, FLIGHT INSPECTION SERVICES (OKLAHOMA CITY, OK)",FLIGHT CHECK,FLC
"UNITED STATES GOVERNMENT, DEPARTMENT OF STATE INL/A",DOSAIR,DOS
"UNITED STATES GOVERNMENT, DEPARTMENT OF THE INTERIOR",JUMPER,JPR
"UNITED STATES GOVERNMENT, FEDERAL AVIATION ADMINISTRATION",NIGHTHAWK,NHK
"UNITED WEST AIRLINES, INC. (STUART, FL)",GRUMPY,UWA
UNIVERSAL AIR CHARTER AND MANAGEMENT,UNIVERSALAIR,UVL
"UNIVERSAL AIRWAYS, INC.",UNIVERSAL,UVA
UNIVERSAL AVIATION ACADEMY,AIR UNIVERSE,AUE
"UNIVERSAL JET RENTAL DE MEXICO, S.A. DE C.V.",UNIVERSAL JET,UJR
UNIVERSITETET I TROMSO,ARTIC,UIT
"UNIVERSITY OF CENTRAL MISSOURI (WARRENSBURG, MO)",MULE-FLIGHT,UCM
"UNIVERSITY OF NORTH DAKOTA (GRAND FORKS, ND)",SIOUX,NDU
"UNIVERSITY OF OKLAHOMA, DEPARTMENT OF AVIATION (NORMAN, OK)",CRIMSON,OUA
"UNIWORLD COMMERCIAL GROUP, S.A. (UNIWORLD AIR CARGO)",UNIWORLD,UCG
UPAVON (TRENCHARD LINES),UPAVON,UPV
UPPER AREA CONTROL CENTRE,,ZUZ
UR AIRLINES,URAIR,UBD
URAL AIRLINES,SVERDLOVSK AIR,SVR
"URGEMER CANARIAS, S.L.",URGEMER,UGC
URUMQI AIRLINES CO. LTD.,LOULAN,CUH
"US AIRPORTS AIR CHARTER (ROCHESTER, NY)",US CHARTER,UCH
"US ARMY AERONAUTICAL SERVICES AGENCY (FT. BELVOIR, VA)",US ARMY,USR
"US NAVY AIR LOGISTICS OFFICE (NEW ORLEANS, LA)",CONVOY,CNV
US TRANSPORTATION COMMAND,CAMBER,CMB
US-BANGLA AIRLINES LTD.,BANGLASTAR,UBG
"USA 3000 AIRLINES (NEWTOWN SQUARE, PA)",GETAWAY,GWY
"USA JET AIRLINES, INC. (BELLEVILLE, MI)",JET USA,JUS
"USAC AIRWAYS 691, LLC",UBER,PGJ
USAC AIRWAYS 695 LLC,AERO BLACK,BLK
USAF AIR MOBILITY OPERATIONS CONTROL CENTER,,DOD
USAF'S 89TH AIRLIFT WING- ANDREWS AIR FORCE BASE,SAM,SAM
USKY AIR,URI AIR,URI
UTAIR AVIATION,UTAIR,UTA
UTAIR LIMITED,UTAIR LIMITED,UTR
UTAIR-HELICOPTER SERVICES,UTAIR HELICOPTERS,UTH
"UVAVEMEX, S.A. DE C.V.",UVAVEMEX,UVM
UZ AERO TECH GROUP,UZTECH,UAT
UZBEKISTAN AIRWAYS JSC,UZBEK,UZB
V-AVIA AIRLINE LTD,VEE-AVIA,WIW
VALAIR AG,VALAIRHELI,VHS
"VALAIR-AVIACAO, LDA",VALAIRJET,VVV
VALAN INTERNATIONAL CARGO CHARTER LTD,VALAN,VLN
VALAN INTERNATIONAL CARGO CHARTER SA PTY LTD,NALAU,VLA
"VALKYRIE AERO, LLC",DARK WING,DWG
VALLETTA AIRLINES,SUNNY SKY,HOT
VALLEY FTU,ANGLESEY,VYT
"VALLEY NATIONAL CORP. D/B/A BANCSTAR (PHOENIX, AZ)",BANCSTAR,BNS
VALLEY SAR TRAINING UNIT,,VLL
VALOR AIR,VALORAVIA,VAC
"VAN AIR EUROPE, A.S.",EUROVAN,VAA
"VANGUARDIA EN AVIACION EN COLIMA, S.A. DE C.V.",VANGUARDIA COLIMA,VGC
VARESH AIR LINES,SKY VICTOR,VRH
VARIG LOGISTICA S.A.,VELOG,VLO
VASCO,VASCO AIR,VFC
VC BELOGORIE,BELOGORIE,BLO
VCAP AVIATION LLC,CARDS FLIGHT,CXF
VEGA AVIATION & ENG. SYSTEMS CO. LTD,VEGA AVIATION,VIG
VENSECAR INTERNACIONAL C.A.,VECAR,VEC
"VENT AIRLINES, INC. (SAN ANTONIO, TX)",VALKYRIE,VKY
VENTURA AIR SERVICES,VENTURA,VNT
"VENTURE AVIATION GROUP, LLC (GREENVILLE, SC)",POINSETT AIR,VET
VERIJET,WHISPER JET,WSP
"VERO MONMOUTH AIRLINES (VERO BEACH, FL)",VERO MONMOUTH,VMA
"VERTICAL AVIATION, LLC",MARIANAS,MDB
"VERTICAL-T, AIR COMPANY",VERTICAL,VLT
"VETERANS AIRLIFT COMMAND (ST. LOUIS PARK, MN)",HERO-FLIGHT,HRF
VH-AIR INDUSTRIE,AIR V-H,VHA
VI AIR LINK,TURTLE DOVE,VIL
VIA AIR,VID-AIR,VID
VIA AIRLINES,STINGRAY,SRY
"VIAJES DON GOYO, S.A. DE C.V.",VIAJES DON GOYO,VDG
"VIAJES EJECUTIVOS MEXICANOS, S.A. DE C.V.",VIAJES MEXICANOS,VJM
VICHI,VICHI,VIH
VICTORIA INTERNATIONAL AIRWAYS LTD,VICTORIA,WEV
VICTORY AIR LLC,FRONTRUNNER,FTN
"VIEQUES AIR LINK, INC. (VIEQUES, PR)",VIEQUES,VES
VIETJET AVIATION JOINT STOCK COMPANY,VIETJETAIR,VJC
VIETRAVEL AIRLINES,VIETRAVEL AIR,VAG
VIETSTAR AIRLINE CORP (VIETSTAR AIRLINES MULTIROLE CORPORATION),VIETSTAR,VSM
"VIFEOMED, S.A. DE C.V.",VIFEMED,VFM
"VIH COUGAR HELICOPTERS, INC. (BELLINGHAM, WA)",WILDCAT,VHC
VIKING AIR LTD,TRUE NORTH,VKN
"VIKING EXPRESS, INC. (WEST CHICAGO, IL)",TITAN AIR,WCY
VILLA AIR PRIVATE LIMITED,VILLA AIR,VQI
"VILLAGE AVIATION, INC. D/B/A CAMAI-AIR (BETHEL, AK)",AIR CAMAI,CAM
VIM AIRLINES,MOV AIR,MOV
"VINAIR - HELICOPTEROS, LIMITADA",VINAIR,VIN
"VINTAGE PROPS AND JETS, INC. (NEW SMYRNA BEACH, FL)",VINTAGE,VPP
VINTAGE WINGS OF CANADA,GOLDEN HAWK,GHK
VIP AIR TRANSPORT,SUMMAN,BFW
"VIP EMPRESARIAL, S.A. DE C.V.",VIP EMPRESARIAL,VIE
"VIP SERVICIOS AEREOS EJECUTIVOS, S.A. DE C.V.",VIP-EJECUTIVO,VIC
"VIPPORT, JSC",,VNK
"VIRGIN AMERICA, INC. (BURLINGAME, CA)",REDWOOD,VRD
VIRGIN ATLANTIC,VIRGIN,VIR
VIRGIN ATLANTIC INTERNATIONAL LIMITED,,VGI
VIRGIN AUSTRALIA,VELOCITY,VOZ
VIRGIN AUSTRALIA AIRLINES (NZ) LTD,BLUEBIRD,PBN
VIRGIN EXPRESS,VIRGIN EXPRESS,VEX
"VIRGIN GALACTIC, LLC (GILBERT, AZ)",GALACTIC,VGX
"VIRGIN ISLANDS SEAPLANE SHUTTLE, INC.(ST.CROIX, VI)",WATERBIRD,VSS
VIRGIN NIGERIA,VIRGIN NIGERIA,VGN
VIRGIN ORBIT,COSMIC GIRL,OBT
VIRTRANS LTD,,VAB
"VISCOUNT AIR SERVICE, INC. (TUCSON, AZ)",VISCOUNT AIR,VCT
VISION AIR INTERNATIONAL (PVT) LIMITED,DREAM BIRD,VIS
VISION AIRLINES LTD,SUPER JET,SSI
"VISION AIRLINES, INC. D/B/A VISION AIR (NORTH LAS VEGAS, NV)",RUBY,RBY
VISION FLIGHT CENTER,VISION FLIGHT,VFS
VISTAJET,CARBON,VJS
VISTAJET LTD,VISTA JET,VJT
VIVA AIRLINES PERU S.A.C.,VIVA PERU,VPE
VIVA MACAU LIMITED,JACKPOT,VVM
VJET SA DE CV,JET SOLUTIONS,VYE
"VL SERVICIOS NACIONALES, S.A. DE C.V.",SERVI NAL,LSN
VLM AIRLINES D.D.,RIBICA,WLM
VLM AIRLINES N.V.,PHOENIX,TCW
VMO SOLUTIONS,,VMO
VOAR AVIATION TAXI AEREO E MANUTENCAO LTDA,VOAR,VOA
VOAR LDA.,VOAR LINHAS,VRL
VOLANT AVIATION INTERNATIONAL,,VAI
"VOLARE 22 X, S.A. DE C.V.",VOLAX,VLR
"VOLARE AIR CHARTER COMPANY (EL PASO, TX)",CARMEN,VCM
VOLARE AVIATION (GUERNSEY) LTD.,VOLARE,VLZ
"VOLATO, INC",TOMBO,TMB
VOLDIRECT SAS,VOLDIR,VDR
"VOLEMOS SERVICIOS AEREOS, S.L.",,VOY
VOLGA-DNEPR,VOLGA,VDA
VOLKSWAGEN AIRSERVICE GMBH,BEETLE,BTX
VOLOGDA STATE AIR ENTERPRISE,VOLOGDA AIR,VGV
"VOLOTEA, S.L.",VOLOTEA,VOE
VOLUXIS,VOLUXIS,VXS
VOSTOK AIRLINES,VOSTOK,VTK
"VOSTOKAVIASERVIS, LLC",,VAV
VOYAGE AIR LTD.,VARNA LINES,VRG
VOYAGEUR AIRWAYS LTD.,VOYAGEUR,VAL
VUELA AVIACION S.A. (VOLARIS COSTA RICA),COSTA RICAN,VOC
VUELA EL SALVADOR S.A. DE C.V.,JETSAL,VOS
VUELING AIRLINES,VUELING,VLG
"VUELOS CORPORATIVOS DE TEHUACAN, S.A. DE C.V.",VUELOS TEHUACAN,VTH
VUELOS INTERNOS PRIVADOS (V.I.P.),VIPEC,VUR
VUKANI AVIATION CC,VUKANI,VUK
VULKAN AIR LLC,VULKAN AIR,VKA
VVB AVIATION CHARTER SERVICES LTD,VEE-TRANS,VVB
VZLYET,VZLYET,VZL
"WACHOVIA FLIGHT OPERATIONS D/B/A HAWKAIRE (CHARLOTTE, NC)",HAWKEYE,HKI
WADDINGTON FTU,VULCAN,WAD
"WALMART AVIATION (ROGERS, AR)",CHARGE,CGG
WALTZING MATILDA AVIATION,MATILDA,WZM
WALYA AIRWAYS,WALYA,EAW
WAMOS AIR S.A.,PULLMAN,PLM
WANFENG GENERAL AVIATION CO. LTD.,WANFENG,WFH
"WARBELOWS AIR VENTURES (FAIRBANKS, AK)",WARBELOW,WAV
WARTON LARGE AIRCRAFT FLIGHT OPERATIONS,AVRO,WFD
WARTON MILITARY FLIGHT OPS,TARNISH,WTN
WASAYA AIRWAYS LTD,WASAYA,WSG
WAT PHNOM AIRLINES,WAT PHNOM,WPH
"WATERMAKERS AIR (FT. LAUDERDALE, FL)",WATERMAKERS,WMA
"WATERS AERO-MARINE, INC. D/B/A PENOBSCOT ISLAND AIR (SOUTH THOMASTON, ME)",MIDCOAST,MID
"WAYFARER AVIATION, INC. (WEYMOUTH, MA)",WAYFARER,WYF
"WEATHERNEWS, INC",,WNI
WEBJET LINHAS AEREAS LTDA.,WEB-BRASIL,WEB
"WEJET, INC.",WE JET,WEJ
"WELCH AVIATION, INC. (ALPENA, MI)",THUNDER BAY,TDB
WELCOME AIR LUFTFAHRT- GMBH & CO KG,WELCOMEAIR,WLC
WELTALL-AVIA AIRLINES,WELTALL,WLL
WERMLANDSFLYG OPERATIONS AB,BLUESTAR,BLW
WESSEX AVIATION LIMITED (TRADING AS AIR ALDERNEY LIMITED),PUFFIN,PUF
WEST AFRICAN AIRLINES,,WSF
WEST AFRICAN CARGO AIRLINES SARL,WESTAF CARGO,WAC
WEST ATLANTIC SWEDEN AB,AIR SWEDEN,SWN
WEST ATLANTIC UK LIMITED,NEPTUNE,NPT
WEST CARIBBEAN AIRWAYS S.A.,,WCW
"WEST COAST CHARTERS (SANTA ANA, CA)",WEST COAST,WCC
WEST FREUGH DTEO,TEEBIRD,TEE
"WEST ISLE AIR, INC. (ANACORTES, WA)",MARINER,MRR
WEST LINK AIRLINES (NIG) LIMITED,WEST LINK,WLN
WEST WIND AVIATION INC.,WESTWIND,WEW
WESTAIR AVIATION (PTY) LTD,WESTAIR WINGS,WAA
WESTAIR AVIATION INC.,NORTHERN LIFE,NLF
WESTAIR AVIATION LIMITED,EMERALD,EFF
"WESTAIR INDUSTRIES, INC. (CHICO, CA)",PAC VALLEY,PCM
WESTERN AIR,WESTERN AIR,WST
"WESTERN AIR EXPRESS (BOISE, ID)",WESTERN EXPRESS,WAE
"WESTERN AIRCRAFT, INC.",SAWTOOTH,STT
"WESTERN AVIATORS (GRAND JUNCTION, CO)",WESTAVIA,WTV
"WESTERN GLOBAL AIRLINES, LLC (ESTERO, FL)",WESTERN GLOBAL,WGN
WESTERN MICHIGAN UNIVERSITY COLLEGE OF AVIATION,SKYBRONCO,WMU
WESTERN PACIFIC AIRSERVICE,WESTPAC,WPA
WESTJET AIRLINES LTD,WESTJET,WJA
WESTJET ENCORE,ENCORE,WEN
WESTWIND AVATION LTD. (KENYA),WILKEN AIR,WWA
"WESTWIND SCHOOL OF AERONAUTICS, PHOENIX, LLC, DBA UNITED AVIATE ACADEMY",VARNEY,VAR
WHITE,WHITEJET,WHT
WHITE RIVER AIR SERVICES LTD.,,WRA
WHITE WALTHAM AIRFIELD LTD,WALTHAM,...
WHITEJETS,BRASILJETS,WTJ
WHIZZARD HELICOPTERS,SPELLCASTER,...
WIDEROE'S FLYVESELSKAP A/S,WIDEROE,WIF
WIDGEON AIRLINE,WIDGEON,WID
"WIGGINS AIRWAYS (NORWOOD, MA)",WIGGINS AIRWAYS,WIG
WIJET,WIJET,WJT
"WIKING HELIKOPTER SERVICE, GMBH, BREMEN",WEEKING,WHS
WILDERNESS AIR SOUTH AFRICA (PTY) LTD,WILDERNESS,WLD
"WILLIAMS AIR, INC. (MEDFORD LAKES, NJ)",WILLIAMS AIR,WLS
WILLIAMS GRAND PRIX ENGINEERING LTD,GRAND PRIX,WGP
WINAIR D.O.O.,,WVZ
"WINAIR, INC. (SALT LAKE CITY, UT)",WINAIR,WNA
WIND ROSE AVIATION COMPANY LTD,WIND ROSE,WRC
"WIND SPIRIT AIR, INC. (DETROIT, MI)",WIND SPIRIT,WSI
"WINDROSE AIR JETCHARTER GMBH, BERLIN",QUADRIGA,QGA
"WINDSOR JET MANAGEMENT (FORT LAUDERDALE, FL)",WINDSOR JET,WJM
WINDWARD EXPRESS AIRWAYS N.V,DAYSTAR,WEA
WINDWARDS ISLANDS AIRWAYS INTERNATIONAL N.V.,WINDWARD,WIA
"WING ABADI AIRLINES, PT.",WINGS ABADI,WON
WING AVIATION,CLEAR WING,CWG
WINGGLIDER LIMITED GBR.ATO.0216,SHERRY,FIS
"WINGS AIR (LAWRENCEVILLE, GA)",BUSHWOOD,WAI
WINGS AIR TRANSPORT CO.,,WAT
"WINGS AIRWAYS (BLUE BELL, PA)",WING SHUTTLE,WAW
WINGS AVIATION LIMITED,WINGJET,WOL
WINGS AVIATION LTD,TRADEWINGS,TWD
WINGS OF LEBANON AVIATION,WINGS LEBANON,WLB
WISCONSIN AIR NATIONAL GUARD,,WAG
"WISMAN AVIATION (FT. WAYNE, IN)",WISMAN,WSM
WITTERING FTU,STRIKER,WIT
WIZZ AIR ABU DHABI,WIZZ SKY,WAZ
WIZZ AIR HUNGARY LTD,WIZZAIR,WZZ
WIZZ AIR MALTA LIMITED,WIZZAIRMALTA,WMT
WIZZ AIR UK LTD.,WIZZ GO,WUK
WONDAIR ON DEMAND AVIATION S.L.,WONDAIR,WNR
WOODGATE AVIATION (NI) LTD.,CAUSEWAY,CWY
WORLD2FLY,BLUE WORLD,WFL
WORLD2FLY PORTUGAL,NEW BLUE,WPT
WORLD AIR CARGO COMPANY (INTERNATIONAL AIR COMPANY),KUWAIT CARGO,RGD
WORLD AIRWAYS INC.,WORLD,WOA
WORLD CARGO AIRLINE SDN. BHD.,WORLD CARGO,WCM
"WORLD CLASS JET, LLC",STARBASE,SBE
WORLDWIDE AVIATION SERVICES,,WWS
"WORLDWIDE JET CHARTER (SCOTTSDALE, AZ)",WORLDWIDE,WWI
WOW AIR,WOW AIR,WOW
"WRA, INC. (MORRISVILLE, NC)",WRAP AIR,WRR
"WRIGHT AIR LINES, INC. (CLEVELAND, OH)",WRIGHT-AIR,WRT
"WRIGHT AIR SERVICE, INC. (FAIRBANKS, AK)",WRIGHT FLYER,WRF
WSI CORPORATION,,XWS
WUCHER HELICOPTER GMBH,HELIPOWER,...
"WUERTH AVIATION, KUENZELSAU",FASTY,WUE
"WYOMING AIRLINES LTD. (DENVER, CO)",WYOMING,WYG
X2 AIR LIMITED,SKY NET,BBI
"XABRE AEROLINEAS, S.A. DE C.V.",AERO XABRE,XAB
XAIR BRNO,AURA,XAE
XCEL JET,XCEL JET,XLJ
XCLUSIVE JET CHARTER LTD,EXCLUSIVE JET,XJC
XE JET,RED TAIL,XEJ
XEROX CORPORATION,XEROX,XER
"XI'AN AVIATION BASE JINSHENG GENERAL AVIATION CO., LTD",SHENGLI,JHK
XIAMEN AIRLINES,XIAMEN AIR,CXA
XINJIANG GENERAL AVIATION CO. LTD.,BRIGHT PEARL,XTH
XL AIRWAYS FRANCE,STARWAY,XLF
XOJET AVIATION LLC,EXOJET,XOJ
XSTRATA NICKEL (RAGLAN MINE),RAGLAN,RAG
Z-AERO AIRLINES LTD,,KVZ
ZAFER HAVACILIK A.S ( ZAFER AVIATION ),ARAS AIR,HMZ
ZAGROS AIRLINES,ZAGROS,IZG
ZAGROSJET CO.,,GZQ
ZAMBIA AIRWAYS (2014) LIMITED,AIR ZAMBIA,AZB
ZAMBIA SKYWAYS LIMITED,ZAMBIA SKIES,ZAK
ZANAIR LIMITED,ZANAIR,TAN
"ZANESVILLE AVIATION (ZANESVILLE, OH)",ZANE,CIT
ZAS AIR,,AZJ
ZEMAN FLUGTECHNIK & LOGISTIK GMBH,JETSERVICE,JTS
ZEMAN NEXTGEN,ALLEY JET,AYJ
ZEMMOUR AIRLINES,ZEMMOUR,EMR
ZENITH AIR CC,ZENAIR,AZR
ZENITH AVIATION LTD,ZENSTAR,BZE
ZEPHYR AVIATION LTD,CHALGROVE,MBG
"ZEPHYR EXPRESS (BURBANK, CA)",RECOVERY,RZR
"ZETAVIA LIMITED, AIRCOMPANY",ZETAVIA,ZAV
"ZETTA JET USA, INC.",TIME MACHINE,ETA
"ZHEJIANG LOONG AIRLINES CO., LTD",LOONG AIR,CDC
"ZHEJIANG WANFENG GENERAL AVIATION CO., LTD.",CHEER,WHG
ZHETYSU,ZHETYSU,JTU
ZHEZKAZGAN-AIR (ZHEZ AIR),ULUTAU,KZH
ZIL AIR PTY LTD,ZIL AIR,SYZ
ZIMEX AVIATION AUSTRIA,MAILMAN,AZD
ZIMEX AVIATION LTD,ZIMEX,IMX
ZIPAIR TOKYO INC.,ZIPPY,TZP
ZOOM AIR,ZOOM,ZOM
"ZOREX, S.A.",ZOREX,ORZ
"ZORTE AIR, LLC",ZORTE,MZI
ZRACNO PRISTANISTE MALI LOSINJ D.O.O.,MALI LOSINJ,MLU
