Manufacturer,Model,Code,Type,Engine Type
328 SUPPORT SERVICES,Dornier 328JET,J328,Fixed-Wing,Jet
3XTRIM,450 Ultra,UL45,Fixed-Wing,Piston
3XTRIM,Ultra,UL45,Fixed-Wing,Piston
3XTRIM,550 Trener,TR55,Fixed-Wing,Piston
3XTRIM,Trener,TR55,Fixed-Wing,Piston
3XTRIM,3X-47 Ultra,UL45,Fixed-Wing,Piston
3XTRIM,3X-55 Trener,TR55,Fixed-Wing,Piston
3XTRIM,3X-LS Navigator 600,TR55,Fixed-Wing,Piston
3XTRIM,Navigator 600,TR55,Fixed-Wing,Piston
A-41,VNS-41,CE22,Amphibian,Piston
A2 CZ,Ellipse Spirit,ELSP,Fixed-Wing,Piston
AAC,SeaStar,PETR,Amphibian,Piston
AAK,Bushman,BMAN,Fixed-Wing,Piston
AAK,Hornet,HRNT,Fixed-Wing,Piston
AAK,Wasp,WSP,Fixed-Wing,Piston
AAK,Flamingo,FMGO,Fixed-Wing,Piston
AAMSA,A-9 Quail,A9,Fixed-Wing,Piston
AAMSA,Quail,A9,Fixed-Wing,Piston
AASI,Jetcruzer,JCRU,Fixed-Wing,Turboprop/Turboshaft
ABHCO,Gazelle,GAZL,Helicopter,Turboprop/Turboshaft
ABHCO,SA-342 Gazelle,GAZL,Helicopter,Turboprop/Turboshaft
ABS,RF-9,RF9,Fixed-Wing,Piston
ABS AEROLIGHT,Xenon,XNON,Gyrocopter,Piston
ACBA,ACBA-8 Midour 2,MIDR,Fixed-Wing,Piston
ACBA,Midour 2,MIDR,Fixed-Wing,Piston
ACE,Junior Ace,JACE,Fixed-Wing,Piston
ACE,Super Ace,SACE,Fixed-Wing,Piston
ACEAIR,A-200 Aeriks 200,ARKS,Fixed-Wing,Piston
ACEAIR,A-200 Aeris 200,ARKS,Fixed-Wing,Piston
ACEAIR,Aeriks 200,ARKS,Fixed-Wing,Piston
ACEAIR,Aeris 200,ARKS,Fixed-Wing,Piston
ACES HIGH,Cuby 2,CUB2,Fixed-Wing,Piston
ACRO SPORT,Acro-Sport 1,ACRO,Fixed-Wing,Piston
ACRO SPORT,Acro-Sport 2,ACR2,Fixed-Wing,Piston
ACRO SPORT,Cougar,COUG,Fixed-Wing,Piston
ACRO SPORT,Junior Ace,JACE,Fixed-Wing,Piston
ACRO SPORT,Super Ace,SACE,Fixed-Wing,Piston
ACRO SPORT,Super Acro-Sport,ACRO,Fixed-Wing,Piston
ACS,ACS-100 Sora,SORA,Fixed-Wing,Piston
ACS,Sora,SORA,Fixed-Wing,Piston
AD AEROSPACE,T-211,T211,Fixed-Wing,Piston
ADA,LCA Tejas,LCA,Fixed-Wing,Jet
ADA,Tejas,LCA,Fixed-Wing,Jet
ADAM (1),Loisirs,RA14,Fixed-Wing,Piston
ADAM (1),RA-14 Loisirs,RA14,Fixed-Wing,Piston
ADAM (1),RA-17,RA17,Fixed-Wing,Piston
ADAM (2),A-500,A500,Fixed-Wing,Piston
ADAM (2),A-500 CarbonAero,A500,Fixed-Wing,Piston
ADAM (2),A-700 AdamJet,A700,Fixed-Wing,Jet
ADAM (2),AdamJet,A700,Fixed-Wing,Jet
ADAM (2),CarbonAero,A500,Fixed-Wing,Piston
ADAMS,T-211,T211,Fixed-Wing,Piston
ADVANCED AEROMARINE,Mallard,BUCA,Amphibian,Piston
ADVANCED AIRCRAFT,Regent 1500,C21T,Fixed-Wing,Turboprop/Turboshaft
ADVANCED AIRCRAFT,Spirit 750,C10T,Fixed-Wing,Turboprop/Turboshaft
ADVANCED AIRCRAFT,Turbine P210,C10T,Fixed-Wing,Turboprop/Turboshaft
ADVANCED AVIATION,Buccaneer,BUCA,Amphibian,Piston
ADVENTURE AIR,Adventurer,ADVN,Amphibian,Piston
AEA,Explorer 500T,EX5T,Fixed-Wing,Turboprop/Turboshaft
AEA,Maverick,MAVR,Fixed-Wing,Piston
AERFER-AERMACCHI,AM-3,AM3,Fixed-Wing,Piston
AERITALIA,AMX Ghibli,AMX,Fixed-Wing,Jet
AERITALIA,G-222,G222,Fixed-Wing,Turboprop/Turboshaft
AERITALIA,Ghibli,AMX,Fixed-Wing,Jet
AERITALIA,Tornado,TOR,Fixed-Wing,Jet
AERITALIA-AERMACCHI,AM-3,AM3,Fixed-Wing,Piston
AERMACCHI,AL-60,LA60,Fixed-Wing,Piston
AERMACCHI,AL-60 Conestoga,LA60,Fixed-Wing,Piston
AERMACCHI,AL-60 Trojan,LA60,Fixed-Wing,Piston
AERMACCHI,AMX Ghibli,AMX,Fixed-Wing,Jet
AERMACCHI,Conestoga,LA60,Fixed-Wing,Piston
AERMACCHI,Ghibli,AMX,Fixed-Wing,Jet
AERMACCHI,F-260F,F260,Fixed-Wing,Piston
AERMACCHI,M-290TP Redigo,L90,Fixed-Wing,Turboprop/Turboshaft
AERMACCHI,MB-326,M326,Fixed-Wing,Jet
AERMACCHI,MB-339,M339,Fixed-Wing,Jet
AERMACCHI,Redigo,L90,Fixed-Wing,Turboprop/Turboshaft
AERMACCHI,T-260,F260,Fixed-Wing,Piston
AERMACCHI,Trojan,LA60,Fixed-Wing,Piston
AERMACCHI,F-260E,F260,Fixed-Wing,Piston
AERMACCHI,SF-260E,F260,Fixed-Wing,Piston
AERMACCHI,SF-260F,F260,Fixed-Wing,Piston
AERMACCHI,SF-260T,F26T,Fixed-Wing,Turboprop/Turboshaft
AERMACCHI,M-346 Master,M346,Fixed-Wing,Jet
AERMACCHI,T-346 Master,M346,Fixed-Wing,Jet
AERMACCHI,Master,M346,Fixed-Wing,Jet
AERMACCHI,AL-60 Loadmaster,LA60,Fixed-Wing,Piston
AERMACCHI,AL-60 Turbine Grizzly,LA6T,Fixed-Wing,Turboprop/Turboshaft
AERMACCHI,Loadmaster,LA60,Fixed-Wing,Piston
AERMACCHI,Turbine Grizzly,LA6T,Fixed-Wing,Turboprop/Turboshaft
AERO (1),Alti Cruiser,AC72,Fixed-Wing,Piston
AERO (1),Commander 500,AC50,Fixed-Wing,Piston
AERO (1),Commander 520,AC52,Fixed-Wing,Piston
AERO (1),Commander 560,AC56,Fixed-Wing,Piston
AERO (1),Commander 680 Super,AC68,Fixed-Wing,Piston
AERO (1),Commander 680E,AC68,Fixed-Wing,Piston
AERO (1),Commander 680F,AC68,Fixed-Wing,Piston
AERO (1),Commander 720 Alti Cruiser,AC72,Fixed-Wing,Piston
AERO (1),L-26B Commander 560,AC56,Fixed-Wing,Piston
AERO (1),L-26C Commander 680 Super,AC68,Fixed-Wing,Piston
??Manufacturer,?Model,?Type Designator,?Description,?Engine Type
AERO (1),U-4A Commander 560,AC56,Fixed-Wing,Piston
AERO (1),U-4B Commander 680 Super,AC68,Fixed-Wing,Piston
AERO (1),U-9 Commander 680 Super,AC68,Fixed-Wing,Piston
AERO (2),45,AE45,Fixed-Wing,Piston
AERO (2),Albatros,L39,Fixed-Wing,Jet
AERO (2),Albatros 2,L159,Fixed-Wing,Jet
AERO (2),Brigadyr,L60,Fixed-Wing,Piston
AERO (2),C-104,BU31,Fixed-Wing,Piston
AERO (2),CS-102,MG15,Fixed-Wing,Jet
AERO (2),Delfin,L29,Fixed-Wing,Jet
AERO (2),L-29 Delfin,L29,Fixed-Wing,Jet
AERO (2),L-39 Albatros,L39,Fixed-Wing,Jet
AERO (2),L-59,L59,Fixed-Wing,Jet
AERO (2),L-60 Brigadyr,L60,Fixed-Wing,Piston
AERO (2),L-139 Albatros,L39,Fixed-Wing,Jet
AERO (2),L-159,L159,Fixed-Wing,Jet
AERO (2),L-159  Albatros 2,L159,Fixed-Wing,Jet
AERO (2),S-102,MG15,Fixed-Wing,Jet
AERO (2),S-103,MG15,Fixed-Wing,Jet
AERO (2),Z-131,BU31,Fixed-Wing,Piston
AERO (2),Ae-270 Propjet,A270,Fixed-Wing,Turboprop/Turboshaft
AERO (2),Propjet,A270,Fixed-Wing,Turboprop/Turboshaft
AERO (3),AT-4,AAT4,Fixed-Wing,Piston
AERO (3),AT-3,AAT3,Fixed-Wing,Piston
AERO (3),P-220-AT1,P220,Fixed-Wing,Piston
AERO (3),P-220-AT2,P220,Fixed-Wing,Piston
AERO ADVENTURE,Aventura 2,AVTR,Amphibian,Piston
AERO ADVENTURE,Toucan,ZEP2,Fixed-Wing,Piston
AERO BOERO,AB-95,AB95,Fixed-Wing,Piston
AERO BOERO,AB-115,AB11,Fixed-Wing,Piston
AERO BOERO,AB-150,AB15,Fixed-Wing,Piston
AERO BOERO,AB-180,AB18,Fixed-Wing,Piston
AERO COMMANDER,100 Commander 100,VO10,Fixed-Wing,Piston
AERO COMMANDER,200 Commander 200,M200,Fixed-Wing,Piston
AERO COMMANDER,500 Commander 500,AC50,Fixed-Wing,Piston
AERO COMMANDER,560 Commander 560,AC56,Fixed-Wing,Piston
AERO COMMANDER,680F Commander 680F,AC68,Fixed-Wing,Piston
AERO COMMANDER,680FL Grand Commander,AC6L,Fixed-Wing,Piston
AERO COMMANDER,680FP Commander 680FP,AC68,Fixed-Wing,Piston
AERO COMMANDER,680T Turbo Commander,AC80,Fixed-Wing,Turboprop/Turboshaft
AERO COMMANDER,680V Turbo Commander,AC80,Fixed-Wing,Turboprop/Turboshaft
AERO COMMANDER,1121 Jet Commander,JCOM,Fixed-Wing,Jet
AERO COMMANDER,A-9 Ag Commander,A9,Fixed-Wing,Piston
AERO COMMANDER,Ag Commander (A-9),A9,Fixed-Wing,Piston
AERO COMMANDER,Ag Commander (B-1),CLB1,Fixed-Wing,Piston
AERO COMMANDER,Ag Commander (S-2),SS2P,Fixed-Wing,Piston
AERO COMMANDER,B-1 Ag Commander,CLB1,Fixed-Wing,Piston
AERO COMMANDER,Commander 100,VO10,Fixed-Wing,Piston
AERO COMMANDER,Commander 200,M200,Fixed-Wing,Piston
AERO COMMANDER,Commander 500,AC50,Fixed-Wing,Piston
AERO COMMANDER,Commander 560,AC56,Fixed-Wing,Piston
AERO COMMANDER,Commander 680F,AC68,Fixed-Wing,Piston
AERO COMMANDER,Commander 680FP,AC68,Fixed-Wing,Piston
AERO COMMANDER,Grand Commander,AC6L,Fixed-Wing,Piston
AERO COMMANDER,Jet Commander,JCOM,Fixed-Wing,Jet
AERO COMMANDER,S-2 Ag Commander,SS2P,Fixed-Wing,Piston
AERO COMMANDER,Turbo Commander (680),AC80,Fixed-Wing,Turboprop/Turboshaft
AERO DESIGNS,Pulsar,PULS,Fixed-Wing,Piston
AERO ELI,Yo-Yo,R22,Helicopter,Piston
AERO GARE,Sea Hawker,AGSH,Amphibian,Piston
AERO ITBA,Petrel,PETL,Fixed-Wing,Piston
AERO JAEN,RF-5 Serrania,RF5,Fixed-Wing,Piston
AERO JAEN,Serrania,RF5,Fixed-Wing,Piston
AERO KUHLMANN,Scub,SCUB,Fixed-Wing,Piston
AERO MERCANTIL,358 Gavilan,GAVI,Fixed-Wing,Piston
AERO MERCANTIL,Gavilan,GAVI,Fixed-Wing,Piston
AERO MIRAGE,TC-2,TC2,Fixed-Wing,Piston
AERO MOD,G-164 Super Ag Max,G164,Fixed-Wing,Piston
AERO MOD,Super Ag Max,G164,Fixed-Wing,Piston
AERO SERVICES,Guepard,GUEP,Fixed-Wing,Piston
AERO SERVICES,Guepy,GUEP,Fixed-Wing,Piston
AERO SERVICES,Super Guepard,GUEP,Fixed-Wing,Piston
AERO SERVICES,Guêpe,GEPE,Fixed-Wing,Piston
AERO SPACELINES,377SGT Super Guppy,SGUP,Fixed-Wing,Turboprop/Turboshaft
AERO SPACELINES,Super Guppy,SGUP,Fixed-Wing,Turboprop/Turboshaft
AERO-ASTRA,Okhotnik,OKHO,Gyrocopter,Piston
AERO-COMPOSITES,Sea Hawker,AGSH,Amphibian,Piston
AERO-DIFUSION,Compostela,D11,Fixed-Wing,Piston
AERO-DIFUSION,D-112 Popuplane,D11,Fixed-Wing,Piston
AERO-DIFUSION,D-119 Popuplane,D11,Fixed-Wing,Piston
AERO-DIFUSION,D-1190S Compostela,D11,Fixed-Wing,Piston
AERO-DIFUSION,Popuplane,D11,Fixed-Wing,Piston
AERO-EAST-EUROPE,MPX-158 Embera,MX58,Fixed-Wing,Piston
AERO-EAST-EUROPE,Embera,MX58,Fixed-Wing,Piston
AERO-EAST-EUROPE,MXP-155 Tayrona,MX1T,Fixed-Wing,Piston
AERO-EAST-EUROPE,Tayrona,MX1T,Fixed-Wing,Piston
AERO-EAST-EUROPE,SILA-450,S450,Fixed-Wing,Piston
AERO-JODEL,D-11,D11,Fixed-Wing,Piston
AERO-KROS,MP-02 Czajka,MP02,Fixed-Wing,Piston
AERO-KROS,Czajka,MP02,Fixed-Wing,Piston
AEROALCOOL,Quasar Lite,QUAS,Fixed-Wing,Piston
AEROANDINA,Fantasy,MX80,Fixed-Wing,Piston
AEROANDINA,MXP-800 Fantasy,MX80,Fixed-Wing,Piston
AEROANDINA,MXP-1000 Tayrona,MX1T,Fixed-Wing,Piston
AEROANDINA,Tayrona,MX1T,Fixed-Wing,Piston
AEROANDINA,MXP-158 Embera,MX58,Fixed-Wing,Piston
AEROANDINA,Embera,MX58,Fixed-Wing,Piston
AEROANDINA,MXP-150 Kimbaya,MX1T,Fixed-Wing,Piston
AEROANDINA,Kimbaya,MX1T,Fixed-Wing,Piston
AEROBRAVO,Bravo,CH70,Fixed-Wing,Piston
AEROCAD,AeroCanard,COZY,Fixed-Wing,Piston
AEROCAR,Aerocar,CAR,Fixed-Wing,Piston
AEROCAR,Coot,COOT,Amphibian,Piston
AEROCAR,Mini-Imp,MIMP,Fixed-Wing,Piston
AEROCAR,Super Coot,COOT,Amphibian,Piston
AEROCOMP,CA-3 Comp Air 3,CA3,Fixed-Wing,Piston
AEROCOMP,CA-4 Comp Air 4,CA4,Fixed-Wing,Piston
AEROCOMP,CA-4 Comp Monster,CA4,Fixed-Wing,Piston
AEROCOMP,CA-6 Comp Air 6,CA6,Fixed-Wing,Piston
AEROCOMP,CA-7P Comp Air 7P,CA7P,Fixed-Wing,Piston
AEROCOMP,CA-7SL Comp Air 7SL,CA7P,Fixed-Wing,Piston
AEROCOMP,CA-7SLX Comp Air 7SLX,CA7T,Fixed-Wing,Turboprop/Turboshaft
AEROCOMP,CA-7T Comp Air 7T,CA7T,Fixed-Wing,Turboprop/Turboshaft
AEROCOMP,CA-8 Comp Air 8,CA8,Fixed-Wing,Turboprop/Turboshaft
AEROCOMP,CA-10 Comp Air 10,CA1P,Fixed-Wing,Piston
AEROCOMP,CA-10T  Comp Air 10T,CA1T,Fixed-Wing,Turboprop/Turboshaft
AEROCOMP,CA-10XLT Comp Air 10XLT,CA1T,Fixed-Wing,Turboprop/Turboshaft
AEROCOMP,CA-J Comp Air Jet,CAJ,Fixed-Wing,Jet
AEROCOMP,Comp Air 3,CA3,Fixed-Wing,Piston
AEROCOMP,Comp Air 4,CA4,Fixed-Wing,Piston
AEROCOMP,Comp Air 6,CA6,Fixed-Wing,Piston
AEROCOMP,Comp Air 7P,CA7P,Fixed-Wing,Piston
AEROCOMP,Comp Air 7SL,CA7P,Fixed-Wing,Piston
AEROCOMP,Comp Air 7SLX,CA7T,Fixed-Wing,Turboprop/Turboshaft
AEROCOMP,Comp Air 7T,CA7T,Fixed-Wing,Turboprop/Turboshaft
AEROCOMP,Comp Air 8,CA8,Fixed-Wing,Turboprop/Turboshaft
AEROCOMP,Comp Air 10,CA1P,Fixed-Wing,Piston
AEROCOMP,Comp Air 10T,CA1T,Fixed-Wing,Turboprop/Turboshaft
AEROCOMP,Comp Air Jet,CAJ,Fixed-Wing,Jet
AEROCOMP,Comp Monster,CA4,Fixed-Wing,Piston
AEROCOMP,E-Z Flyer,EZFL,Fixed-Wing,Piston
AEROCOMP,Merlin,MAME,Fixed-Wing,Piston
AERODIS,G-802 Orion,G800,Fixed-Wing,Piston
AERODIS,Orion,G800,Fixed-Wing,Piston
AERODYNOS,Evolution,J177,Fixed-Wing,Piston
AERODYNOS,JA-177 Evolution,J177,Fixed-Wing,Piston
AERODYNOS,JA-177 Pingouin,J177,Fixed-Wing,Piston
AERODYNOS,Pingouin,J177,Fixed-Wing,Piston
AEROJAMES,01 Isatis,ISAT,Fixed-Wing,Piston
AEROJAMES,Isatis,ISAT,Fixed-Wing,Piston
AEROKOPTER,AK-1,ZA6,Helicopter,Piston
AEROKOPTER,ZA-6 Sanka,ZA6,Helicopter,Piston
AEROKOPTER,Sanka,ZA6,Helicopter,Piston
AEROLAB,LoCamp,LOCA,Fixed-Wing,Piston
AEROLITES,AeroSkiff,SKIF,Amphibian,Piston
AEROMERE,F-8L Falco,F8L,Fixed-Wing,Piston
AEROMERE,Falco,F8L,Fixed-Wing,Piston
AEROMOT,AMT-100 Ximango,RF10,Fixed-Wing,Piston
AEROMOT,AMT-200 Super Ximango,RF10,Fixed-Wing,Piston
AEROMOT,AMT-300 Turbo Ximango Shark,RF10,Fixed-Wing,Piston
AEROMOT,AMT-600 Guri,GURI,Fixed-Wing,Piston
AEROMOT,Guri,GURI,Fixed-Wing,Piston
AEROMOT,Super Ximango,RF10,Fixed-Wing,Piston
AEROMOT,TG-14 Super Ximango,RF10,Fixed-Wing,Piston
AEROMOT,Turbo Ximango Shark,RF10,Fixed-Wing,Piston
AEROMOT,Ximango,RF10,Fixed-Wing,Piston
AERONCA,7AC Champion,CH7A,Fixed-Wing,Piston
AERONCA,7BCM,CH7A,Fixed-Wing,Piston
AERONCA,7CC Champion,CH7A,Fixed-Wing,Piston
AERONCA,7CCM,CH7A,Fixed-Wing,Piston
AERONCA,7DC Champion,CH7A,Fixed-Wing,Piston
AERONCA,7EC Traveler,CH7A,Fixed-Wing,Piston
AERONCA,11 Chief,AR11,Fixed-Wing,Piston
AERONCA,15 Sedan,AR15,Fixed-Wing,Piston
AERONCA,Champion,CH7A,Fixed-Wing,Piston
AERONCA,L-16,CH7A,Fixed-Wing,Piston
AERONCA,Sedan,AR15,Fixed-Wing,Piston
AERONCA,Traveler,CH7A,Fixed-Wing,Piston
AERONCA,Chief (11),AR11,Fixed-Wing,Piston
AERONCA,K Scout,AERK,Fixed-Wing,Piston
AERONCA,K Sea Scout,AERK,Fixed-Wing,Piston
AERONCA,CF Scout,AERK,Fixed-Wing,Piston
AERONCA,Scout,AERK,Fixed-Wing,Piston
AERONCA,Sea  Scout,AERK,Fixed-Wing,Piston
AERONCA,50 Chief,AR50,Fixed-Wing,Piston
AERONCA,Chief (50),AR50,Fixed-Wing,Piston
AERONCA,65 Super Chief,AR65,Fixed-Wing,Piston
AERONCA,Super Chief,AR65,Fixed-Wing,Piston
AERONCA,50 Tandem,AR5T,Fixed-Wing,Piston
AERONCA,Tandem (50),AR5T,Fixed-Wing,Piston
AERONCA,60 Tandem,AR6T,Fixed-Wing,Piston
AERONCA,Tandem (60),AR6T,Fixed-Wing,Piston
AERONCA,65 Tandem,AR6T,Fixed-Wing,Piston
AERONCA,Tandem (65),AR6T,Fixed-Wing,Piston
AERONCA,65 Defender,AR6T,Fixed-Wing,Piston
AERONCA,Defender,AR6T,Fixed-Wing,Piston
AERONCA,YO-58 Grasshopper,AR6T,Fixed-Wing,Piston
AERONCA,O-58 Grasshopper,AR6T,Fixed-Wing,Piston
AERONCA,L-3 Grasshopper,AR6T,Fixed-Wing,Piston
AERONCA,Grasshopper,AR6T,Fixed-Wing,Piston
AERONIX,Airelle,AIRL,Fixed-Wing,Piston
AEROPLASTIKA,LAK-X,LAKX,Fixed-Wing,Piston
AEROPRACT,A-19,A19,Fixed-Wing,Piston
AEROPRACT,A-21 Solo,A21,Fixed-Wing,Piston
AEROPRACT,A-23 Dragon,A23,Fixed-Wing,Piston
AEROPRACT,A-25 Breeze,A25,Amphibian,Piston
AEROPRACT,A-27,A27,Fixed-Wing,Piston
AEROPRACT,A-33,A33,Fixed-Wing,Piston
AEROPRACT,A-37,AA37,Fixed-Wing,Piston
AEROPRACT,Breeze,A25,Amphibian,Piston
AEROPRACT,Dragon,A23,Fixed-Wing,Piston
AEROPRACT,Solo,A21,Fixed-Wing,Piston
AEROPRAKT,A-20,AP20,Fixed-Wing,Piston
AEROPRAKT,A-20 Sky Cruiser,AP20,Fixed-Wing,Piston
AEROPRAKT,A-20 Super Cruiser,AP20,Fixed-Wing,Piston
AEROPRAKT,A-20 Varlet,AP20,Fixed-Wing,Piston
AEROPRAKT,A-20 Vista,AP20,Fixed-Wing,Piston
AEROPRAKT,A-22,AP22,Fixed-Wing,Piston
AEROPRAKT,A-22 Foxbat,AP22,Fixed-Wing,Piston
AEROPRAKT,A-22 Valor,AP22,Fixed-Wing,Piston
AEROPRAKT,A-22 Vision,AP22,Fixed-Wing,Piston
AEROPRAKT,A-24 Viking,AP24,Amphibian,Piston
AEROPRAKT,A-26 Twin Vista,AP26,Fixed-Wing,Piston
AEROPRAKT,A-28 Victor,AP28,Fixed-Wing,Piston
AEROPRAKT,A-36 Vulcan,AP36,Fixed-Wing,Piston
AEROPRAKT,Foxbat,AP22,Fixed-Wing,Piston
AEROPRAKT,SA-20 Vista,AP20,Fixed-Wing,Piston
AEROPRAKT,SA-26 Twin Vista,AP26,Fixed-Wing,Piston
AEROPRAKT,SA-28 Victor,AP28,Fixed-Wing,Piston
AEROPRAKT,Sky Cruiser,AP20,Fixed-Wing,Piston
AEROPRAKT,Super Cruiser,AP20,Fixed-Wing,Piston
AEROPRAKT,Twin Vista,AP26,Fixed-Wing,Piston
AEROPRAKT,Valor,AP22,Fixed-Wing,Piston
AEROPRAKT,Varlet,AP20,Fixed-Wing,Piston
AEROPRAKT,Victor,AP28,Fixed-Wing,Piston
AEROPRAKT,Viking,AP24,Amphibian,Piston
AEROPRAKT,Vision,AP22,Fixed-Wing,Piston
AEROPRAKT,Vista,AP20,Fixed-Wing,Piston
AEROPRAKT,Vulcan,AP36,Fixed-Wing,Piston
AEROPRAKT,A-32 Vixxen,AP32,Fixed-Wing,Piston
AEROPRAKT,Vixxen,AP32,Fixed-Wing,Piston
AEROPRAKT,A-22 Sharik,AP22,Fixed-Wing,Piston
AEROPRAKT,Sharik,AP22,Fixed-Wing,Piston
AEROPRAKT,A-22 Kelpie,AP22,Fixed-Wing,Piston
AEROPRAKT,Kelpie,AP22,Fixed-Wing,Piston
AEROPRO,Eurofox,EFOX,Fixed-Wing,Piston
AEROPROGRESS,Aist-2,T411,Fixed-Wing,Piston
AEROPROGRESS,Grach,T101,Fixed-Wing,Turboprop/Turboshaft
AEROPROGRESS,T-101 Grach,T101,Fixed-Wing,Turboprop/Turboshaft
AEROPROGRESS,T-411 Aist-2,T411,Fixed-Wing,Piston
AEROPUP,Aeropup,APUP,Fixed-Wing,Piston
AERORIC,Dingo,DNGO,Amphibian,Turboprop/Turboshaft
AEROS,Flamingo,UL2F,Fixed-Wing,Piston
AEROS,UL-2000 Flamingo,UL2F,Fixed-Wing,Piston
AEROSAMARA,Katran,KATR,Fixed-Wing,Piston
AEROSAMARA,F-41 El'brus,F41E,Fixed-Wing,Piston
AEROSAMARA,El'brus,F41E,Fixed-Wing,Piston
AEROSETTE,Eclipse,MH46,Fixed-Wing,Piston
AEROSETTE,MH-46 Eclipse,MH46,Fixed-Wing,Piston
AEROSPATIALE,Alouette 2,ALO2,Helicopter,Turboprop/Turboshaft
AEROSPATIALE,Alouette 3,ALO3,Helicopter,Turboprop/Turboshaft
AEROSPATIALE,AS-332B1 Super Puma,AS32,Helicopter,Turboprop/Turboshaft
AEROSPATIALE,AS-332B Super Puma,AS32,Helicopter,Turboprop/Turboshaft
AEROSPATIALE,AS-332C Super Puma,AS32,Helicopter,Turboprop/Turboshaft
AEROSPATIALE,AS-332F1 Super Puma,AS32,Helicopter,Turboprop/Turboshaft
AEROSPATIALE,AS-332L1 Super Puma,AS32,Helicopter,Turboprop/Turboshaft
AEROSPATIALE,AS-332L2 Super Puma Mk2,AS3B,Helicopter,Turboprop/Turboshaft
AEROSPATIALE,AS-332L Super Puma,AS32,Helicopter,Turboprop/Turboshaft
AEROSPATIALE,AS-332L Tiger,AS32,Helicopter,Turboprop/Turboshaft
AEROSPATIALE,AS-332M1 Super Puma,AS32,Helicopter,Turboprop/Turboshaft
AEROSPATIALE,AS-332M Super Puma,AS32,Helicopter,Turboprop/Turboshaft
AEROSPATIALE,AS-350 AStar,AS50,Helicopter,Turboprop/Turboshaft
AEROSPATIALE,AS-350 Ecureuil,AS50,Helicopter,Turboprop/Turboshaft
AEROSPATIALE,AS-350 SuperStar,AS50,Helicopter,Turboprop/Turboshaft
AEROSPATIALE,AS-355 Ecureuil 2,AS55,Helicopter,Turboprop/Turboshaft
AEROSPATIALE,AS-355 TwinStar,AS55,Helicopter,Turboprop/Turboshaft
AEROSPATIALE,AS-365 Dauphin 2,AS65,Helicopter,Turboprop/Turboshaft
AEROSPATIALE,AS-366 Dolphin,AS65,Helicopter,Turboprop/Turboshaft
AEROSPATIALE,AS-532A2 Cougar Mk2,AS3B,Helicopter,Turboprop/Turboshaft
AEROSPATIALE,AS-532SC Cougar,AS32,Helicopter,Turboprop/Turboshaft
AEROSPATIALE,AS-532U2 Cougar Mk2,AS3B,Helicopter,Turboprop/Turboshaft
AEROSPATIALE,AS-532UC Cougar,AS32,Helicopter,Turboprop/Turboshaft
AEROSPATIALE,AS-532UL Cougar,AS32,Helicopter,Turboprop/Turboshaft
AEROSPATIALE,AS-550 Fennec,AS50,Helicopter,Turboprop/Turboshaft
AEROSPATIALE,AS-555 Fennec,AS55,Helicopter,Turboprop/Turboshaft
AEROSPATIALE,AS-565 Panther,AS65,Helicopter,Turboprop/Turboshaft
AEROSPATIALE,AStar,AS50,Helicopter,Turboprop/Turboshaft
AEROSPATIALE,CH-33 Puma,PUMA,Helicopter,Turboprop/Turboshaft
AEROSPATIALE,CM-170R Magister,FOUG,Fixed-Wing,Jet
AEROSPATIALE,Corvette,S601,Fixed-Wing,Jet
AEROSPATIALE,Cougar,AS32,Helicopter,Turboprop/Turboshaft
AEROSPATIALE,Cougar Mk2,AS3B,Helicopter,Turboprop/Turboshaft
AEROSPATIALE,Dauphin,S360,Helicopter,Turboprop/Turboshaft
AEROSPATIALE,"Dauphin 2 (AS-365, SA-365F/N)",AS65,Helicopter,Turboprop/Turboshaft
AEROSPATIALE,Dauphin 2 (SA-365C),S65C,Helicopter,Turboprop/Turboshaft
AEROSPATIALE,Dolphin,AS65,Helicopter,Turboprop/Turboshaft
AEROSPATIALE,Ecureuil,AS50,Helicopter,Turboprop/Turboshaft
AEROSPATIALE,Ecureuil 2,AS55,Helicopter,Turboprop/Turboshaft
AEROSPATIALE,Epsilon,TB30,Fixed-Wing,Piston
AEROSPATIALE,Fennec (AS-550),AS50,Helicopter,Turboprop/Turboshaft
AEROSPATIALE,Fennec (AS-555),AS55,Helicopter,Turboprop/Turboshaft
AEROSPATIALE,Frégate,N262,Fixed-Wing,Turboprop/Turboshaft
AEROSPATIALE,Gazelle,GAZL,Helicopter,Turboprop/Turboshaft
AEROSPATIALE,HH-65 Dolphin,AS65,Helicopter,Turboprop/Turboshaft
AEROSPATIALE,Hkp10 Super Puma,AS32,Helicopter,Turboprop/Turboshaft
AEROSPATIALE,Lama,LAMA,Helicopter,Turboprop/Turboshaft
AEROSPATIALE,Magister,FOUG,Fixed-Wing,Jet
AEROSPATIALE,Mohawk 298,N262,Fixed-Wing,Turboprop/Turboshaft
AEROSPATIALE,N-262,N262,Fixed-Wing,Turboprop/Turboshaft
AEROSPATIALE,N-262 Frégate,N262,Fixed-Wing,Turboprop/Turboshaft
AEROSPATIALE,Panther,AS65,Helicopter,Turboprop/Turboshaft
AEROSPATIALE,Puma,PUMA,Helicopter,Turboprop/Turboshaft
AEROSPATIALE,SA-315 Lama,LAMA,Helicopter,Turboprop/Turboshaft
AEROSPATIALE,SA-316 Alouette 3,ALO3,Helicopter,Turboprop/Turboshaft
AEROSPATIALE,SA-318 Alouette 2,ALO2,Helicopter,Turboprop/Turboshaft
AEROSPATIALE,SA-319 Alouette 3,ALO3,Helicopter,Turboprop/Turboshaft
AEROSPATIALE,SA-321 Super Frelon,FREL,Helicopter,Turboprop/Turboshaft
AEROSPATIALE,SA-330 Puma,PUMA,Helicopter,Turboprop/Turboshaft
AEROSPATIALE,SA-341 Gazelle,GAZL,Helicopter,Turboprop/Turboshaft
AEROSPATIALE,SA-342 Gazelle,GAZL,Helicopter,Turboprop/Turboshaft
AEROSPATIALE,SA-360 Dauphin,S360,Helicopter,Turboprop/Turboshaft
AEROSPATIALE,SA-361 Dauphin,S360,Helicopter,Turboprop/Turboshaft
AEROSPATIALE,SA-365C Dauphin 2,S65C,Helicopter,Turboprop/Turboshaft
AEROSPATIALE,SA-365F Dauphin 2,AS65,Helicopter,Turboprop/Turboshaft
AEROSPATIALE,SA-365K Panther,AS65,Helicopter,Turboprop/Turboshaft
AEROSPATIALE,SA-365M Panther,AS65,Helicopter,Turboprop/Turboshaft
AEROSPATIALE,SA-365N Dauphin 2,AS65,Helicopter,Turboprop/Turboshaft
AEROSPATIALE,SA-366 Dolphin,AS65,Helicopter,Turboprop/Turboshaft
AEROSPATIALE,SN-601 Corvette,S601,Fixed-Wing,Jet
AEROSPATIALE,Super Frelon,FREL,Helicopter,Turboprop/Turboshaft
AEROSPATIALE,Super Puma,AS32,Helicopter,Turboprop/Turboshaft
AEROSPATIALE,Super Puma Mk2,AS3B,Helicopter,Turboprop/Turboshaft
AEROSPATIALE,SuperStar,AS50,Helicopter,Turboprop/Turboshaft
AEROSPATIALE,TB-30 Epsilon,TB30,Fixed-Wing,Piston
AEROSPATIALE,Tiger,AS32,Helicopter,Turboprop/Turboshaft
AEROSPATIALE,TwinStar,AS55,Helicopter,Turboprop/Turboshaft
AEROSPOOL,Dynamic,WT9,Fixed-Wing,Piston
AEROSPOOL,WT-9 Dynamic,WT9,Fixed-Wing,Piston
AEROSPORT,Quail,QAIL,Fixed-Wing,Piston
AEROSPORT,Rail,RAIL,Fixed-Wing,Piston
AEROSPORT,Scamp,SCAM,Fixed-Wing,Piston
AEROSPORT,Woody Pusher,WOPU,Fixed-Wing,Piston
AEROSTAR (1),90,M10,Fixed-Wing,Piston
AEROSTAR (1),200,M20P,Fixed-Wing,Piston
AEROSTAR (1),201,M20P,Fixed-Wing,Piston
AEROSTAR (1),202,M20P,Fixed-Wing,Piston
AEROSTAR (1),220,M20P,Fixed-Wing,Piston
AEROSTAR (1),600,AEST,Fixed-Wing,Piston
AEROSTAR (1),601,AEST,Fixed-Wing,Piston
AEROSTAR (1),FJ-100,FJ10,Fixed-Wing,Jet
AEROSTAR (2),01 Festival,FEST,Fixed-Wing,Piston
AEROSTAR (2),Festival,FEST,Fixed-Wing,Piston
AEROSTAR (2),Iak-52,YK52,Fixed-Wing,Piston
AEROSTAR (2),Lancer,MG21,Fixed-Wing,Jet
AEROSTAR (2),MiG-21 Lancer,MG21,Fixed-Wing,Jet
AEROSTAR (2),Wild Thing,WILT,Fixed-Wing,Piston
AEROSTAR (2),WT-01 Wild Thing,WILT,Fixed-Wing,Piston
AEROSTAR (2),WT-02 Wild Thing,WILT,Fixed-Wing,Piston
AEROSTAR (2),Yak-52,YK52,Fixed-Wing,Piston
AEROSTAR (2),Yak-54,YK52,Fixed-Wing,Piston
AEROSTAR (2),R40S Festival,FEST,Fixed-Wing,Piston
AEROSTRUCTURE,RF-10,RF10,Fixed-Wing,Piston
AEROSTYLE,Breezer,BREZ,Fixed-Wing,Piston
AEROTEC (1),A-122 Uirapuru,A122,Fixed-Wing,Piston
AEROTEC (1),T-23 Uirapuru,A122,Fixed-Wing,Piston
AEROTEC (1),Uirapuru,A122,Fixed-Wing,Piston
AEROTEC (2),Amigo,MX65,Fixed-Wing,Piston
AEROTEC (2),Aventura,MX10,Fixed-Wing,Piston
AEROTEC (2),Fantasy,MX80,Fixed-Wing,Piston
AEROTEC (2),MXP-100 Aventura,MX10,Fixed-Wing,Piston
AEROTEC (2),MXP-650 Amigo,MX65,Fixed-Wing,Piston
AEROTEC (2),MXP-740 Savannah,SVNH,Fixed-Wing,Piston
AEROTEC (2),MXP-800 Fantasy,MX80,Fixed-Wing,Piston
AEROTEC (2),Savannah,SVNH,Fixed-Wing,Piston
AEROTECH,SF-260F,F260,Fixed-Wing,Piston
AEROTECH,F-260F,F260,Fixed-Wing,Piston
AEROTECHNIK,Koala,P220,Fixed-Wing,Piston
AEROTECHNIK,L-13S Super Vivat,L13S,Fixed-Wing,Piston
AEROTECHNIK,L-13S Vivat,L13S,Fixed-Wing,Piston
AEROTECHNIK,P-220 Koala,P220,Fixed-Wing,Piston
AEROTECHNIK,Super Vivat,L13S,Fixed-Wing,Piston
AEROTECHNIK,Vivat,L13S,Fixed-Wing,Piston
AEROTEK (1),Pitts S-1 Special,PTS1,Fixed-Wing,Piston
AEROTEK (1),Pitts S-2 Special,PTS2,Fixed-Wing,Piston
AEROTEK (2),Hummingbird,HUMM,Fixed-Wing,Piston
AEROTEK (3),Turbo Grizzly,GRIZ,Fixed-Wing,Turboprop/Turboshaft
AEROTREK,A-220,EFOX,Fixed-Wing,Piston
AEROTREK,A-240,EFOX,Fixed-Wing,Piston
AEROVOLGA,L-6,L6,Amphibian,Piston
AEROVOLGA,LA-8 Flagman,LA8,Amphibian,Piston
AEROVOLGA,Flagman,LA8,Amphibian,Piston
AESL,Airtourer,TOUR,Fixed-Wing,Piston
AESL,Airtrainer,CT4,Fixed-Wing,Piston
AESL,CT-4 Airtrainer,CT4,Fixed-Wing,Piston
AFIC,Falcon,OSCR,Fixed-Wing,Piston
AFIC,RSA-200 Falcon,OSCR,Fixed-Wing,Piston
AG-CAT,G-164 Super Turbine,G64T,Fixed-Wing,Turboprop/Turboshaft
AG-CAT,Super Turbine,G64T,Fixed-Wing,Turboprop/Turboshaft
AGRO-COPTEROS,Amigo,MX65,Fixed-Wing,Piston
AGRO-COPTEROS,Aventura,MX10,Fixed-Wing,Piston
AGRO-COPTEROS,MXP-100 Aventura,MX10,Fixed-Wing,Piston
AGRO-COPTEROS,MXP-650 Amigo,MX65,Fixed-Wing,Piston
AGRO-COPTEROS,MXP-740 Savannah,SVNH,Fixed-Wing,Piston
AGRO-COPTEROS,Savannah,SVNH,Fixed-Wing,Piston
AGRO-COPTEROS,Scamp,SCAM,Fixed-Wing,Piston
AGROLOT,Mrówka,PZ26,Fixed-Wing,Piston
AGROLOT,PZL-126 Mrówka,PZ26,Fixed-Wing,Piston
AGUSTA,A-109,A109,Helicopter,Turboprop/Turboshaft
AGUSTA,A-109 Grand,A109,Helicopter,Turboprop/Turboshaft
AGUSTA,A-109 Power,A109,Helicopter,Turboprop/Turboshaft
AGUSTA,A-119 Koala,A119,Helicopter,Turboprop/Turboshaft
AGUSTA,A-129 Mangusta,A129,Helicopter,Turboprop/Turboshaft
AGUSTA,AB-47G,B47G,Helicopter,Piston
AGUSTA,AB-47J,B47J,Helicopter,Piston
AGUSTA,AB-204,UH1,Helicopter,Turboprop/Turboshaft
AGUSTA,AB-205,UH1,Helicopter,Turboprop/Turboshaft
AGUSTA,AB-206 JetRanger,B06,Helicopter,Turboprop/Turboshaft
AGUSTA,AB-206 LongRanger,B06,Helicopter,Turboprop/Turboshaft
AGUSTA,AB-212,B212,Helicopter,Turboprop/Turboshaft
AGUSTA,AB-412,B412,Helicopter,Turboprop/Turboshaft
AGUSTA,AB-412 Griffon,B412,Helicopter,Turboprop/Turboshaft
AGUSTA,AS-61A,S61,Helicopter,Turboprop/Turboshaft
AGUSTA,AS-61N,S61,Helicopter,Turboprop/Turboshaft
AGUSTA,AS-61R,S61R,Helicopter,Turboprop/Turboshaft
AGUSTA,ASH-61,S61,Helicopter,Turboprop/Turboshaft
AGUSTA,AW-119 Koala,A119,Helicopter,Turboprop/Turboshaft
AGUSTA,AW-139,A139,Helicopter,Turboprop/Turboshaft
AGUSTA,Grand,A109,Helicopter,Turboprop/Turboshaft
AGUSTA,Griffon,B412,Helicopter,Turboprop/Turboshaft
AGUSTA,GrandNew,A109,Helicopter,Turboprop/Turboshaft
AGUSTA,AW-109 Da Vinci,A109,Helicopter,Turboprop/Turboshaft
AGUSTA,Da Vinci,A109,Helicopter,Turboprop/Turboshaft
AGUSTA,HH-3,S61R,Helicopter,Turboprop/Turboshaft
AGUSTA,Hkp3,UH1,Helicopter,Turboprop/Turboshaft
AGUSTA,Hkp6 JetRanger,B06,Helicopter,Turboprop/Turboshaft
AGUSTA,Hkp11,B412,Helicopter,Turboprop/Turboshaft
AGUSTA,Hkp15,A109,Helicopter,Turboprop/Turboshaft
AGUSTA,JetRanger,B06,Helicopter,Turboprop/Turboshaft
AGUSTA,Koala,A119,Helicopter,Turboprop/Turboshaft
AGUSTA,LongRanger,B06,Helicopter,Turboprop/Turboshaft
AGUSTA,Mangusta,A129,Helicopter,Turboprop/Turboshaft
AGUSTA,MH-68 Stingray,A109,Helicopter,Turboprop/Turboshaft
AGUSTA,NH-500,H500,Helicopter,Turboprop/Turboshaft
AGUSTA,Power,A109,Helicopter,Turboprop/Turboshaft
AGUSTA,SH-3,S61,Helicopter,Turboprop/Turboshaft
AGUSTA,Stingray,A109,Helicopter,Turboprop/Turboshaft
AGUSTA,AW-109,A109,Helicopter,Turboprop/Turboshaft
AGUSTA,AW-109 GrandNew,A109,Helicopter,Turboprop/Turboshaft
AGUSTA,AW-109 Power,A109,Helicopter,Turboprop/Turboshaft
AGUSTA,AW-109 Grand,A109,Helicopter,Turboprop/Turboshaft
AGUSTA,Nexus,A109,Helicopter,Turboprop/Turboshaft
AGUSTA,AW-149,A149,Helicopter,Turboprop/Turboshaft
AGUSTA,A-109 Nexus,A109,Helicopter,Turboprop/Turboshaft
AGUSTA,AW-109 Nexus,A109,Helicopter,Turboprop/Turboshaft
AGUSTA,AW-129,A129,Helicopter,Turboprop/Turboshaft
AGUSTA,T-129,A129,Helicopter,Turboprop/Turboshaft
AGUSTA,UH-139,A139,Helicopter,Turboprop/Turboshaft
AGUSTA,AW-109 Trekker,A109,Helicopter,Turboprop/Turboshaft
AGUSTA,Trekker,A109,Helicopter,Turboprop/Turboshaft
AGUSTA,ESC-2,A109,Helicopter,Turboprop/Turboshaft
AGUSTAWESTLAND,AW-109,A109,Helicopter,Turboprop/Turboshaft
AGUSTAWESTLAND,AW-109 Grand,A109,Helicopter,Turboprop/Turboshaft
AGUSTAWESTLAND,Grand,A109,Helicopter,Turboprop/Turboshaft
AGUSTAWESTLAND,EH-101 Merlin,EH10,Helicopter,Turboprop/Turboshaft
AGUSTAWESTLAND,SH-101,EH10,Helicopter,Turboprop/Turboshaft
AGUSTAWESTLAND,UH-101,EH10,Helicopter,Turboprop/Turboshaft
AGUSTAWESTLAND,HH-101 Caesar,EH10,Helicopter,Turboprop/Turboshaft
AGUSTAWESTLAND,Caesar,EH10,Helicopter,Turboprop/Turboshaft
AGUSTAWESTLAND,HH-139,A139,Helicopter,Turboprop/Turboshaft
AGUSTAWESTLAND,VH-139,A139,Helicopter,Turboprop/Turboshaft
AGUSTAWESTLAND,UH-139,A139,Helicopter,Turboprop/Turboshaft
AGUSTAWESTLAND,WG-13 Super Lynx,LYNX,Helicopter,Turboprop/Turboshaft
AGUSTAWESTLAND,Super Lynx,LYNX,Helicopter,Turboprop/Turboshaft
AGUSTAWESTLAND,AW-159 Wildcat,LYNX,Helicopter,Turboprop/Turboshaft
AGUSTAWESTLAND,Wildcat,LYNX,Helicopter,Turboprop/Turboshaft
AGUSTAWESTLAND,MCH-101,EH10,Helicopter,Turboprop/Turboshaft
AGUSTAWESTLAND,AW-101  Merlin Joint Supporter,EH10,Helicopter,Turboprop/Turboshaft
AGUSTAWESTLAND,AW-101,EH10,Helicopter,Turboprop/Turboshaft
AGUSTAWESTLAND,EH-101,EH10,Helicopter,Turboprop/Turboshaft
AGUSTAWESTLAND,EH-101 Merlin Joint Supporter,EH10,Helicopter,Turboprop/Turboshaft
AGUSTAWESTLAND,Merlin Joint Supporter,EH10,Helicopter,Turboprop/Turboshaft
AGUSTAWESTLAND,AW-109 Power,A109,Helicopter,Turboprop/Turboshaft
AGUSTAWESTLAND,Power,A109,Helicopter,Turboprop/Turboshaft
AGUSTAWESTLAND,AW-109 GrandNew,A109,Helicopter,Turboprop/Turboshaft
AGUSTAWESTLAND,GrandNew,A109,Helicopter,Turboprop/Turboshaft
AGUSTAWESTLAND,AW-119 Koala,A119,Helicopter,Turboprop/Turboshaft
AGUSTAWESTLAND,Koala,A119,Helicopter,Turboprop/Turboshaft
AGUSTAWESTLAND,AW-129,A129,Helicopter,Turboprop/Turboshaft
AGUSTAWESTLAND,AW-139,A139,Helicopter,Turboprop/Turboshaft
AGUSTAWESTLAND,AW-149,A149,Helicopter,Turboprop/Turboshaft
AGUSTAWESTLAND,AW-169,A169,Helicopter,Turboprop/Turboshaft
AGUSTAWESTLAND,AW-189,A189,Helicopter,Turboprop/Turboshaft
AGUSTAWESTLAND,AW-609,B609,Tiltrotor,Turboprop/Turboshaft
AGUSTAWESTLAND,Merlin,EH10,Helicopter,Turboprop/Turboshaft
AGUSTAWESTLAND,ICH-47 Chinook,H47,Helicopter,Turboprop/Turboshaft
AGUSTAWESTLAND,Chinook,H47,Helicopter,Turboprop/Turboshaft
AGUSTAWESTLAND,AW-159 Lynx Wildcat,LYNX,Helicopter,Turboprop/Turboshaft
AGUSTAWESTLAND,Lynx Wildcat,LYNX,Helicopter,Turboprop/Turboshaft
AI(R),Avroliner (RJ-70),RJ70,Fixed-Wing,Jet
AI(R),Avroliner (RJ-85),RJ85,Fixed-Wing,Jet
AI(R),Avroliner (RJ-100),RJ1H,Fixed-Wing,Jet
AI(R),BAe-4100 Jetstream 41,JS41,Fixed-Wing,Turboprop/Turboshaft
AI(R),Jetstream 41,JS41,Fixed-Wing,Turboprop/Turboshaft
AI(R),RJ-70 Avroliner,RJ70,Fixed-Wing,Jet
AI(R),RJ-85 Avroliner,RJ85,Fixed-Wing,Jet
AI(R),RJ-100 Avroliner,RJ1H,Fixed-Wing,Jet
AIAA,SV-4,SV4,Fixed-Wing,Piston
AICSA,Aerostar,AEST,Fixed-Wing,Piston
AICSA,An-2,AN2,Fixed-Wing,Piston
AICSA,Archer 2,P28A,Fixed-Wing,Piston
AICSA,Cherokee (PA-28-140/180),P28A,Fixed-Wing,Piston
AICSA,Cherokee (PA-28-235),P28B,Fixed-Wing,Piston
AICSA,Cherokee Archer,P28A,Fixed-Wing,Piston
AICSA,Cherokee Archer 2,P28A,Fixed-Wing,Piston
AICSA,Cherokee Arrow,P28R,Fixed-Wing,Piston
AICSA,Cherokee Arrow 2,P28R,Fixed-Wing,Piston
AICSA,Cherokee Charger,P28B,Fixed-Wing,Piston
AICSA,Cherokee Cruiser,P28A,Fixed-Wing,Piston
AICSA,Cherokee Pathfinder,P28B,Fixed-Wing,Piston
AICSA,Cherokee Six,PA32,Fixed-Wing,Piston
AICSA,Cherokee Warrior 2,P28A,Fixed-Wing,Piston
AICSA,Cheyenne 2,PAY2,Fixed-Wing,Turboprop/Turboshaft
AICSA,Cheyenne 2XL,PAY2,Fixed-Wing,Turboprop/Turboshaft
AICSA,Cheyenne 3,PAY3,Fixed-Wing,Turboprop/Turboshaft
AICSA,Chieftain,PA31,Fixed-Wing,Piston
AICSA,Dakota,P28B,Fixed-Wing,Piston
AICSA,Lance,P32R,Fixed-Wing,Piston
AICSA,Navajo,PA31,Fixed-Wing,Piston
AICSA,Navajo Chieftain,PA31,Fixed-Wing,Piston
AICSA,Navajo CR,PA31,Fixed-Wing,Piston
AICSA,PA-28-140 Cherokee,P28A,Fixed-Wing,Piston
AICSA,PA-28-140 Cherokee Cruiser,P28A,Fixed-Wing,Piston
AICSA,PA-28-161 Cherokee Warrior 2,P28A,Fixed-Wing,Piston
AICSA,PA-28-161 Warrior 2,P28A,Fixed-Wing,Piston
AICSA,PA-28-180 Cherokee,P28A,Fixed-Wing,Piston
AICSA,PA-28-180 Cherokee Archer,P28A,Fixed-Wing,Piston
AICSA,PA-28-181 Archer 2,P28A,Fixed-Wing,Piston
AICSA,PA-28-181 Cherokee Archer 2,P28A,Fixed-Wing,Piston
AICSA,PA-28-201T Turbo Dakota,P28B,Fixed-Wing,Piston
AICSA,PA-28-235 Cherokee,P28B,Fixed-Wing,Piston
AICSA,PA-28-235 Cherokee Charger,P28B,Fixed-Wing,Piston
AICSA,PA-28-235 Cherokee Pathfinder,P28B,Fixed-Wing,Piston
AICSA,PA-28-236 Dakota,P28B,Fixed-Wing,Piston
AICSA,PA-28R-180 Cherokee Arrow,P28R,Fixed-Wing,Piston
AICSA,PA-28R-200 Cherokee Arrow 2,P28R,Fixed-Wing,Piston
AICSA,PA-30 Twin Comanche,PA30,Fixed-Wing,Piston
AICSA,PA-31-310 Navajo,PA31,Fixed-Wing,Piston
AICSA,PA-31-325 Navajo CR,PA31,Fixed-Wing,Piston
AICSA,PA-31-350 Chieftain,PA31,Fixed-Wing,Piston
AICSA,PA-31-350 Navajo Chieftain,PA31,Fixed-Wing,Piston
AICSA,PA-31T2-620 Cheyenne 2XL,PAY2,Fixed-Wing,Turboprop/Turboshaft
AICSA,PA-31T-620 Cheyenne 2,PAY2,Fixed-Wing,Turboprop/Turboshaft
AICSA,PA-32 Cherokee Six,PA32,Fixed-Wing,Piston
AICSA,PA-32 Saratoga,PA32,Fixed-Wing,Piston
AICSA,PA-32 Six,PA32,Fixed-Wing,Piston
AICSA,PA-32 Turbo Saratoga,PA32,Fixed-Wing,Piston
AICSA,PA-32R-300 Lance,P32R,Fixed-Wing,Piston
AICSA,PA-32R-301T Turbo Saratoga SP,P32R,Fixed-Wing,Piston
AICSA,PA-32RT Turbo Lance 2,P32T,Fixed-Wing,Piston
AICSA,PA-34 Seneca,PA34,Fixed-Wing,Piston
AICSA,PA-36 Pawnee Brave,PA36,Fixed-Wing,Piston
AICSA,PA-38 Tomahawk,PA38,Fixed-Wing,Piston
AICSA,PA-42-720 Cheyenne 3,PAY3,Fixed-Wing,Turboprop/Turboshaft
AICSA,PA-44 Seminole,PA44,Fixed-Wing,Piston
AICSA,Pawnee Brave,PA36,Fixed-Wing,Piston
AICSA,Saratoga,PA32,Fixed-Wing,Piston
AICSA,Seminole,PA44,Fixed-Wing,Piston
AICSA,Seneca,PA34,Fixed-Wing,Piston
AICSA,Six,PA32,Fixed-Wing,Piston
AICSA,Tomahawk,PA38,Fixed-Wing,Piston
AICSA,Turbo Dakota,P28B,Fixed-Wing,Piston
AICSA,Turbo Saratoga,PA32,Fixed-Wing,Piston
AICSA,Turbo Saratoga SP,P32R,Fixed-Wing,Piston
AICSA,Twin Comanche,PA30,Fixed-Wing,Piston
AICSA,Warrior 2,P28A,Fixed-Wing,Piston
AICSA,PA-28R-201T Turbo Cherokee Arrow 3,P28S,Fixed-Wing,Piston
AICSA,Turbo Arrow 4,P28U,Fixed-Wing,Piston
AICSA,PA-28R-201T Turbo Arrow 3,P28S,Fixed-Wing,Piston
AICSA,Turbo Cherokee Arrow 3,P28S,Fixed-Wing,Piston
AICSA,Turbo Arrow 3,P28S,Fixed-Wing,Piston
AICSA,PA-28RT-201T Turbo Arrow 4,P28U,Fixed-Wing,Piston
AIDC,A-CH-1 Chung-Tsing,CH1,Fixed-Wing,Turboprop/Turboshaft
AIDC,AT-3 Tzu-Chung,AT3,Fixed-Wing,Jet
AIDC,Ching-Kuo,CKUO,Fixed-Wing,Jet
AIDC,Chung-Cheng,F5,Fixed-Wing,Jet
AIDC,Chung-Tsing,CH1,Fixed-Wing,Turboprop/Turboshaft
AIDC,F-5 Chung-Cheng,F5,Fixed-Wing,Jet
AIDC,F-CK-1 Ching-Kuo,CKUO,Fixed-Wing,Jet
AIDC,R-CH-1 Chung-Tsing,CH1,Fixed-Wing,Turboprop/Turboshaft
AIDC,T-CH-1 Chung-Tsing,CH1,Fixed-Wing,Turboprop/Turboshaft
AIDC,Tzu-Chung,AT3,Fixed-Wing,Jet
AIDC,UH-1,UH1,Helicopter,Turboprop/Turboshaft
AIEP,Air Beetle,RV6,Fixed-Wing,Piston
AII,AVA-202,RV6,Fixed-Wing,Piston
AII,AVA-303,M18,Fixed-Wing,Piston
AIL,748,A748,Fixed-Wing,Turboprop/Turboshaft
AIR,Epic Dynasty,EPIC,Fixed-Wing,Turboprop/Turboshaft
AIR,Epic Elite,ELIT,Fixed-Wing,Jet
AIR,Epic Escape,ESCA,Fixed-Wing,Turboprop/Turboshaft
AIR,Epic LT,EPIC,Fixed-Wing,Turboprop/Turboshaft
AIR,Epic Victory,EVIC,Fixed-Wing,Jet
AIR & SPACE,18,UM18,Gyrocopter,Piston
AIR & SPACE,Twinstar,TSTR,Gyrocopter,Piston
AIR COMMAND,Commander 147,CMD1,Gyrocopter,Piston
AIR COMMAND,Commander  Elite Tandem,CMDT,Gyrocopter,Piston
AIR COMMAND,Commander Elite Side-by-Side,CMDE,Gyrocopter,Piston
AIR PARTS,Fletcher FU-24,FU24,Fixed-Wing,Piston
AIR PRODUCTS,Aircoupe,ERCO,Fixed-Wing,Piston
AIR PRODUCTS,F-1 Aircoupe,ERCO,Fixed-Wing,Piston
AIR TRACTOR,AT-300,AT3P,Fixed-Wing,Piston
AIR TRACTOR,AT-301,AT3P,Fixed-Wing,Piston
AIR TRACTOR,AT-302,AT3T,Fixed-Wing,Turboprop/Turboshaft
AIR TRACTOR,AT-400,AT3T,Fixed-Wing,Turboprop/Turboshaft
AIR TRACTOR,AT-401,AT3P,Fixed-Wing,Piston
AIR TRACTOR,AT-402,AT3T,Fixed-Wing,Turboprop/Turboshaft
AIR TRACTOR,AT-501,AT5P,Fixed-Wing,Piston
AIR TRACTOR,AT-502,AT5T,Fixed-Wing,Turboprop/Turboshaft
AIR TRACTOR,AT-503,AT5T,Fixed-Wing,Turboprop/Turboshaft
AIR TRACTOR,AT-602,AT6T,Fixed-Wing,Turboprop/Turboshaft
AIR TRACTOR,AT-802,AT8T,Fixed-Wing,Turboprop/Turboshaft
AIR TRACTOR,AT-802 Fire Boss,AT8T,Fixed-Wing,Turboprop/Turboshaft
AIR TRACTOR,Fire Boss,AT8T,Fixed-Wing,Turboprop/Turboshaft
AIR TRACTOR,AT-504,AT5T,Fixed-Wing,Turboprop/Turboshaft
AIR TRACTOR,AT-250,AT2P,Fixed-Wing,Piston
AIR-FOUGA,CM-170R Magister,FOUG,Fixed-Wing,Jet
AIR-FOUGA,Magister,FOUG,Fixed-Wing,Jet
AIR-LIGHT,Wild Thing,WILT,Fixed-Wing,Piston
AIR-LIGHT,WT-01 Wild Thing,WILT,Fixed-Wing,Piston
AIR-LIGHT,WT-02 Wild Thing,WILT,Fixed-Wing,Piston
AIRBUS,KC-30,A332,Fixed-Wing,Jet
AIRBUS,A-330-900,A339,Fixed-Wing,Jet
AIRBUS,A-319neo,A19N,Fixed-Wing,Jet
AIRBUS,A-320neo,A20N,Fixed-Wing,Jet
AIRBUS,A-321neo,A21N,Fixed-Wing,Jet
AIRBUS,E-Fan,EFAN,Fixed-Wing,Electric
AIRBUS,A-330-200 Voyager,A332,Fixed-Wing,Jet
AIRBUS,Voyager,A332,Fixed-Wing,Jet
AIRBUS,A-400M Atlas,A400,Fixed-Wing,Turboprop/Turboshaft
AIRBUS,Grizzly,A400,Fixed-Wing,Turboprop/Turboshaft
AIRBUS,Atlas,A400,Fixed-Wing,Turboprop/Turboshaft
AIRBUS,C-295,C295,Fixed-Wing,Turboprop/Turboshaft
AIRBUS,C-295 Persuader,C295,Fixed-Wing,Turboprop/Turboshaft
AIRBUS,Persuader (C-295),C295,Fixed-Wing,Turboprop/Turboshaft
AIRBUS,SC-105 Amazonas,C295,Fixed-Wing,Turboprop/Turboshaft
AIRBUS,Amazonas,C295,Fixed-Wing,Turboprop/Turboshaft
AIRBUS,CN-235,CN35,Fixed-Wing,Turboprop/Turboshaft
AIRBUS,CN-235 Persuader,CN35,Fixed-Wing,Turboprop/Turboshaft
AIRBUS,Persuader (CN-235),CN35,Fixed-Wing,Turboprop/Turboshaft
AIRBUS,HC-144 Ocean Sentry,CN35,Fixed-Wing,Turboprop/Turboshaft
AIRBUS,Ocean Sentry,CN35,Fixed-Wing,Turboprop/Turboshaft
AIRBUS,A-350-1000 XWB,A35K,Fixed-Wing,Jet
AIRBUS,A-350-1000 XWB Prestige,A35K,Fixed-Wing,Jet
AIRBUS,Prestige (A-350-1000),A35K,Fixed-Wing,Jet
AIRBUS,VC-1 ACJ,A319,Fixed-Wing,Jet
AIRBUS,A-400M Grizzly,A400,Fixed-Wing,Turboprop/Turboshaft
AIRBUS,A-318 Elite,A318,Fixed-Wing,Jet
AIRBUS,A-320 Prestige,A320,Fixed-Wing,Jet
AIRBUS,A-330-200 Prestige,A332,Fixed-Wing,Jet
AIRBUS,A-340-200 Prestige,A342,Fixed-Wing,Jet
AIRBUS,A-340-300 Prestige,A343,Fixed-Wing,Jet
AIRBUS,A-340-500 Prestige,A345,Fixed-Wing,Jet
AIRBUS,A-340-600 Prestige,A346,Fixed-Wing,Jet
AIRBUS,A-380-800 Prestige,A388,Fixed-Wing,Jet
AIRBUS,Prestige (A-320),A320,Fixed-Wing,Jet
AIRBUS,Prestige (A-330-200),A332,Fixed-Wing,Jet
AIRBUS,Prestige (A-340-200),A342,Fixed-Wing,Jet
AIRBUS,Prestige (A-340-300),A343,Fixed-Wing,Jet
AIRBUS,Prestige (A-340-500),A345,Fixed-Wing,Jet
AIRBUS,Prestige (A-340-600),A346,Fixed-Wing,Jet
AIRBUS,Prestige (A-380-800),A388,Fixed-Wing,Jet
AIRBUS,Elite,A318,Fixed-Wing,Jet
AIRBUS,A-330-700 Beluga XL,A337,Fixed-Wing,Jet
AIRBUS,Beluga XL,A337,Fixed-Wing,Jet
AIRBUS,A-330-800,A338,Fixed-Wing,Jet
AIRBUS,A-220-100,BCS1,Fixed-Wing,Jet
AIRBUS,A-220-300,BCS3,Fixed-Wing,Jet
AIRBUS,A-220-100 ACJ TwoTwenty,BCS1,Fixed-Wing,Jet
AIRBUS,ACJ TwoTwenty,BCS1,Fixed-Wing,Jet
AIRBUS,ACJ (A-319),A319,Fixed-Wing,Jet
AIRBUS,ACJ-319 neo,A19N,Fixed-Wing,Jet
AIRBUS,ACJ-320neo,A20N,Fixed-Wing,Jet
AIRBUS,ACJ-330-800,A338,Fixed-Wing,Jet
AIRBUS,ACJ-330-900,A339,Fixed-Wing,Jet
AIRBUS,ACJ-350-900,A359,Fixed-Wing,Jet
AIRBUS,ACJ-350-1000,A35K,Fixed-Wing,Jet
AIRBUS,A-300B2,A30B,Fixed-Wing,Jet
AIRBUS,A-300B2-1,A30B,Fixed-Wing,Jet
AIRBUS,A-300B2-100,A30B,Fixed-Wing,Jet
AIRBUS,A-300B2-200,A30B,Fixed-Wing,Jet
AIRBUS,A-300B2K-3,A30B,Fixed-Wing,Jet
AIRBUS,A-300B4-2,A30B,Fixed-Wing,Jet
AIRBUS,A-300B4-100,A30B,Fixed-Wing,Jet
AIRBUS,A-300B4-200,A30B,Fixed-Wing,Jet
AIRBUS,A-300B4-600,A306,Fixed-Wing,Jet
AIRBUS,A-300C4-200,A30B,Fixed-Wing,Jet
AIRBUS,A-300C4-600,A306,Fixed-Wing,Jet
AIRBUS,A-300F4-200,A30B,Fixed-Wing,Jet
AIRBUS,A-300F4-600,A306,Fixed-Wing,Jet
AIRBUS,A-300ST Beluga,A3ST,Fixed-Wing,Jet
AIRBUS,A-300ST Super Transporter,A3ST,Fixed-Wing,Jet
AIRBUS,A-310,A310,Fixed-Wing,Jet
AIRBUS,A-318,A318,Fixed-Wing,Jet
AIRBUS,A-319,A319,Fixed-Wing,Jet
AIRBUS,A-319 ACJ,A319,Fixed-Wing,Jet
AIRBUS,A-320,A320,Fixed-Wing,Jet
AIRBUS,A-321,A321,Fixed-Wing,Jet
AIRBUS,A-330-200,A332,Fixed-Wing,Jet
AIRBUS,A-330-300,A333,Fixed-Wing,Jet
AIRBUS,A-340-200,A342,Fixed-Wing,Jet
AIRBUS,A-340-300,A343,Fixed-Wing,Jet
AIRBUS,A-340-500,A345,Fixed-Wing,Jet
AIRBUS,A-340-600,A346,Fixed-Wing,Jet
AIRBUS,A-380-800,A388,Fixed-Wing,Jet
AIRBUS,Beluga,A3ST,Fixed-Wing,Jet
AIRBUS,CC-150 Polaris,A310,Fixed-Wing,Jet
AIRBUS,Polaris,A310,Fixed-Wing,Jet
AIRBUS,Super Transporter,A3ST,Fixed-Wing,Jet
AIRBUS,A-350-900 XWB,A359,Fixed-Wing,Jet
AIRBUS,A-350-900 XWB Prestige,A359,Fixed-Wing,Jet
AIRBUS,Prestige (A-350-900),A359,Fixed-Wing,Jet
AIRBUS,C-212,C212,Fixed-Wing,Turboprop/Turboshaft
AIRBUS HELICOPTERS,H-160,H160,Helicopter,Turboprop/Turboshaft
AIRBUS HELICOPTERS,EC-665 Tigre,TIGR,Helicopter,Turboprop/Turboshaft
AIRBUS HELICOPTERS,Tiger,TIGR,Helicopter,Turboprop/Turboshaft
AIRBUS HELICOPTERS,EC-665 Tiger,TIGR,Helicopter,Turboprop/Turboshaft
AIRBUS HELICOPTERS,Super Puma Mk2+,EC25,Helicopter,Turboprop/Turboshaft
AIRBUS HELICOPTERS,AS-350 Ecureuil,AS50,Helicopter,Turboprop/Turboshaft
AIRBUS HELICOPTERS,AS-350 SuperStar,AS50,Helicopter,Turboprop/Turboshaft
AIRBUS HELICOPTERS,AS-550 Fennec,AS50,Helicopter,Turboprop/Turboshaft
AIRBUS HELICOPTERS,Ecureuil,AS50,Helicopter,Turboprop/Turboshaft
AIRBUS HELICOPTERS,SuperStar,AS50,Helicopter,Turboprop/Turboshaft
AIRBUS HELICOPTERS,Fennec,AS50,Helicopter,Turboprop/Turboshaft
AIRBUS HELICOPTERS,AS-355 Ecureuil 2,AS55,Helicopter,Turboprop/Turboshaft
AIRBUS HELICOPTERS,Ecureuil 2,AS55,Helicopter,Turboprop/Turboshaft
AIRBUS HELICOPTERS,EC-130,EC30,Helicopter,Turboprop/Turboshaft
AIRBUS HELICOPTERS,AS-365 Dauphin 2,AS65,Helicopter,Turboprop/Turboshaft
AIRBUS HELICOPTERS,AS-565 Panther,AS65,Helicopter,Turboprop/Turboshaft
AIRBUS HELICOPTERS,Dauphin 2,AS65,Helicopter,Turboprop/Turboshaft
AIRBUS HELICOPTERS,Panther,AS65,Helicopter,Turboprop/Turboshaft
AIRBUS HELICOPTERS,EC-155,EC55,Helicopter,Turboprop/Turboshaft
AIRBUS HELICOPTERS,EC-135,EC35,Helicopter,Turboprop/Turboshaft
AIRBUS HELICOPTERS,EC-635,EC35,Helicopter,Turboprop/Turboshaft
AIRBUS HELICOPTERS,EC-120 Colibri,EC20,Helicopter,Turboprop/Turboshaft
AIRBUS HELICOPTERS,Colibri,EC20,Helicopter,Turboprop/Turboshaft
AIRBUS HELICOPTERS,AS-332C Super Puma,AS32,Helicopter,Turboprop/Turboshaft
AIRBUS HELICOPTERS,AS-532AL Cougar,AS32,Helicopter,Turboprop/Turboshaft
AIRBUS HELICOPTERS,Super Puma,AS32,Helicopter,Turboprop/Turboshaft
AIRBUS HELICOPTERS,Cougar,AS32,Helicopter,Turboprop/Turboshaft
AIRBUS HELICOPTERS,EC-725 Cougar Mk2+,EC25,Helicopter,Turboprop/Turboshaft
AIRBUS HELICOPTERS,EC-225 Super Puma Mk2+,EC25,Helicopter,Turboprop/Turboshaft
AIRBUS HELICOPTERS,Cougar Mk2+,EC25,Helicopter,Turboprop/Turboshaft
AIRBUS HELICOPTERS,H-120 Colibri,EC20,Helicopter,Turboprop/Turboshaft
AIRBUS HELICOPTERS,H-125 Ecureuil,AS50,Helicopter,Turboprop/Turboshaft
AIRBUS HELICOPTERS,H-125 SuperStar,AS50,Helicopter,Turboprop/Turboshaft
AIRBUS HELICOPTERS,H-125 Fennec,AS50,Helicopter,Turboprop/Turboshaft
AIRBUS HELICOPTERS,H-130,EC30,Helicopter,Turboprop/Turboshaft
AIRBUS HELICOPTERS,H-135,EC35,Helicopter,Turboprop/Turboshaft
AIRBUS HELICOPTERS,H-155,EC55,Helicopter,Turboprop/Turboshaft
AIRBUS HELICOPTERS,H-225 Cougar Mk2+,EC25,Helicopter,Turboprop/Turboshaft
AIRBUS HELICOPTERS,H-225 Super Puma Mk2+,EC25,Helicopter,Turboprop/Turboshaft
AIRBUS HELICOPTERS,EC-135 Bluecopter,EC35,Helicopter,Turboprop/Turboshaft
AIRBUS HELICOPTERS,Bluecopter,EC35,Helicopter,Turboprop/Turboshaft
AIRBUS HELICOPTERS,AS-332L1 Super Puma,AS32,Helicopter,Turboprop/Turboshaft
AIRBUS HELICOPTERS,Tigre,TIGR,Helicopter,Turboprop/Turboshaft
AIRBUS HELICOPTERS-HARBIN,H-175,EC75,Helicopter,Turboprop/Turboshaft
AIRBUS HELICOPTERS-HARBIN,EC-175,EC75,Helicopter,Turboprop/Turboshaft
AIRBUS HELICOPTERS-HARBIN,Z-15,EC75,Helicopter,Turboprop/Turboshaft
AIRBUS HELICOPTERS-KAWASAKI,BK-117C-2,EC45,Helicopter,Turboprop/Turboshaft
AIRBUS HELICOPTERS-KAWASAKI,EC-145,EC45,Helicopter,Turboprop/Turboshaft
AIRBUS HELICOPTERS-KAWASAKI,UH-72 Lakota,EC45,Helicopter,Turboprop/Turboshaft
AIRBUS HELICOPTERS-KAWASAKI,Lakota,EC45,Helicopter,Turboprop/Turboshaft
AIRBUS HELICOPTERS-KAWASAKI,EC-645,EC45,Helicopter,Turboprop/Turboshaft
AIRBUS HELICOPTERS-KAWASAKI,H-145,EC45,Helicopter,Turboprop/Turboshaft
AIRBUS HELICOPTERS-KAWASAKI,BK-117D,EC45,Helicopter,Turboprop/Turboshaft
AIRBUS HELICOPTERS-KAWASAKI,BK-117D Jupiter,EC45,Helicopter,Turboprop/Turboshaft
AIRBUS HELICOPTERS-KAWASAKI,H-145 Jupiter,EC45,Helicopter,Turboprop/Turboshaft
AIRBUS HELICOPTERS-KAWASAKI,Jupiter,EC45,Helicopter,Turboprop/Turboshaft
AIRCONCEPT,Airbuggy,VW10,Fixed-Wing,Piston
AIRCONCEPT,VoWi-10 Airbuggy,VW10,Fixed-Wing,Piston
AIRCRAFT DESIGNS,Sportster Gyro,SPGY,Gyrocopter,Piston
AIRCRAFT DESIGNS,Stallion,STAL,Fixed-Wing,Piston
AIRCRAFT DESIGNS,Super Stallion,STAL,Fixed-Wing,Piston
AIRCRAFT DESIGNS,Turbine Stallion,STAT,Fixed-Wing,Turboprop/Turboshaft
AIRCRAFT HYDRO-FORMING,Bushmaster 2000,BU20,Fixed-Wing,Piston
AIRCRAFT INDUSTRIES,L-410 Turbolet,L410,Fixed-Wing,Turboprop/Turboshaft
AIRCRAFT INDUSTRIES,Turbolet,L410,Fixed-Wing,Turboprop/Turboshaft
AIRCRAFT PARTS,A-9 Quail,A9,Fixed-Wing,Piston
AIRCRAFT PARTS,Quail,A9,Fixed-Wing,Piston
AIRCRAFT SPRUCE,Baby Lakes,BLKS,Fixed-Wing,Piston
AIRCRAFT SPRUCE,Buddy Baby Lakes,BLKS,Fixed-Wing,Piston
AIRCRAFT SPRUCE,DR-107 One Design,RODS,Fixed-Wing,Piston
AIRCRAFT SPRUCE,DR-109 Rhino,R109,Fixed-Wing,Piston
AIRCRAFT SPRUCE,One Design,RODS,Fixed-Wing,Piston
AIRCRAFT SPRUCE,Rhino,R109,Fixed-Wing,Piston
AIRCRAFT SPRUCE,Super Baby Lakes,BLKS,Fixed-Wing,Piston
AIRCRAFT SPRUCE,Tailwind,TAIL,Fixed-Wing,Piston
AIRCRAFT SPRUCE,V-Witt,VWIT,Fixed-Wing,Piston
AIRCRAFT SPRUCE,W-10 Tailwind,TAIL,Fixed-Wing,Piston
AIRCRAFT TECHNOLOGIES,Acro 1,ATAC,Fixed-Wing,Piston
AIRCRAFT TECHNOLOGIES,Atlantis,ATIS,Fixed-Wing,Piston
AIRCRAFT TECHNOLOGIES,Meyer-360,M360,Fixed-Wing,Piston
AIRDALE,Avid Flyer,AVID,Fixed-Wing,Piston
AIRDALE,Comet,SCOM,Fixed-Wing,Piston
AIRDALE,Flyer,AVID,Fixed-Wing,Piston
AIRDALE,Magnum,MAGN,Fixed-Wing,Piston
AIRDROME AEROPLANES,Sopwith Pup Replica,SPUP,Fixed-Wing,Piston
AIRFRAMES-DAKOTA CUB,Super 18,PA18,Fixed-Wing,Piston
AIRFRAMES-DAKOTA CUB,S-18 Super 18,PA18,Fixed-Wing,Piston
AIRLONY,Skylane,ALSL,Fixed-Wing,Piston
AIRMASTER,Avalon 680,AVLN,Amphibian,Turboprop/Turboshaft
AIRMAX,SeaMax,SMAX,Amphibian,Piston
AIRMAX,M-22 SeaMax,SMAX,Amphibian,Piston
AIRNET,One,ONE,Fixed-Wing,Piston
AIRO,1,JFOX,Fixed-Wing,Piston
AIRO,5,UF10,Fixed-Wing,Piston
AIRPLANE FACTORY,Sling 4 TSi,SLG4,Fixed-Wing,Piston
AIRPLANE FACTORY,Sling LSA,SLG2,Fixed-Wing,Piston
AIRPLANE FACTORY,Sling 2,SLG2,Fixed-Wing,Piston
AIRPLANE FACTORY,Sling 4,SLG4,Fixed-Wing,Piston
AIRSPORT,Sonata,SNTA,Fixed-Wing,Piston
AIRTECH (1),Beaver,DHC2,Fixed-Wing,Piston
AIRTECH (1),DHC-2-PZL3S Beaver,DHC2,Fixed-Wing,Piston
AIRTECH (1),DHC-3-1000 Otter,DHC3,Fixed-Wing,Piston
AIRTECH (1),DHC-3-PZL3S Otter,DHC3,Fixed-Wing,Piston
AIRTECH (1),Otter,DHC3,Fixed-Wing,Piston
AIRTECH (2),CN-235,CN35,Fixed-Wing,Turboprop/Turboshaft
AIRTECH (2),CN-235 Persuader,CN35,Fixed-Wing,Turboprop/Turboshaft
AIRTECH (2),Persuader,CN35,Fixed-Wing,Turboprop/Turboshaft
AISA,I-11B Peque,I11B,Fixed-Wing,Piston
AISA,I-115,I115,Fixed-Wing,Piston
AISA,Peque,I11B,Fixed-Wing,Piston
AJEP,Tailwind,TAIL,Fixed-Wing,Piston
AJEP,W-8 Tailwind,TAIL,Fixed-Wing,Piston
AJI,Turbo Star 402,C02T,Fixed-Wing,Turboprop/Turboshaft
AJI,Turbo Star 414,C14T,Fixed-Wing,Turboprop/Turboshaft
AKAFLIEG BERLIN,B-13,B13,Fixed-Wing,Piston
AKAFLIEG DARMSTADT,D-39,D39,Fixed-Wing,Piston
AKAFLIEG KARLSRUHE,AK-1,AK1,Fixed-Wing,Piston
AKAFLIEG MUNCHEN,Mü-23 Saurier,MU23,Fixed-Wing,Piston
AKAFLIEG MUNCHEN,Mü-30 Schlacro,SCRO,Fixed-Wing,Piston
AKAFLIEG MUNCHEN,Saurier,MU23,Fixed-Wing,Piston
AKAFLIEG MUNCHEN,Schlacro,SCRO,Fixed-Wing,Piston
AKRON,Funk B,FNKB,Fixed-Wing,Piston
AKROTECH,G-200,G200,Fixed-Wing,Piston
AKROTECH,G-202,G202,Fixed-Wing,Piston
AKROTECH,G-300,G300,Fixed-Wing,Piston
AKROTECH EUROPE,CAP-10,CP10,Fixed-Wing,Piston
AKROTECH EUROPE,CAP-222,CP22,Fixed-Wing,Piston
AKROTECH EUROPE,CAP-232,CP23,Fixed-Wing,Piston
ALANNE,Moottori-Lerche,MLER,Fixed-Wing,Piston
ALENIA,AMX Ghibli,AMX,Fixed-Wing,Jet
ALENIA,AV-8 Harrier,HAR,Fixed-Wing,Jet
ALENIA,C-27A Spartan,G222,Fixed-Wing,Turboprop/Turboshaft
ALENIA,C-27J Spartan,C27J,Fixed-Wing,Turboprop/Turboshaft
ALENIA,Eurofighter 2000,EUFI,Fixed-Wing,Jet
ALENIA,G-222,G222,Fixed-Wing,Turboprop/Turboshaft
ALENIA,Ghibli,AMX,Fixed-Wing,Jet
ALENIA,Harrier,HAR,Fixed-Wing,Jet
ALENIA,Spartan (C-27A),G222,Fixed-Wing,Turboprop/Turboshaft
ALENIA,Spartan (C-27J),C27J,Fixed-Wing,Turboprop/Turboshaft
ALENIA,Typhoon,EUFI,Fixed-Wing,Jet
ALENIA,HC-27J Spartan,C27J,Fixed-Wing,Turboprop/Turboshaft
ALENIA AERMACCHI,MC-27J Praetorian,C27J,Fixed-Wing,Turboprop/Turboshaft
ALENIA AERMACCHI,Praetorian,C27J,Fixed-Wing,Turboprop/Turboshaft
ALENIA AERMACCHI,HC-27J Spartan,C27J,Fixed-Wing,Turboprop/Turboshaft
ALENIA AERMACCHI,M-346 Master,M346,Fixed-Wing,Jet
ALENIA AERMACCHI,F-260F,F260,Fixed-Wing,Piston
ALENIA AERMACCHI,SF-260E,F260,Fixed-Wing,Piston
ALENIA AERMACCHI,SF-260F,F260,Fixed-Wing,Piston
ALENIA AERMACCHI,SF-260T,F26T,Fixed-Wing,Turboprop/Turboshaft
ALENIA AERMACCHI,MB-339,M339,Fixed-Wing,Jet
ALENIA AERMACCHI,C-27J Spartan,C27J,Fixed-Wing,Turboprop/Turboshaft
ALENIA AERMACCHI,Spartan,C27J,Fixed-Wing,Turboprop/Turboshaft
ALENIA AERMACCHI,T-346 Master,M346,Fixed-Wing,Jet
ALENIA AERMACCHI,Master,M346,Fixed-Wing,Jet
ALENIA AERMACCHI,F-260E,F260,Fixed-Wing,Piston
ALEXANDRIA,17 Super Viking,BL17,Fixed-Wing,Piston
ALEXANDRIA,Super Viking,BL17,Fixed-Wing,Piston
ALFA-M,A-211,A211,Fixed-Wing,Piston
ALLISON,36 Turbine Bonanza,B36T,Fixed-Wing,Turboprop/Turboshaft
ALLISON,Turbine Bonanza,B36T,Fixed-Wing,Turboprop/Turboshaft
ALMS,ADV-01 Papango,PAGO,Fixed-Wing,Piston
ALMS,J-300 Joker,J300,Fixed-Wing,Piston
ALMS,Joker,J300,Fixed-Wing,Piston
ALMS,Papango,PAGO,Fixed-Wing,Piston
ALMS,Callao,SAVG,Fixed-Wing,Piston
ALON,A-2 Aircoupe,ERCO,Fixed-Wing,Piston
ALON,Aircoupe,ERCO,Fixed-Wing,Piston
ALPAERO,Choucas,CHCS,Fixed-Wing,Piston
ALPAVIA,D-117,D11,Fixed-Wing,Piston
ALPAVIA,RF-3,RF3,Fixed-Wing,Piston
ALPAVIA,RF-4,RF4,Fixed-Wing,Piston
ALPHA,J-5 Marco,JAJ5,Fixed-Wing,Piston
ALPHA,Marco,JAJ5,Fixed-Wing,Piston
ALPHA AVIATION,Alpha 160,R200,Fixed-Wing,Piston
ALPHA AVIATION,R-2160 Alpha 160,R200,Fixed-Wing,Piston
ALPHA AVIATION,Alpha 120,R200,Fixed-Wing,Piston
ALPHA AVIATION,R-2120 Alpha 120,R200,Fixed-Wing,Piston
ALPI,Pioneer 400,PNR4,Fixed-Wing,Piston
ALPI,AH-130 Syton,ES11,Helicopter,Turboprop/Turboshaft
ALPI,Syton,ES11,Helicopter,Turboprop/Turboshaft
ALPI,Pioneer 230,PNR2,Fixed-Wing,Piston
ALPI,Pioneer 200,PNR2,Fixed-Wing,Piston
ALPI,Pioneer 300,PNR3,Fixed-Wing,Piston
ALPI,Pioneer 330,PNR3,Fixed-Wing,Piston
ALPLA,AVO-68 Samburo,AV68,Fixed-Wing,Piston
ALPLA,Samburo,AV68,Fixed-Wing,Piston
ALTAIR COELHO,AC-11,ALC1,Fixed-Wing,Piston
ALTURAIR,BD-5B Micro,BD5,Fixed-Wing,Piston
ALTURAIR,BD-5G Micro,BD5,Fixed-Wing,Piston
ALTURAIR,BD-5J Micro,BD5J,Fixed-Wing,Jet
ALTURAIR,Micro (BD-5B/G),BD5,Fixed-Wing,Piston
ALTURAIR,Micro (BD-5J),BD5J,Fixed-Wing,Jet
ALVAREZ,Polliwagen,POLI,Fixed-Wing,Piston
AMAX,Double Eagle,DEAG,Gyrocopter,Piston
AMAX,J-6 Karatoo,KTOO,Fixed-Wing,Piston
AMAX,Karatoo,KTOO,Fixed-Wing,Piston
AMAX,Sport 1700,SPOR,Fixed-Wing,Piston
AMAX,Vixen,VIXN,Fixed-Wing,Piston
AMBROSINI,F-4 Rondone,ROND,Fixed-Wing,Piston
AMBROSINI,Rondone,ROND,Fixed-Wing,Piston
AMC,Texas Bullet 205,TB05,Fixed-Wing,Piston
AMD,Alarus,CH2T,Fixed-Wing,Piston
AMD,CH-601 Zodiac,CH60,Fixed-Wing,Piston
AMD,CH-2000 Alarus,CH2T,Fixed-Wing,Piston
AMD,CH-2000 Zénith,CH2T,Fixed-Wing,Piston
AMD,Patriot,MX1T,Fixed-Wing,Piston
AMD,Zénith,CH2T,Fixed-Wing,Piston
AMD,CH-750 Cruzer,CH75,Fixed-Wing,Piston
AMD,Cruzer,CH75,Fixed-Wing,Piston
AMD,CH-650 Zodiac,CH65,Fixed-Wing,Piston
AMD,CH-750 Stol,CH75,Fixed-Wing,Piston
AMD,MXP-150 Patriot,MX1T,Fixed-Wing,Piston
AMD,Stol,CH75,Fixed-Wing,Piston
AMD,Zodiac (CH-601),CH60,Fixed-Wing,Piston
AMD,Zodiac (CH-650),CH65,Fixed-Wing,Piston
AMEAGLE,American Eaglet,EAGT,Fixed-Wing,Piston
AMERICAN,AA-1 Tr2,AA1,Fixed-Wing,Piston
AMERICAN,AA-1 Trainer,AA1,Fixed-Wing,Piston
AMERICAN,AA-1 Yankee,AA1,Fixed-Wing,Piston
AMERICAN,AA-5 Traveler,AA5,Fixed-Wing,Piston
AMERICAN,Tr2,AA1,Fixed-Wing,Piston
AMERICAN,Trainer,AA1,Fixed-Wing,Piston
AMERICAN,Traveler,AA5,Fixed-Wing,Piston
AMERICAN,Yankee,AA1,Fixed-Wing,Piston
AMERICAN AFFORDABLE,Vision,VSON,Fixed-Wing,Piston
AMERICAN AIRCRAFT,Falcon XP,FALC,Fixed-Wing,Piston
AMERICAN AUTOGYRO,SparrowHawk,SPHA,Gyrocopter,Piston
AMERICAN AUTOGYRO,Spinus,SPHA,Gyrocopter,Piston
AMERICAN CHAMPION,Citabria  Ultimate Adventure,CH7B,Fixed-Wing,Piston
AMERICAN CHAMPION,Citabria High Country Explorer,CH7B,Fixed-Wing,Piston
AMERICAN CHAMPION,7GCAA Citabria Ultimate Adventure,CH7B,Fixed-Wing,Piston
AMERICAN CHAMPION,7GCBC Citabria High Country Explorer,CH7B,Fixed-Wing,Piston
AMERICAN CHAMPION,7EC Champ,CH7A,Fixed-Wing,Piston
AMERICAN CHAMPION,7ECA Citabria Aurora,CH7A,Fixed-Wing,Piston
AMERICAN CHAMPION,7GCAA Citabria Adventure,CH7B,Fixed-Wing,Piston
AMERICAN CHAMPION,7GCBC Citabria Explorer,CH7B,Fixed-Wing,Piston
AMERICAN CHAMPION,8 Scout,BL8,Fixed-Wing,Piston
AMERICAN CHAMPION,8 Super Decathlon,BL8,Fixed-Wing,Piston
AMERICAN CHAMPION,Champ,CH7A,Fixed-Wing,Piston
AMERICAN CHAMPION,Citabria Adventure,CH7B,Fixed-Wing,Piston
AMERICAN CHAMPION,Citabria Aurora,CH7A,Fixed-Wing,Piston
AMERICAN CHAMPION,Citabria Explorer,CH7B,Fixed-Wing,Piston
AMERICAN CHAMPION,Scout,BL8,Fixed-Wing,Piston
AMERICAN CHAMPION,Super Decathlon,BL8,Fixed-Wing,Piston
AMERICAN EAGLE,A-1,AEA1,Fixed-Wing,Piston
AMERICAN EAGLE,A-101,AEA1,Fixed-Wing,Piston
AMERICAN GENERAL,AG-5 Tiger,AA5,Fixed-Wing,Piston
AMERICAN GENERAL,Tiger,AA5,Fixed-Wing,Piston
AMERICAN HOMEBUILTS,John Doe,JDOE,Fixed-Wing,Piston
AMERICAN LEGEND,AL-3C Legend Cub,J3,Fixed-Wing,Piston
AMERICAN LEGEND,AL-11C Legend Cub Special,PA11,Fixed-Wing,Piston
AMERICAN LEGEND,Legend Cub,J3,Fixed-Wing,Piston
AMERICAN LEGEND,Legend Cub Special,PA11,Fixed-Wing,Piston
AMERICAN LEGEND,AL-18 Super Legend,PA18,Fixed-Wing,Piston
AMERICAN LEGEND,Super Legend,PA18,Fixed-Wing,Piston
AMERICAN LEGEND,AL-18 MOAC,PA18,Fixed-Wing,Piston
AMERICAN LEGEND,MOAC,PA18,Fixed-Wing,Piston
AMERICAN SPORTSCOPTER,Ultrasport 496,ULTS,Helicopter,Piston
AMEUR,Altania,BLBU,Fixed-Wing,Piston
AMEUR,Balbuzard,BLBU,Fixed-Wing,Piston
AMEUR,Baljims,BLBU,Fixed-Wing,Piston
AMS-FLIGHT,Carat,TFK2,Fixed-Wing,Piston
AMX,A-1,AMX,Fixed-Wing,Jet
AMX,AMX,AMX,Fixed-Wing,Jet
AMX,AMX Ghibli,AMX,Fixed-Wing,Jet
AMX,Ghibli,AMX,Fixed-Wing,Jet
ANAHUAC,Tauro,TARO,Fixed-Wing,Piston
ANDERSON,EA-1 Kingfisher,KFIS,Amphibian,Piston
ANDERSON,Kingfisher,KFIS,Amphibian,Piston
ANDERSON-GREENWOOD,Aries,T250,Fixed-Wing,Piston
ANDERSON-GREENWOOD,T-250 Aries,T250,Fixed-Wing,Piston
ANDERSON-GREENWOOD,51,T250,Fixed-Wing,Piston
ANDREASSON,BA-7,JUNR,Fixed-Wing,Piston
ANDREASSON,MFI-9,JUNR,Fixed-Wing,Piston
ANGEL,44 Angel,ANGL,Fixed-Wing,Piston
ANGEL,Angel,ANGL,Fixed-Wing,Piston
ANGLIN,J-6 Karatoo,KTOO,Fixed-Wing,Piston
ANGLIN,Karatoo,KTOO,Fixed-Wing,Piston
ANGLIN,Space Walker 1,SWAK,Fixed-Wing,Piston
ANGLIN,Space Walker 2,SWAK,Fixed-Wing,Piston
ANGLO NORMANDY,BN-2A Mk3 Trislander,TRIS,Fixed-Wing,Piston
ANGLO NORMANDY,Trislander,TRIS,Fixed-Wing,Piston
ANTONIEWSKI,P-220S-AT1,P220,Fixed-Wing,Piston
ANTONIEWSKI,P-220S-AT2,P220,Fixed-Wing,Piston
ANTONIEWSKI,P-220S-AT3,P220,Fixed-Wing,Piston
ANTONOV,An-2,AN2,Fixed-Wing,Piston
ANTONOV,An-3,AN3,Fixed-Wing,Turboprop/Turboshaft
ANTONOV,An-8,AN8,Fixed-Wing,Turboprop/Turboshaft
ANTONOV,An-12,AN12,Fixed-Wing,Turboprop/Turboshaft
ANTONOV,An-22 Antheus,AN22,Fixed-Wing,Turboprop/Turboshaft
ANTONOV,An-24,AN24,Fixed-Wing,Turboprop/Turboshaft
ANTONOV,An-26,AN26,Fixed-Wing,Turboprop/Turboshaft
ANTONOV,An-28,AN28,Fixed-Wing,Turboprop/Turboshaft
ANTONOV,An-30,AN30,Fixed-Wing,Turboprop/Turboshaft
ANTONOV,An-32,AN32,Fixed-Wing,Turboprop/Turboshaft
ANTONOV,An-32 Firekiller,AN32,Fixed-Wing,Turboprop/Turboshaft
ANTONOV,An-32 Sutlej,AN32,Fixed-Wing,Turboprop/Turboshaft
ANTONOV,An-38,AN38,Fixed-Wing,Turboprop/Turboshaft
ANTONOV,An-70,AN70,Fixed-Wing,Turboprop/Turboshaft
ANTONOV,An-72,AN72,Fixed-Wing,Jet
ANTONOV,An-74-100,AN72,Fixed-Wing,Jet
ANTONOV,An-74-200,AN72,Fixed-Wing,Jet
ANTONOV,An-74-300,A743,Fixed-Wing,Jet
ANTONOV,An-124 Ruslan,A124,Fixed-Wing,Jet
ANTONOV,An-140,A140,Fixed-Wing,Turboprop/Turboshaft
ANTONOV,An-148,A148,Fixed-Wing,Jet
ANTONOV,An-225 Mriya,A225,Fixed-Wing,Jet
ANTONOV,Antheus,AN22,Fixed-Wing,Turboprop/Turboshaft
ANTONOV,Firekiller,AN32,Fixed-Wing,Turboprop/Turboshaft
ANTONOV,Mriya,A225,Fixed-Wing,Jet
ANTONOV,Ruslan,A124,Fixed-Wing,Jet
ANTONOV,Sutlej,AN32,Fixed-Wing,Turboprop/Turboshaft
ANTONOV,An-158,A158,Fixed-Wing,Jet
ANTONOV,An-178,A178,Fixed-Wing,Jet
AOI,Alpha Jet,AJET,Fixed-Wing,Jet
AOI,EMB-312 Tucano,TUCA,Fixed-Wing,Turboprop/Turboshaft
AOI,Tucano,TUCA,Fixed-Wing,Turboprop/Turboshaft
APPLEBAY,Zia,ZIA,Fixed-Wing,Piston
APPLEGATE & WEYANT,Dart GC,DRTG,Fixed-Wing,Piston
AQUILA,A-210,A210,Fixed-Wing,Piston
AQUILA,AT-01,A210,Fixed-Wing,Piston
AQUILA,A-211,A210,Fixed-Wing,Piston
AQUILA,A-212,A210,Fixed-Wing,Piston
ARADO,Ar-79,AR79,Fixed-Wing,Piston
ARC ATLANTIQUE,RF-47,RF47,Fixed-Wing,Piston
ARC-41,VNS-41,CE22,Amphibian,Piston
ARCTIC,Arctic Tern,S1,Fixed-Wing,Piston
ARCTIC,Privateer,S4,Fixed-Wing,Piston
ARCTIC,S-1 Arctic Tern,S1,Fixed-Wing,Piston
ARCTIC,S-4 Privateer,S4,Fixed-Wing,Piston
ARDC,Layang,F26T,Fixed-Wing,Turboprop/Turboshaft
ARION,Lightning,ALIG,Fixed-Wing,Piston
ARION,LS-1 Lightning,ALIG,Fixed-Wing,Piston
ARMSTRONG WHITWORTH,Meteor,METR,Fixed-Wing,Jet
ARMSTRONG WHITWORTH,Sea Hawk,SHAW,Fixed-Wing,Jet
ARNET PEREYRA,Aventura 2,AVTR,Amphibian,Piston
ARNET PEREYRA,Buccaneer,BUCA,Amphibian,Piston
ARNET PEREYRA,Sabre 2,SAB2,Fixed-Wing,Piston
ARNET PEREYRA,Toucan,ZEP2,Fixed-Wing,Piston
ARNET PEREYRA,Zephyr 2,ZEP2,Fixed-Wing,Piston
ARROW (1),F Sport,ARWF,Fixed-Wing,Piston
ARROW (1),Sport,ARWF,Fixed-Wing,Piston
ARROW (2),Yarrow Arrow,YARR,Fixed-Wing,Piston
ARV,ARV-1 Super 2,ARV1,Fixed-Wing,Piston
ARV,Super 2,ARV1,Fixed-Wing,Piston
ASAP,Beaver,BEVR,Fixed-Wing,Piston
ASAP,Chinook,CHIN,Fixed-Wing,Piston
ASL,ARV-1 Opus 280,ARV1,Fixed-Wing,Piston
ASL,Opus 280,ARV1,Fixed-Wing,Piston
ASSO AEREI,Asso 4 Whisky,ASO4,Fixed-Wing,Piston
ASSOCIATED AIR,Liberty 181,L181,Fixed-Wing,Piston
ASTA,S-70 Seahawk,H60,Helicopter,Turboprop/Turboshaft
ASTA,Seahawk,H60,Helicopter,Turboprop/Turboshaft
ASTA,Hornet,F18H,Fixed-Wing,Jet
ASTA,AF-18 Hornet,F18H,Fixed-Wing,Jet
ASTA,ATF-18 Hornet,F18H,Fixed-Wing,Jet
ATAC,Patriot 2,PAT2,Fixed-Wing,Piston
ATEC,122 Zephyr,ZEPH,Fixed-Wing,Piston
ATEC,321 Faeta,FAET,Fixed-Wing,Piston
ATEC,Faeta,FAET,Fixed-Wing,Piston
ATEC,Zephyr,ZEPH,Fixed-Wing,Piston
ATEC,322 Faeta,FAET,Fixed-Wing,Piston
ATG,ATG-1 Javelin,ATG1,Fixed-Wing,Jet
ATG,Javelin,ATG1,Fixed-Wing,Jet
ATLAS,AL-60 Kudu,LA60,Fixed-Wing,Piston
ATLAS,AM-3 Bosbok,AM3,Fixed-Wing,Piston
ATLAS,Astra,PC7,Fixed-Wing,Turboprop/Turboshaft
ATLAS,Bosbok,AM3,Fixed-Wing,Piston
ATLAS,Cheetah,MIRA,Fixed-Wing,Jet
ATLAS,CSH-2 Rooivalk,RVAL,Helicopter,Turboprop/Turboshaft
ATLAS,Impala,M326,Fixed-Wing,Jet
ATLAS,Kudu,LA60,Fixed-Wing,Piston
ATLAS,MB-326 Impala,M326,Fixed-Wing,Jet
ATLAS,Oryx,AS32,Helicopter,Turboprop/Turboshaft
ATLAS,PC-7 Astra,PC7,Fixed-Wing,Turboprop/Turboshaft
ATLAS,Rooivalk,RVAL,Helicopter,Turboprop/Turboshaft
ATLAS,SA-330 Oryx,AS32,Helicopter,Turboprop/Turboshaft
ATR,ATR-42-300,AT43,Fixed-Wing,Turboprop/Turboshaft
ATR,ATR-42-320,AT43,Fixed-Wing,Turboprop/Turboshaft
ATR,ATR-42-400,AT44,Fixed-Wing,Turboprop/Turboshaft
ATR,ATR-42-400 Surveyor,AT44,Fixed-Wing,Turboprop/Turboshaft
ATR,ATR-42-500,AT45,Fixed-Wing,Turboprop/Turboshaft
ATR,ATR-42-500 Surveyor,AT45,Fixed-Wing,Turboprop/Turboshaft
ATR,Surveyor (ATR-42-400),AT44,Fixed-Wing,Turboprop/Turboshaft
ATR,Surveyor (ATR-42-500),AT45,Fixed-Wing,Turboprop/Turboshaft
ATR,ATR-42-600,AT46,Fixed-Wing,Turboprop/Turboshaft
ATR,ATR-72-201,AT72,Fixed-Wing,Turboprop/Turboshaft
ATR,ATR-72-202,AT72,Fixed-Wing,Turboprop/Turboshaft
ATR,ATR-72-211,AT73,Fixed-Wing,Turboprop/Turboshaft
ATR,ATR-72-500,AT75,Fixed-Wing,Turboprop/Turboshaft
ATR,ATR-72-600,AT76,Fixed-Wing,Turboprop/Turboshaft
ATR,ATR P-72,AT76,Fixed-Wing,Turboprop/Turboshaft
ATR,ATR-72-212A (600),AT76,Fixed-Wing,Turboprop/Turboshaft
ATR,ATR-72-212,AT73,Fixed-Wing,Turboprop/Turboshaft
ATR,ATR-72-212A (500),AT75,Fixed-Wing,Turboprop/Turboshaft
AUSTER,Autocrat,J1,Fixed-Wing,Piston
AUSTER,B5,AUS9,Fixed-Wing,Piston
AUSTER,D-4,D4,Fixed-Wing,Piston
AUSTER,D-5,D5,Fixed-Wing,Piston
AUSTER,D-6,D6,Fixed-Wing,Piston
AUSTER,J,AUS5,Fixed-Wing,Piston
AUSTER,J-1 Aiglet,J1,Fixed-Wing,Piston
AUSTER,J-1 Alpha,J1,Fixed-Wing,Piston
AUSTER,J-1 Autocrat,J1,Fixed-Wing,Piston
AUSTER,J-1 Kingsland,J1,Fixed-Wing,Piston
AUSTER,J-1 Workmaster,J1,Fixed-Wing,Piston
AUSTER,J-2 Arrow,AUJ2,Fixed-Wing,Piston
AUSTER,J-4 Archer,AUJ4,Fixed-Wing,Piston
AUSTER,J-5 Adventurer,ADVE,Fixed-Wing,Piston
AUSTER,J-5B Autocar,ACAR,Fixed-Wing,Piston
AUSTER,J-5E Autocar,ACAR,Fixed-Wing,Piston
AUSTER,J-5F Aiglet Trainer,AIGT,Fixed-Wing,Piston
AUSTER,J-5G Autocar,ACAR,Fixed-Wing,Piston
AUSTER,J-5H Autocar,ACAR,Fixed-Wing,Piston
AUSTER,J-5K Aiglet Trainer,AIGT,Fixed-Wing,Piston
AUSTER,J-5L Aiglet Trainer,AIGT,Fixed-Wing,Piston
AUSTER,J-5P Autocar,ACAR,Fixed-Wing,Piston
AUSTER,J-5Q Alpine,ALPI,Fixed-Wing,Piston
AUSTER,J-5R Alpine,ALPI,Fixed-Wing,Piston
AUSTER,J-5T Autocar,ACAR,Fixed-Wing,Piston
AUSTER,J-5V Autocar,ACAR,Fixed-Wing,Piston
AUSTER,K,AUS6,Fixed-Wing,Piston
AUSTER,Kingsland,J1,Fixed-Wing,Piston
AUSTER,Q,AUS7,Fixed-Wing,Piston
AUSTER,Workmaster,J1,Fixed-Wing,Piston
AUSTER,6A,AUS6,Fixed-Wing,Piston
AUSTER,Adventurer,ADVE,Fixed-Wing,Piston
AUSTER,Aiglet,J1,Fixed-Wing,Piston
AUSTER,Aiglet Trainer,AIGT,Fixed-Wing,Piston
AUSTER,Alpha,J1,Fixed-Wing,Piston
AUSTER,Alpine,ALPI,Fixed-Wing,Piston
AUSTER,Archer,AUJ4,Fixed-Wing,Piston
AUSTER,Arrow,AUJ2,Fixed-Wing,Piston
AUSTER,Auster 5,AUS5,Fixed-Wing,Piston
AUSTER,Auster 5 Alpha,AUS5,Fixed-Wing,Piston
AUSTER,Auster AOP6,AUS6,Fixed-Wing,Piston
AUSTER,Auster AOP9,AUS9,Fixed-Wing,Piston
AUSTER,Auster T7,AUS7,Fixed-Wing,Piston
AUSTER,Autocar,ACAR,Fixed-Wing,Piston
AUSTFLIGHT,Drifter,DRIF,Fixed-Wing,Piston
AUSTRALIAN AEROSPACE,EC-665 Tiger,TIGR,Helicopter,Turboprop/Turboshaft
AUSTRALIAN AEROSPACE,Tiger,TIGR,Helicopter,Turboprop/Turboshaft
AUSTRALIAN AEROSPACE,MRH-90,NH90,Helicopter,Turboprop/Turboshaft
AUSTRALITE,Ultrabat,UBAT,Fixed-Wing,Piston
AUTOGYRO,MT-03,MT,Gyrocopter,Piston
AUTOGYRO,MTOSport,MT,Gyrocopter,Piston
AUTOGYRO,Calidus,CDUS,Gyrocopter,Piston
AUTOGYRO,Cavalon,CLON,Gyrocopter,Piston
AVANTAGE,A-27,A27,Fixed-Wing,Piston
AVANTAGE,A-29,A29,Fixed-Wing,Piston
AVANTAGE,A-31 Spectrum,A31,Fixed-Wing,Piston
AVANTAGE,A-35 Scanner,A35,Fixed-Wing,Piston
AVANTAGE,Scanner,A35,Fixed-Wing,Piston
AVANTAGE,Spectrum,A31,Fixed-Wing,Piston
AVCRAFT,Dornier 328JET,J328,Fixed-Wing,Jet
AVEKO,VL-3 Flamingo,VL3,Fixed-Wing,Piston
AVEKO,Flamingo,VL3,Fixed-Wing,Piston
AVEKO,VL-3,VL3,Fixed-Wing,Piston
AVEKO,VL-3 Sprint,VL3,Fixed-Wing,Piston
AVEKO,Sprint,VL3,Fixed-Wing,Piston
AVIA (1),Aviastarlet,FL3,Fixed-Wing,Piston
AVIA (1),L-3 Aviastarlet,FL3,Fixed-Wing,Piston
AVIA (2),Av-14,IL14,Fixed-Wing,Piston
AVIA (3),Accord,ACRD,Fixed-Wing,Piston
AVIA BALTIKA,LAK-X,LAKX,Fixed-Wing,Piston
AVIABELLANCA,19 Skyrocket,BL19,Fixed-Wing,Piston
AVIABELLANCA,Skyrocket,BL19,Fixed-Wing,Piston
AVIADESIGN,A-16 Sport Falcon,A16,Fixed-Wing,Piston
AVIAIMPEX,KT-112 Yanhol,YNHL,Helicopter,Piston
AVIAIMPEX,Yanhol,YNHL,Helicopter,Piston
AVIAKIT,Vega 3000,VG3T,Fixed-Wing,Piston
AVIAMILANO,F-8L Falco,F8L,Fixed-Wing,Piston
AVIAMILANO,F-14 Nibbio,NIBB,Fixed-Wing,Piston
AVIAMILANO,Falco,F8L,Fixed-Wing,Piston
AVIAMILANO,Nibbio,NIBB,Fixed-Wing,Piston
AVIAMILANO,P-19 Scricciolo,P19,Fixed-Wing,Piston
AVIAMILANO,Scricciolo,P19,Fixed-Wing,Piston
AVIASTROITEL,AC-5M,AC5M,Fixed-Wing,Piston
AVIAT,110 Special,M110,Fixed-Wing,Piston
AVIAT,A-1 Husky,HUSK,Fixed-Wing,Piston
AVIAT,A-1 Husky Pup,HUSK,Fixed-Wing,Piston
AVIAT,Eagle,EAGL,Fixed-Wing,Piston
AVIAT,Husky,HUSK,Fixed-Wing,Piston
AVIAT,Husky Pup,HUSK,Fixed-Wing,Piston
AVIAT,Pitts S-1 Special,PTS1,Fixed-Wing,Piston
AVIAT,Pitts S-2 Special,PTS2,Fixed-Wing,Piston
AVIAT,S-1-11 Super Stinker,PTSS,Fixed-Wing,Piston
AVIAT,Special,M110,Fixed-Wing,Piston
AVIAT,Super Stinker,PTSS,Fixed-Wing,Piston
AVIATECH,Super Cyclone,C185,Fixed-Wing,Piston
AVIATIK-ALYANS,Aleks-251,A251,Amphibian,Piston
AVIATIKA,Acrobat,A900,Fixed-Wing,Piston
AVIATIKA,MAI-890,A890,Fixed-Wing,Piston
AVIATIKA,MAI-900 Acrobat,A900,Fixed-Wing,Piston
AVIATIKA,MAI-910,A910,Fixed-Wing,Piston
AVIATIKA,MAI-960,A910,Fixed-Wing,Piston
AVIATION DEVELOPMENT,Alaskan Bushmaster,ALBU,Fixed-Wing,Piston
AVIATION ENTERPRISES,Magnum,MGNM,Fixed-Wing,Piston
AVIATION FARM,J-5 Marco,JAJ5,Fixed-Wing,Piston
AVIATION FARM,Marco,JAJ5,Fixed-Wing,Piston
AVIATION SCOTLAND,ARV-1 Super 2,ARV1,Fixed-Wing,Piston
AVIATION SCOTLAND,Super 2,ARV1,Fixed-Wing,Piston
AVIATION TRADERS,ATL-98 Carvair,CARV,Fixed-Wing,Piston
AVIATION TRADERS,Carvair,CARV,Fixed-Wing,Piston
AVIATON,Merkury,MERK,Fixed-Wing,Piston
AVICOPTER,AC-301,AS50,Helicopter,Turboprop/Turboshaft
AVICOPTER,AC-311,AC31,Helicopter,Turboprop/Turboshaft
AVICOPTER,AC-313,AC33,Helicopter,Turboprop/Turboshaft
AVID,Avid Amphibian,AVAM,Amphibian,Piston
AVID,Avid Commuter,AVID,Fixed-Wing,Piston
AVID,Avid Flyer,AVID,Fixed-Wing,Piston
AVID,Catalina,AVAM,Amphibian,Piston
AVID,Magnum,MAGN,Fixed-Wing,Piston
AVIOANE,IAR-99 Soim,IR99,Fixed-Wing,Jet
AVIOANE,IAR-109 Swift,IR99,Fixed-Wing,Jet
AVIOANE,Soim,IR99,Fixed-Wing,Jet
AVIOANE,Swift,IR99,Fixed-Wing,Jet
AVION,F-1 Favorit,F1FV,Fixed-Wing,Piston
AVION,Favorit,F1FV,Fixed-Wing,Piston
AVIONES COLOMBIA,150,C150,Fixed-Wing,Piston
AVIONES COLOMBIA,152,C152,Fixed-Wing,Piston
AVIONES COLOMBIA,172,C172,Fixed-Wing,Piston
AVIONES COLOMBIA,172RG,C72R,Fixed-Wing,Piston
AVIONES COLOMBIA,177RG,C77R,Fixed-Wing,Piston
AVIONES COLOMBIA,182,C182,Fixed-Wing,Piston
AVIONES COLOMBIA,185,C185,Fixed-Wing,Piston
AVIONES COLOMBIA,188,C188,Fixed-Wing,Piston
AVIONES COLOMBIA,206,C206,Fixed-Wing,Piston
AVIONES COLOMBIA,210,C210,Fixed-Wing,Piston
AVIONES COLOMBIA,310,C310,Fixed-Wing,Piston
AVIONES COLOMBIA,337,C337,Fixed-Wing,Piston
AVIONES COLOMBIA,340,C340,Fixed-Wing,Piston
AVIONES COLOMBIA,402,C402,Fixed-Wing,Piston
AVIONES COLOMBIA,414,C414,Fixed-Wing,Piston
AVIONES COLOMBIA,AC-05 AgWagon,C188,Fixed-Wing,Piston
AVIONES COLOMBIA,AgTrainer,C188,Fixed-Wing,Piston
AVIONES COLOMBIA,P210,P210,Fixed-Wing,Piston
AVIONES COLOMBIA,Pijao,C188,Fixed-Wing,Piston
AVIONES COLOMBIA,R182,C82R,Fixed-Wing,Piston
AVIONES COLOMBIA,T303,C303,Fixed-Wing,Piston
AVIONS FAIREY,BN-2A Defender,BN2P,Fixed-Wing,Piston
AVIONS FAIREY,BN-2A Islander,BN2P,Fixed-Wing,Piston
AVIONS FAIREY,BN-2A Maritime Defender,BN2P,Fixed-Wing,Piston
AVIONS FAIREY,BN-2A Mk3 Trislander,TRIS,Fixed-Wing,Piston
AVIONS FAIREY,BN-2B Islander,BN2P,Fixed-Wing,Piston
AVIONS FAIREY,Defender,BN2P,Fixed-Wing,Piston
AVIONS FAIREY,Islander,BN2P,Fixed-Wing,Piston
AVIONS FAIREY,Maritime Defender,BN2P,Fixed-Wing,Piston
AVIONS FAIREY,Nipper,NIPR,Fixed-Wing,Piston
AVIONS FAIREY,T-66 Nipper,NIPR,Fixed-Wing,Piston
AVIONS FAIREY,Tipsy B,TIPB,Fixed-Wing,Piston
AVIONS FAIREY,Tipsy BC,TIPB,Fixed-Wing,Piston
AVIONS FAIREY,Tipsy Belfair,TIPB,Fixed-Wing,Piston
AVIONS FAIREY,Tipsy Junior,TIJU,Fixed-Wing,Piston
AVIONS FAIREY,Tipsy Trainer,TIPB,Fixed-Wing,Piston
AVIONS FAIREY,Trislander,TRIS,Fixed-Wing,Piston
AVIOTECHNICA,Leshii,SL90,Fixed-Wing,Piston
AVIOTECHNICA,SL-90 Leshii,SL90,Fixed-Wing,Piston
AVIOTECNICA,ES-101 Exec,ES11,Helicopter,Turboprop/Turboshaft
AVIOTECNICA,ES-101 Raven,ES11,Helicopter,Turboprop/Turboshaft
AVIOTECNICA,Exec,ES11,Helicopter,Turboprop/Turboshaft
AVIOTECNICA,Raven,ES11,Helicopter,Turboprop/Turboshaft
AVIPRO,Bearhawk,BEAR,Fixed-Wing,Piston
AVIPRO,RB-4 Bearhawk,BEAR,Fixed-Wing,Piston
AVRO,504,A504,Fixed-Wing,Piston
AVRO,504 Replica,A504,Fixed-Wing,Piston
AVRO,594 Avian,AVIN,Fixed-Wing,Piston
AVRO,616 Avian,AVIN,Fixed-Wing,Piston
AVRO,621 Tutor,TUTR,Fixed-Wing,Piston
AVRO,652 Anson,ANSN,Fixed-Wing,Piston
AVRO,683 Lancaster,LANC,Fixed-Wing,Piston
AVRO,696 Shackleton,SHAC,Fixed-Wing,Piston
AVRO,748,A748,Fixed-Wing,Turboprop/Turboshaft
AVRO,Anson,ANSN,Fixed-Wing,Piston
AVRO,Avian,AVIN,Fixed-Wing,Piston
AVRO,Avroliner (RJ-70),RJ70,Fixed-Wing,Jet
AVRO,Avroliner (RJ-85),RJ85,Fixed-Wing,Jet
AVRO,Avroliner (RJ-100),RJ1H,Fixed-Wing,Jet
AVRO,C-91,A748,Fixed-Wing,Turboprop/Turboshaft
AVRO,Lancaster,LANC,Fixed-Wing,Piston
AVRO,RJ-70 Avroliner,RJ70,Fixed-Wing,Jet
AVRO,RJ-85 Avroliner,RJ85,Fixed-Wing,Jet
AVRO,RJ-100 Avroliner,RJ1H,Fixed-Wing,Jet
AVRO,Shackleton,SHAC,Fixed-Wing,Piston
AVRO,Tutor,TUTR,Fixed-Wing,Piston
AVTEK,400,AVK4,Fixed-Wing,Turboprop/Turboshaft
AYRES,Bull Thrush,SS2P,Fixed-Wing,Piston
AYRES,S-2R-600 Thrush,SS2P,Fixed-Wing,Piston
AYRES,S-2R-G Turbo Thrush,SS2T,Fixed-Wing,Turboprop/Turboshaft
AYRES,S-2RHG-T34 Turbo Thrush,SS2T,Fixed-Wing,Turboprop/Turboshaft
AYRES,S-2RHG-T65 Turbo Thrush,SS2T,Fixed-Wing,Turboprop/Turboshaft
AYRES,S-2R-R3S Thrush,SS2P,Fixed-Wing,Piston
AYRES,S-2R-R1340 Thrush,SS2P,Fixed-Wing,Piston
AYRES,S-2R-R1820 Bull Thrush,SS2P,Fixed-Wing,Piston
AYRES,S-2R-T11 Turbo Thrush,SS2T,Fixed-Wing,Turboprop/Turboshaft
AYRES,S-2R-T15 Turbo Thrush,SS2T,Fixed-Wing,Turboprop/Turboshaft
AYRES,S-2R-T34 Turbo Thrush,SS2T,Fixed-Wing,Turboprop/Turboshaft
AYRES,S-2R-T41 Turbo Thrush,SS2T,Fixed-Wing,Turboprop/Turboshaft
AYRES,S-2R-T45 Turbo Thrush,SS2T,Fixed-Wing,Turboprop/Turboshaft
AYRES,S-2R-T65 Turbo Thrush,SS2T,Fixed-Wing,Turboprop/Turboshaft
AYRES,S-2R-T660 Turbo Thrush,A660,Fixed-Wing,Turboprop/Turboshaft
AYRES,Thrush,SS2P,Fixed-Wing,Piston
AYRES,Turbo Thrush (S-2R-G/T except T660),SS2T,Fixed-Wing,Turboprop/Turboshaft
AYRES,Turbo Thrush (S-2R-T660),A660,Fixed-Wing,Turboprop/Turboshaft
AYRES,V-1 Vigilante,SS2T,Fixed-Wing,Turboprop/Turboshaft
AYRES,Vigilante,SS2T,Fixed-Wing,Turboprop/Turboshaft
B & F TECHNIK,Comet,FK12,Fixed-Wing,Piston
B & F TECHNIK,FK-9,FK9,Fixed-Wing,Piston
B & F TECHNIK,FK-12 Comet,FK12,Fixed-Wing,Piston
B & F TECHNIK,FK-14 Polaris,FK14,Fixed-Wing,Piston
B & F TECHNIK,Polaris,FK14,Fixed-Wing,Piston
BAC,111 One-Eleven,BA11,Fixed-Wing,Jet
BAC,145 Jet Provost,JPRO,Fixed-Wing,Jet
BAC,Canberra,CNBR,Fixed-Wing,Jet
BAC,Jet Provost,JPRO,Fixed-Wing,Jet
BAC,Lightning,LTNG,Fixed-Wing,Jet
BAC,One-Eleven,BA11,Fixed-Wing,Jet
BAC,Tornado,TOR,Fixed-Wing,Jet
BAC,Strikemaster,STRK,Fixed-Wing,Jet
BAC,167 Strikemaster,STRK,Fixed-Wing,Jet
BACAU,Yak-52,YK52,Fixed-Wing,Piston
BACKCOUNTRY,Super Cub,PA18,Fixed-Wing,Piston
BACKCOUNTRY,Super Cruiser,PA12,Fixed-Wing,Piston
BACKCOUNTRY,PA-18 Super Cub,PA18,Fixed-Wing,Piston
BACKCOUNTRY,PA-12 Super Cruiser,PA12,Fixed-Wing,Piston
BACKCOUNTRY,Mackey SQ-2,MSQ2,Fixed-Wing,Piston
BAE SYSTEMS,Avro RJ-70,RJ70,Fixed-Wing,Jet
BAE SYSTEMS,Avro RJ-85,RJ85,Fixed-Wing,Jet
BAE SYSTEMS,Avro RJ-100,RJ1H,Fixed-Wing,Jet
BAE SYSTEMS,CT-155  Hawk,HAWK,Fixed-Wing,Jet
BAE SYSTEMS,Eurofighter 2000,EUFI,Fixed-Wing,Jet
BAE SYSTEMS,Goshawk,HAWK,Fixed-Wing,Jet
BAE SYSTEMS,Hawk,HAWK,Fixed-Wing,Jet
BAE SYSTEMS,T-45 Goshawk,HAWK,Fixed-Wing,Jet
BAE SYSTEMS,Typhoon,EUFI,Fixed-Wing,Jet
BAE SYSTEMS AUSTRALIA,Hawk,HAWK,Fixed-Wing,Jet
BAKENG,Duce,DUCE,Fixed-Wing,Piston
BARNETT,BRC-540,BR54,Gyrocopter,Piston
BARNETT,J4B2,J4B2,Gyrocopter,Piston
BARR,BarrSix,BAR6,Fixed-Wing,Piston
BASLER,BT-67 Turbo 67,DC3T,Fixed-Wing,Turboprop/Turboshaft
BASLER,Turbo 67,DC3T,Fixed-Wing,Turboprop/Turboshaft
BAYLES,Lightning,WH4,Fixed-Wing,Turboprop/Turboshaft
BD-MICRO,BD-5B Micro,BD5,Fixed-Wing,Piston
BD-MICRO,BD-5J Micro,BD5J,Fixed-Wing,Jet
BD-MICRO,BD-5T Micro,BD5T,Fixed-Wing,Turboprop/Turboshaft
BD-MICRO,Micro (BD-5B),BD5,Fixed-Wing,Piston
BD-MICRO,Micro (BD-5J),BD5J,Fixed-Wing,Jet
BD-MICRO,Micro (BD-5T),BD5T,Fixed-Wing,Turboprop/Turboshaft
BEACHNER,Special,V8SP,Fixed-Wing,Piston
BEACHNER,V-8 Special,V8SP,Fixed-Wing,Piston
BEAGLE,6A,AUS6,Fixed-Wing,Piston
BEAGLE,A-61 Terrier,AUS6,Fixed-Wing,Piston
BEAGLE,A-61 Tugmaster,AUS6,Fixed-Wing,Piston
BEAGLE,A-109 Airedale,AIRD,Fixed-Wing,Piston
BEAGLE,Airedale,AIRD,Fixed-Wing,Piston
BEAGLE,B-121 Pup,PUP,Fixed-Wing,Piston
BEAGLE,B-125 Bulldog,BDOG,Fixed-Wing,Piston
BEAGLE,B-206,BASS,Fixed-Wing,Piston
BEAGLE,Basset,BASS,Fixed-Wing,Piston
BEAGLE,Bulldog,BDOG,Fixed-Wing,Piston
BEAGLE,D-5,D5,Fixed-Wing,Piston
BEAGLE,D-5 Husky,D5,Fixed-Wing,Piston
BEAGLE,Husky,D5,Fixed-Wing,Piston
BEAGLE,Pup,PUP,Fixed-Wing,Piston
BEAGLE,Terrier,AUS6,Fixed-Wing,Piston
BEAGLE,Tugmaster,AUS6,Fixed-Wing,Piston
BEAGLE-AUSTER,6A,AUS6,Fixed-Wing,Piston
BEAGLE-AUSTER,A-61 Terrier,AUS6,Fixed-Wing,Piston
BEAGLE-AUSTER,A-61 Tugmaster,AUS6,Fixed-Wing,Piston
BEAGLE-AUSTER,A-109 Airedale,AIRD,Fixed-Wing,Piston
BEAGLE-AUSTER,Airedale,AIRD,Fixed-Wing,Piston
BEAGLE-AUSTER,Auster AOP11,AU11,Fixed-Wing,Piston
BEAGLE-AUSTER,B-206,BASS,Fixed-Wing,Piston
BEAGLE-AUSTER,D-4,D4,Fixed-Wing,Piston
BEAGLE-AUSTER,D-5,D5,Fixed-Wing,Piston
BEAGLE-AUSTER,D-6,D6,Fixed-Wing,Piston
BEAGLE-AUSTER,E-3 Auster AOP11,AU11,Fixed-Wing,Piston
BEAGLE-AUSTER,Terrier,AUS6,Fixed-Wing,Piston
BEAGLE-AUSTER,Tugmaster,AUS6,Fixed-Wing,Piston
BEDE,BD-4,BD4,Fixed-Wing,Piston
BEDE,BD-5B Micro,BD5,Fixed-Wing,Piston
BEDE,BD-5D Micro,BD5,Fixed-Wing,Piston
BEDE,BD-5G Micro,BD5,Fixed-Wing,Piston
BEDE,BD-5J Micro,BD5J,Fixed-Wing,Jet
BEDE,BD-5TP Micro,BD5T,Fixed-Wing,Turboprop/Turboshaft
BEDE,BD-10,BD10,Fixed-Wing,Jet
BEDE,BD-12,BD12,Fixed-Wing,Piston
BEDE,BD-17 Nuggett,BD17,Fixed-Wing,Piston
BEDE,Micro (BD-5B/D/G),BD5,Fixed-Wing,Piston
BEDE,Micro (BD-5J),BD5J,Fixed-Wing,Jet
BEDE,Micro (BD-5TP),BD5T,Fixed-Wing,Turboprop/Turboshaft
BEDE,Nuggett,BD17,Fixed-Wing,Piston
BEECH,17 Staggerwing,BE17,Fixed-Wing,Piston
BEECH,18 (piston),BE18,Fixed-Wing,Piston
BEECH,18 (turbine),B18T,Fixed-Wing,Turboprop/Turboshaft
BEECH,19 Musketeer Sport,BE19,Fixed-Wing,Piston
BEECH,19 Sport,BE19,Fixed-Wing,Piston
BEECH,23 Musketeer,BE23,Fixed-Wing,Piston
BEECH,23 Sundowner,BE23,Fixed-Wing,Piston
BEECH,24 Musketeer Super,BE24,Fixed-Wing,Piston
BEECH,24 Sierra,BE24,Fixed-Wing,Piston
BEECH,33 Bonanza,BE33,Fixed-Wing,Piston
BEECH,33 Debonair,BE33,Fixed-Wing,Piston
BEECH,35 Bonanza,BE35,Fixed-Wing,Piston
BEECH,36 Bonanza (turbine),B36T,Fixed-Wing,Turboprop/Turboshaft
BEECH,45 Mentor,T34P,Fixed-Wing,Piston
BEECH,50 Twin Bonanza,BE50,Fixed-Wing,Piston
BEECH,55 Baron,BE55,Fixed-Wing,Piston
BEECH,56 Turbo Baron,BE56,Fixed-Wing,Piston
BEECH,58 Baron,BE58,Fixed-Wing,Piston
BEECH,60 Duke,BE60,Fixed-Wing,Piston
BEECH,65 Queen Air,BE65,Fixed-Wing,Piston
BEECH,70 Queen Air,BE70,Fixed-Wing,Piston
BEECH,76 Duchess,BE76,Fixed-Wing,Piston
BEECH,77 Skipper,BE77,Fixed-Wing,Piston
BEECH,80 Queen Air,BE80,Fixed-Wing,Piston
BEECH,80 Zamir,BE80,Fixed-Wing,Piston
BEECH,88 Queen Air,BE88,Fixed-Wing,Piston
BEECH,90 (A90-1) Ute,U21,Fixed-Wing,Turboprop/Turboshaft
BEECH,90 (A90-2) Ute,U21,Fixed-Wing,Turboprop/Turboshaft
BEECH,90 (A90-3) Ute,U21,Fixed-Wing,Turboprop/Turboshaft
BEECH,90 (A90-4) Ute,U21,Fixed-Wing,Turboprop/Turboshaft
BEECH,90 (A90) King Air,BE9L,Fixed-Wing,Turboprop/Turboshaft
BEECH,90 (B90) King Air,BE9L,Fixed-Wing,Turboprop/Turboshaft
BEECH,90 (C90) King Air,BE9L,Fixed-Wing,Turboprop/Turboshaft
BEECH,90 (D90) King Air,BE9L,Fixed-Wing,Turboprop/Turboshaft
BEECH,90 (E90) King Air,BE9L,Fixed-Wing,Turboprop/Turboshaft
BEECH,90 (F90) King Air,BE9T,Fixed-Wing,Turboprop/Turboshaft
BEECH,90 King Air,BE9L,Fixed-Wing,Turboprop/Turboshaft
BEECH,95 Travel Air,BE95,Fixed-Wing,Piston
BEECH,99 Airliner,BE99,Fixed-Wing,Turboprop/Turboshaft
BEECH,100 King Air,BE10,Fixed-Wing,Turboprop/Turboshaft
BEECH,200 Super King Air,BE20,Fixed-Wing,Turboprop/Turboshaft
BEECH,300 (B300) Super King Air 350,B350,Fixed-Wing,Turboprop/Turboshaft
BEECH,300 Super King Air,BE30,Fixed-Wing,Turboprop/Turboshaft
BEECH,400 Beechjet,BE40,Fixed-Wing,Jet
BEECH,1074,U22,Fixed-Wing,Piston
BEECH,1079,U22,Fixed-Wing,Piston
BEECH,1300 Commuter,BE20,Fixed-Wing,Turboprop/Turboshaft
BEECH,1900,B190,Fixed-Wing,Turboprop/Turboshaft
BEECH,2000 Starship,STAR,Fixed-Wing,Turboprop/Turboshaft
BEECH,Airliner,BE99,Fixed-Wing,Turboprop/Turboshaft
BEECH,AT-7 Navigator,BE18,Fixed-Wing,Piston
BEECH,AT-11 Kansan,BE18,Fixed-Wing,Piston
BEECH,Baron (55),BE55,Fixed-Wing,Piston
BEECH,Baron (58),BE58,Fixed-Wing,Piston
BEECH,Bonanza (33),BE33,Fixed-Wing,Piston
BEECH,Bonanza (35),BE35,Fixed-Wing,Piston
BEECH,A36 Bonanza 36,BE36,Fixed-Wing,Piston
BEECH,A36AT Bonanza 36,BE36,Fixed-Wing,Piston
BEECH,"Bonanza (36, turbine)",B36T,Fixed-Wing,Turboprop/Turboshaft
BEECH,C-12A Huron,BE20,Fixed-Wing,Turboprop/Turboshaft
BEECH,C-12C Huron,BE20,Fixed-Wing,Turboprop/Turboshaft
BEECH,C-12D Huron,BE20,Fixed-Wing,Turboprop/Turboshaft
BEECH,C-12E Huron,BE20,Fixed-Wing,Turboprop/Turboshaft
BEECH,C-12F Huron,BE20,Fixed-Wing,Turboprop/Turboshaft
BEECH,C-12J,B190,Fixed-Wing,Turboprop/Turboshaft
BEECH,C-12L Huron,BE20,Fixed-Wing,Turboprop/Turboshaft
BEECH,C-12R Huron,BE20,Fixed-Wing,Turboprop/Turboshaft
BEECH,C-45 Expeditor,BE18,Fixed-Wing,Piston
BEECH,C-55 Baron,BE55,Fixed-Wing,Piston
BEECH,Cochise,BE55,Fixed-Wing,Piston
BEECH,Commuter,BE20,Fixed-Wing,Turboprop/Turboshaft
BEECH,Debonair,BE33,Fixed-Wing,Piston
BEECH,Duchess,BE76,Fixed-Wing,Piston
BEECH,Duke,BE60,Fixed-Wing,Piston
BEECH,EU-21 Ute,U21,Fixed-Wing,Turboprop/Turboshaft
BEECH,Expeditor,BE18,Fixed-Wing,Piston
BEECH,FWC-12 Tzufit,BE20,Fixed-Wing,Turboprop/Turboshaft
BEECH,Huron,BE20,Fixed-Wing,Turboprop/Turboshaft
BEECH,Jayhawk,BE40,Fixed-Wing,Jet
BEECH,JC-12 Huron,BE20,Fixed-Wing,Turboprop/Turboshaft
BEECH,JRB Expeditor,BE18,Fixed-Wing,Piston
BEECH,JU-21 Ute,U21,Fixed-Wing,Turboprop/Turboshaft
BEECH,Kansan,BE18,Fixed-Wing,Piston
BEECH,"King Air (90, A90 to E90)",BE9L,Fixed-Wing,Turboprop/Turboshaft
BEECH,King Air (100),BE10,Fixed-Wing,Turboprop/Turboshaft
BEECH,King Air (F90),BE9T,Fixed-Wing,Turboprop/Turboshaft
BEECH,Mentor,T34P,Fixed-Wing,Piston
BEECH,Musketeer,BE23,Fixed-Wing,Piston
BEECH,Musketeer Sport,BE19,Fixed-Wing,Piston
BEECH,Musketeer Super,BE24,Fixed-Wing,Piston
BEECH,Navigator,BE18,Fixed-Wing,Piston
BEECH,NC-12 Huron,BE20,Fixed-Wing,Turboprop/Turboshaft
BEECH,QU-22,U22,Fixed-Wing,Piston
BEECH,Queen Air (65),BE65,Fixed-Wing,Piston
BEECH,Queen Air (70),BE70,Fixed-Wing,Piston
BEECH,Queen Air (80),BE80,Fixed-Wing,Piston
BEECH,Queen Air (88),BE88,Fixed-Wing,Piston
BEECH,RC-12 Huron,BE20,Fixed-Wing,Turboprop/Turboshaft
BEECH,RC-45 Expeditor,BE18,Fixed-Wing,Piston
BEECH,RU-8 Seminole,BE50,Fixed-Wing,Piston
BEECH,RU-21 Ute,U21,Fixed-Wing,Turboprop/Turboshaft
BEECH,Seminole (U-8D/E/G),BE50,Fixed-Wing,Piston
BEECH,Seminole (U-8F),BE65,Fixed-Wing,Piston
BEECH,Sierra,BE24,Fixed-Wing,Piston
BEECH,Skipper,BE77,Fixed-Wing,Piston
BEECH,SNB Expeditor,BE18,Fixed-Wing,Piston
BEECH,Sport,BE19,Fixed-Wing,Piston
BEECH,Staggerwing,BE17,Fixed-Wing,Piston
BEECH,Starship,STAR,Fixed-Wing,Turboprop/Turboshaft
BEECH,Sundowner,BE23,Fixed-Wing,Piston
BEECH,Super King Air 350,B350,Fixed-Wing,Turboprop/Turboshaft
BEECH,Super King Air (200),BE20,Fixed-Wing,Turboprop/Turboshaft
BEECH,Super King Air (300),BE30,Fixed-Wing,Turboprop/Turboshaft
BEECH,T-1 Jayhawk,BE40,Fixed-Wing,Jet
BEECH,T-34A Mentor,T34P,Fixed-Wing,Piston
BEECH,T-34B Mentor,T34P,Fixed-Wing,Piston
BEECH,T-34C Turbo Mentor,T34T,Fixed-Wing,Turboprop/Turboshaft
BEECH,T-42 Cochise,BE55,Fixed-Wing,Piston
BEECH,T-44 King Air,BE9L,Fixed-Wing,Turboprop/Turboshaft
BEECH,TC-12 Huron,BE20,Fixed-Wing,Turboprop/Turboshaft
BEECH,TC-45 Expeditor,BE18,Fixed-Wing,Piston
BEECH,Travel Air,BE95,Fixed-Wing,Piston
BEECH,Traveler,BE17,Fixed-Wing,Piston
BEECH,Turbo Baron,BE56,Fixed-Wing,Piston
BEECH,Turbo Mentor,T34T,Fixed-Wing,Turboprop/Turboshaft
BEECH,Twin Bonanza,BE50,Fixed-Wing,Piston
BEECH,Tzufit,BE20,Fixed-Wing,Turboprop/Turboshaft
BEECH,U-8D Seminole,BE50,Fixed-Wing,Piston
BEECH,60 Royal Turbine Duke,B60T,Fixed-Wing,Turboprop/Turboshaft
BEECH,Royal Turbine Duke,B60T,Fixed-Wing,Turboprop/Turboshaft
BEECH,Bonanza 36,BE36,Fixed-Wing,Piston
BEECH,U-8E Seminole,BE50,Fixed-Wing,Piston
BEECH,U-8F Seminole,BE65,Fixed-Wing,Piston
BEECH,U-8G Seminole,BE50,Fixed-Wing,Piston
BEECH,U-21A Ute,U21,Fixed-Wing,Turboprop/Turboshaft
BEECH,U-21F Ute,BE10,Fixed-Wing,Turboprop/Turboshaft
BEECH,U-21G Ute,U21,Fixed-Wing,Turboprop/Turboshaft
BEECH,UC-12 Huron,BE20,Fixed-Wing,Turboprop/Turboshaft
BEECH,UC-43 Traveler,BE17,Fixed-Wing,Piston
BEECH,UC-45 Expeditor,BE18,Fixed-Wing,Piston
BEECH,Ute (U-21A/G),U21,Fixed-Wing,Turboprop/Turboshaft
BEECH,Ute (U-21F),BE10,Fixed-Wing,Turboprop/Turboshaft
BEECH,VC-6 King Air,BE9L,Fixed-Wing,Turboprop/Turboshaft
BEECH,YC-43 Traveler,BE17,Fixed-Wing,Piston
BEECH,Zamir,BE80,Fixed-Wing,Piston
BEECH,A36TC Bonanza,BT36,Fixed-Wing,Piston
BEECH,B36TC Bonanza,BT36,Fixed-Wing,Piston
BEECH,Bonanza (A36TC/B36TC),BT36,Fixed-Wing,Piston
BEECH,58P Pressurized Baron,B58T,Fixed-Wing,Piston
BEECH,Pressurized Baron,B58T,Fixed-Wing,Piston
BEECH,58TC Baron,B58T,Fixed-Wing,Piston
BEECH,Baron (58TC),B58T,Fixed-Wing,Piston
BEECH,400A Beechjet,BE40,Fixed-Wing,Jet
BEECH,400T Jayhawk,BE40,Fixed-Wing,Jet
BEECH,400T TX,BE40,Fixed-Wing,Jet
BEECH,TX,BE40,Fixed-Wing,Jet
BEECH,T-400,BE40,Fixed-Wing,Jet
BEECH,Beechjet (400/400A),BE40,Fixed-Wing,Jet
BEECH,Beechjet (400XT/400XPR),BE4W,Fixed-Wing,Jet
BEECH,400XT Beechjet,BE4W,Fixed-Wing,Jet
BEECH,400XPR Beechjet,BE4W,Fixed-Wing,Jet
BEECH,36 Bonanza 36,BE36,Fixed-Wing,Piston
BEECH-SFERMA,60 Marquis,BS60,Fixed-Wing,Turboprop/Turboshaft
BEECH-SFERMA,Marquis,BS60,Fixed-Wing,Turboprop/Turboshaft
BEECHCRAFT,King Air 360,B350,Fixed-Wing,Turboprop/Turboshaft
BEECHCRAFT,300 (B300) King Air 360,B350,Fixed-Wing,Turboprop/Turboshaft
BEECHCRAFT,220 Denali,BE22,Fixed-Wing,Turboprop/Turboshaft
BEECHCRAFT,Denali,BE22,Fixed-Wing,Turboprop/Turboshaft
BEECHCRAFT,58 Baron,BE58,Fixed-Wing,Piston
BEECHCRAFT,Baron,BE58,Fixed-Wing,Piston
BEECHCRAFT,90 King Air 90,BE9L,Fixed-Wing,Turboprop/Turboshaft
BEECHCRAFT,King Air 90,BE9L,Fixed-Wing,Turboprop/Turboshaft
BEECHCRAFT,200 King Air 250,BE20,Fixed-Wing,Turboprop/Turboshaft
BEECHCRAFT,King Air 250,BE20,Fixed-Wing,Turboprop/Turboshaft
BEECHCRAFT,300 (B300) King Air 350,B350,Fixed-Wing,Turboprop/Turboshaft
BEECHCRAFT,King Air 350,B350,Fixed-Wing,Turboprop/Turboshaft
BEECHCRAFT,T-6 Texan 2,TEX2,Fixed-Wing,Turboprop/Turboshaft
BEECHCRAFT,AT-6 Texan 2,TEX2,Fixed-Wing,Turboprop/Turboshaft
BEECHCRAFT,3000 Texan 2,TEX2,Fixed-Wing,Turboprop/Turboshaft
BEECHCRAFT,Texan 2,TEX2,Fixed-Wing,Turboprop/Turboshaft
BEECHCRAFT,AT-6 Wolverine,TEX2,Fixed-Wing,Turboprop/Turboshaft
BEECHCRAFT,Wolverine,TEX2,Fixed-Wing,Turboprop/Turboshaft
BEECHCRAFT,Bonanza (G36),BE36,Fixed-Wing,Piston
BEECHCRAFT,G36 Bonanza,BE36,Fixed-Wing,Piston
BEETS,GB Special,GBSP,Fixed-Wing,Piston
BEETS,Special,GBSP,Fixed-Wing,Piston
BEIJING KEYUAN,AD-200,AD20,Fixed-Wing,Piston
BEL-AIRE,2000,TVLB,Fixed-Wing,Piston
BELL,47D,B47G,Helicopter,Piston
BELL,47G,B47G,Helicopter,Piston
BELL,47G Trooper,B47G,Helicopter,Piston
BELL,47H,B47G,Helicopter,Piston
BELL,47J Ranger,B47J,Helicopter,Piston
BELL,204,UH1,Helicopter,Turboprop/Turboshaft
BELL,205,UH1,Helicopter,Turboprop/Turboshaft
BELL,206A JetRanger,B06,Helicopter,Turboprop/Turboshaft
BELL,206B JetRanger,B06,Helicopter,Turboprop/Turboshaft
BELL,206L LongRanger,B06,Helicopter,Turboprop/Turboshaft
BELL,206LT TwinRanger,B06T,Helicopter,Turboprop/Turboshaft
BELL,209 HueyCobra,HUCO,Helicopter,Turboprop/Turboshaft
BELL,209 SuperCobra,SUCO,Helicopter,Turboprop/Turboshaft
BELL,210,UH1,Helicopter,Turboprop/Turboshaft
BELL,212,B212,Helicopter,Turboprop/Turboshaft
BELL,212 Twin Two-Twelve,B212,Helicopter,Turboprop/Turboshaft
BELL,214A Isfahan,B214,Helicopter,Turboprop/Turboshaft
BELL,214B,B214,Helicopter,Turboprop/Turboshaft
BELL,214C BigLifter,B214,Helicopter,Turboprop/Turboshaft
BELL,214ST SuperTransport,BSTP,Helicopter,Turboprop/Turboshaft
BELL,222,B222,Helicopter,Turboprop/Turboshaft
BELL,230,B230,Helicopter,Turboprop/Turboshaft
BELL,301,XV15,Tiltrotor,Turboprop/Turboshaft
BELL,406,B06,Helicopter,Turboprop/Turboshaft
BELL,406 Combat Scout,B06,Helicopter,Turboprop/Turboshaft
BELL,407,B407,Helicopter,Turboprop/Turboshaft
BELL,412,B412,Helicopter,Turboprop/Turboshaft
BELL,412 Arapaho,B412,Helicopter,Turboprop/Turboshaft
BELL,412 Sentinel,B412,Helicopter,Turboprop/Turboshaft
BELL,427,B427,Helicopter,Turboprop/Turboshaft
BELL,429 GlobalRanger,B429,Helicopter,Turboprop/Turboshaft
BELL,430,B430,Helicopter,Turboprop/Turboshaft
BELL,449 SuperCobra,SUCO,Helicopter,Turboprop/Turboshaft
BELL,AH-1E HueyCobra,HUCO,Helicopter,Turboprop/Turboshaft
BELL,AH-1F HueyCobra,HUCO,Helicopter,Turboprop/Turboshaft
BELL,AH-1P HueyCobra,HUCO,Helicopter,Turboprop/Turboshaft
BELL,AH-1S HueyCobra,HUCO,Helicopter,Turboprop/Turboshaft
BELL,AH-1W SuperCobra,SUCO,Helicopter,Turboprop/Turboshaft
BELL,AH-1Z SuperCobra,SUCO,Helicopter,Turboprop/Turboshaft
BELL,Airacobra,P39,Fixed-Wing,Piston
BELL,BigLifter,B214,Helicopter,Turboprop/Turboshaft
BELL,CH-118,UH1,Helicopter,Turboprop/Turboshaft
BELL,CH-136,B06,Helicopter,Turboprop/Turboshaft
BELL,CH-139,B06,Helicopter,Turboprop/Turboshaft
BELL,CH-146 Griffon,B412,Helicopter,Turboprop/Turboshaft
BELL,COH-58,B06,Helicopter,Turboprop/Turboshaft
BELL,Combat Scout,B06,Helicopter,Turboprop/Turboshaft
BELL,Creek,B06,Helicopter,Turboprop/Turboshaft
BELL,CUH-1H,UH1,Helicopter,Turboprop/Turboshaft
BELL,EH-1 Iroquois,UH1,Helicopter,Turboprop/Turboshaft
BELL,GlobalRanger,B429,Helicopter,Turboprop/Turboshaft
BELL,Griffin,B412,Helicopter,Turboprop/Turboshaft
BELL,Griffon,B412,Helicopter,Turboprop/Turboshaft
BELL,HH-1 Iroquois,UH1,Helicopter,Turboprop/Turboshaft
BELL,Arapaho (412),B412,Helicopter,Turboprop/Turboshaft
BELL,Arapaho (RH-70),B407,Helicopter,Turboprop/Turboshaft
BELL,HH-13,B47J,Helicopter,Piston
BELL,Huey,UH1,Helicopter,Turboprop/Turboshaft
BELL,HueyCobra,HUCO,Helicopter,Turboprop/Turboshaft
BELL,Iroquois,UH1,Helicopter,Turboprop/Turboshaft
BELL,Isfahan,B214,Helicopter,Turboprop/Turboshaft
BELL,JetRanger,B06,Helicopter,Turboprop/Turboshaft
BELL,Kingcobra,P63,Fixed-Wing,Piston
BELL,Kiowa,B06,Helicopter,Turboprop/Turboshaft
BELL,Kiowa Warrior,B06,Helicopter,Turboprop/Turboshaft
BELL,LongRanger,B06,Helicopter,Turboprop/Turboshaft
BELL,OH-13 Sioux,B47G,Helicopter,Piston
BELL,OH-58 Kiowa,B06,Helicopter,Turboprop/Turboshaft
BELL,OH-58 Kiowa Warrior,B06,Helicopter,Turboprop/Turboshaft
BELL,P-39 Airacobra,P39,Fixed-Wing,Piston
BELL,P-63 Kingcobra,P63,Fixed-Wing,Piston
BELL,Ranger,B47J,Helicopter,Piston
BELL,SeaRanger,B06,Helicopter,Turboprop/Turboshaft
BELL,Sentinel,B412,Helicopter,Turboprop/Turboshaft
BELL,SH-1 Iroquois,UH1,Helicopter,Turboprop/Turboshaft
BELL,Sioux,B47G,Helicopter,Piston
BELL,SuperCobra,SUCO,Helicopter,Turboprop/Turboshaft
BELL,SuperTransport,BSTP,Helicopter,Turboprop/Turboshaft
BELL,TAH-1 HueyCobra,HUCO,Helicopter,Turboprop/Turboshaft
BELL,TH-1E Iroquois,UH1,Helicopter,Turboprop/Turboshaft
BELL,ARH-70 Arapaho,B407,Helicopter,Turboprop/Turboshaft
BELL,YRH-70 Arapaho,B407,Helicopter,Turboprop/Turboshaft
BELL,TH-1F Iroquois,UH1,Helicopter,Turboprop/Turboshaft
BELL,TH-1H Iroquois,UH1,Helicopter,Turboprop/Turboshaft
BELL,TH-1L Iroquois,UH1,Helicopter,Turboprop/Turboshaft
BELL,TH-1S HueyCobra,HUCO,Helicopter,Turboprop/Turboshaft
BELL,TH-13N,B47J,Helicopter,Piston
BELL,TH-13T,B47G,Helicopter,Piston
BELL,TH-57 SeaRanger,B06,Helicopter,Turboprop/Turboshaft
BELL,TH-67 Creek,B06,Helicopter,Turboprop/Turboshaft
BELL,TH-206,B06,Helicopter,Turboprop/Turboshaft
BELL,Trooper,B47G,Helicopter,Piston
BELL,Twin Two-Twelve,B212,Helicopter,Turboprop/Turboshaft
BELL,TwinRanger,B06T,Helicopter,Turboprop/Turboshaft
BELL,UH-1A Iroquois,UH1,Helicopter,Turboprop/Turboshaft
BELL,UH-1B Iroquois,UH1,Helicopter,Turboprop/Turboshaft
BELL,UH-1C Iroquois,UH1,Helicopter,Turboprop/Turboshaft
BELL,UH-1D Iroquois,UH1,Helicopter,Turboprop/Turboshaft
BELL,UH-1E Iroquois,UH1,Helicopter,Turboprop/Turboshaft
BELL,UH-1F Iroquois,UH1,Helicopter,Turboprop/Turboshaft
BELL,UH-1H Iroquois,UH1,Helicopter,Turboprop/Turboshaft
BELL,UH-1L Iroquois,UH1,Helicopter,Turboprop/Turboshaft
BELL,UH-1M Iroquois,UH1,Helicopter,Turboprop/Turboshaft
BELL,UH-1N,B212,Helicopter,Turboprop/Turboshaft
BELL,UH-1V Iroquois,UH1,Helicopter,Turboprop/Turboshaft
BELL,UH-1Y,UH1Y,Helicopter,Turboprop/Turboshaft
BELL,UH-13H,B47G,Helicopter,Piston
BELL,UH-13J,B47J,Helicopter,Piston
BELL,UH-13P,B47J,Helicopter,Piston
BELL,UH-13R,B47J,Helicopter,Piston
BELL,VH-1,B212,Helicopter,Turboprop/Turboshaft
BELL,VH-4 JetRanger,B06,Helicopter,Turboprop/Turboshaft
BELL,XV-15,XV15,Tiltrotor,Turboprop/Turboshaft
BELL,505 Jet Ranger X,B505,Helicopter,Turboprop/Turboshaft
BELL,Jet Ranger X,B505,Helicopter,Turboprop/Turboshaft
BELL,412 Griffin,B412,Helicopter,Turboprop/Turboshaft
BELL,525 Relentless,B525,Helicopter,Turboprop/Turboshaft
BELL,Relentless,B525,Helicopter,Turboprop/Turboshaft
BELL,V-280 Valor,V280,Tiltrotor,Turboprop/Turboshaft
BELL,Valor,V280,Tiltrotor,Turboprop/Turboshaft
BELL-AGUSTA,AB-139,A139,Helicopter,Turboprop/Turboshaft
BELL-AGUSTA,BA-609,B609,Tiltrotor,Turboprop/Turboshaft
BELL-BOEING,901 Osprey,V22,Tiltrotor,Turboprop/Turboshaft
BELL-BOEING,CV-22 Osprey,V22,Tiltrotor,Turboprop/Turboshaft
BELL-BOEING,MV-22 Osprey,V22,Tiltrotor,Turboprop/Turboshaft
BELL-BOEING,Osprey,V22,Tiltrotor,Turboprop/Turboshaft
BELL-BOEING,V-22 Osprey,V22,Tiltrotor,Turboprop/Turboshaft
BELLANCA,7ACA Champ,CH7A,Fixed-Wing,Piston
BELLANCA,7ECA Citabria,CH7A,Fixed-Wing,Piston
BELLANCA,7GCBC Citabria,CH7B,Fixed-Wing,Piston
BELLANCA,7KCAB Citabria,CH7B,Fixed-Wing,Piston
BELLANCA,8 Decathlon,BL8,Fixed-Wing,Piston
BELLANCA,8 Scout,BL8,Fixed-Wing,Piston
BELLANCA,14 Bellanca 260A,B14C,Fixed-Wing,Piston
BELLANCA,14 Bellanca 260B,B14C,Fixed-Wing,Piston
BELLANCA,14 Bellanca 260C,B14C,Fixed-Wing,Piston
BELLANCA,14 Cruisair,B14A,Fixed-Wing,Piston
BELLANCA,14 Cruisair Senior,B14A,Fixed-Wing,Piston
BELLANCA,14 Cruisemaster,B14A,Fixed-Wing,Piston
BELLANCA,14 Junior,B14A,Fixed-Wing,Piston
BELLANCA,17 Super Viking,BL17,Fixed-Wing,Piston
BELLANCA,17 Turbo Super Viking,BL17,Fixed-Wing,Piston
BELLANCA,17 Turbo Viking,BL17,Fixed-Wing,Piston
BELLANCA,17 Viking,BL17,Fixed-Wing,Piston
BELLANCA,19 Skyrocket,BL19,Fixed-Wing,Piston
BELLANCA,Aries,T250,Fixed-Wing,Piston
BELLANCA,Bellanca 260A,B14C,Fixed-Wing,Piston
BELLANCA,Bellanca 260B,B14C,Fixed-Wing,Piston
BELLANCA,Bellanca 260C,B14C,Fixed-Wing,Piston
BELLANCA,Champ,CH7A,Fixed-Wing,Piston
BELLANCA,Citabria (7ECA),CH7A,Fixed-Wing,Piston
BELLANCA,Citabria (7GCBC/7KCAB),CH7B,Fixed-Wing,Piston
BELLANCA,Cruisair,B14A,Fixed-Wing,Piston
BELLANCA,Cruisair Senior,B14A,Fixed-Wing,Piston
BELLANCA,Cruisemaster,B14A,Fixed-Wing,Piston
BELLANCA,Decathlon,BL8,Fixed-Wing,Piston
BELLANCA,DW-1 Eagle,DW1,Fixed-Wing,Piston
BELLANCA,Eagle,DW1,Fixed-Wing,Piston
BELLANCA,Junior,B14A,Fixed-Wing,Piston
BELLANCA,Scout,BL8,Fixed-Wing,Piston
BELLANCA,Super Viking,BL17,Fixed-Wing,Piston
BELLANCA,T-250 Aries,T250,Fixed-Wing,Piston
BELLANCA,Turbo Super Viking,BL17,Fixed-Wing,Piston
BELLANCA,Turbo Viking,BL17,Fixed-Wing,Piston
BELLANCA,Viking,BL17,Fixed-Wing,Piston
BELLANCA,CH-300 Pacemaker,PACE,Fixed-Wing,Piston
BELLANCA,CH-400 Skyrocket,PACE,Fixed-Wing,Piston
BELLANCA,D Skyrocket,PACE,Fixed-Wing,Piston
BELLANCA,31 Senior Skyrocket,PACE,Fixed-Wing,Piston
BELLANCA,Pacemaker,PACE,Fixed-Wing,Piston
BELLANCA,Skyrocket (D),PACE,Fixed-Wing,Piston
BELLANCA,Skyrocket (CH-400),PACE,Fixed-Wing,Piston
BELLANCA,Senior Skyrocket,PACE,Fixed-Wing,Piston
BELLANCA,Skyrocket (19),BL19,Fixed-Wing,Piston
BELLANCA,51,T250,Fixed-Wing,Piston
BENGIS,Flamingo 3,PA34,Fixed-Wing,Piston
BENGIS,TM-20 Flamingo 3,PA34,Fixed-Wing,Piston
BERIEV,A-40 Albatross,BER4,Amphibian,Jet
BERIEV,A-50,A50,Fixed-Wing,Jet
BERIEV,Albatross,BER4,Amphibian,Jet
BERIEV,Altair,BER2,Amphibian,Jet
BERIEV,Be-12 Tchaika,BE12,Amphibian,Turboprop/Turboshaft
BERIEV,Be-30,BE32,Fixed-Wing,Turboprop/Turboshaft
BERIEV,Be-32,BE32,Fixed-Wing,Turboprop/Turboshaft
BERIEV,Be-103 Bekas,B103,Amphibian,Piston
BERIEV,Be-200 Altair,BER2,Amphibian,Jet
BERIEV,Be-976,A50,Fixed-Wing,Jet
BERIEV,Bekas,B103,Amphibian,Piston
BERIEV,SA-20,SA20,Amphibian,Piston
BERIEV,Tchaika,BE12,Amphibian,Turboprop/Turboshaft
BERKUT,Berkut,BKUT,Fixed-Wing,Piston
BEST OFF,Sky Ranger,SKRA,Fixed-Wing,Piston
BEST OFF,Nynja,NNJA,Fixed-Wing,Piston
BHARAT,LT-1 Swati,SWAT,Fixed-Wing,Piston
BHARAT,LT-2 Swati,SWAT,Fixed-Wing,Piston
BHARAT,Swati,SWAT,Fixed-Wing,Piston
BILLIE,Pétrel,PETR,Amphibian,Piston
BILSAM,Sky Cruiser,BISC,Fixed-Wing,Piston
BINDER (1),CP-301 Smaragd,CP30,Fixed-Wing,Piston
BINDER (1),Smaragd,CP30,Fixed-Wing,Piston
BINDER (2),ASH-25EB,AS25,Fixed-Wing,Piston
BINDER (2),EB-28,AS25,Fixed-Wing,Piston
BINDER (2),EB-29,EB29,Fixed-Wing,Piston
BINDER (2),EB-29D,EB29,Fixed-Wing,Piston
BINDER (2),EB-29DE,E29E,Fixed-Wing,Electric
BINDER (2),Eta,ETA,Fixed-Wing,Piston
BITZ,Bü-133 Jungmeister,BU33,Fixed-Wing,Piston
BITZ,Jungmeister,BU33,Fixed-Wing,Piston
BLACKBURN,Swordfish,SWOR,Fixed-Wing,Piston
BLACKSHAPE,Bk-100 Prime,PRIM,Fixed-Wing,Piston
BLACKSHAPE,Prime,PRIM,Fixed-Wing,Piston
BLACKSHAPE,Bk-160 Gabriel,GABR,Fixed-Wing,Piston
BLACKSHAPE,BS-115 Gabriel,GABR,Fixed-Wing,Piston
BLACKSHAPE,Gabriel,GABR,Fixed-Wing,Piston
BLACKWING,BW-600,BW60,Fixed-Wing,Piston
BLACKWING,BW-635,BW6T,Fixed-Wing,Piston
BLERIOT,11,BL11,Fixed-Wing,Piston
BLERIOT,11 Replica,BL11,Fixed-Wing,Piston
BLUE YONDER,E-Z Flyer,EZFL,Fixed-Wing,Piston
BLUE YONDER,E-Z Harvard,EZHV,Fixed-Wing,Piston
BLUE YONDER,E-Z King Cobra,EZKC,Fixed-Wing,Piston
BLUE YONDER,Merlin,MAME,Fixed-Wing,Piston
BLUE YONDER,Twin E-Z Flyer,EZFT,Fixed-Wing,Piston
BOEING,75 Kaydet,ST75,Fixed-Wing,Piston
BOEING,707-100,B701,Fixed-Wing,Jet
BOEING,707-300,B703,Fixed-Wing,Jet
BOEING,717-200,B712,Fixed-Wing,Jet
BOEING,717-200 Business Express,B712,Fixed-Wing,Jet
BOEING,720,B720,Fixed-Wing,Jet
BOEING,727-100,B721,Fixed-Wing,Jet
BOEING,727-100RE Super 27,R721,Fixed-Wing,Jet
BOEING,727-200,B722,Fixed-Wing,Jet
BOEING,787-10 Dreamliner,B78X,Fixed-Wing,Jet
BOEING,727-200RE Super 27,R722,Fixed-Wing,Jet
BOEING,737-200,B732,Fixed-Wing,Jet
BOEING,737-200 Surveiller,B732,Fixed-Wing,Jet
BOEING,737-300,B733,Fixed-Wing,Jet
BOEING,737-400,B734,Fixed-Wing,Jet
BOEING,737-500,B735,Fixed-Wing,Jet
BOEING,737-600,B736,Fixed-Wing,Jet
BOEING,737-700,B737,Fixed-Wing,Jet
BOEING,737-700 BBJ,B737,Fixed-Wing,Jet
BOEING,737-700 Wedgetail,E737,Fixed-Wing,Jet
BOEING,737-800,B738,Fixed-Wing,Jet
BOEING,737-800 BBJ2,B738,Fixed-Wing,Jet
BOEING,737-900,B739,Fixed-Wing,Jet
BOEING,737-900 BBJ3,B739,Fixed-Wing,Jet
BOEING,747-100,B741,Fixed-Wing,Jet
BOEING,747-200,B742,Fixed-Wing,Jet
BOEING,747-300,B743,Fixed-Wing,Jet
BOEING,747-400LCF Dreamlifter,BLCF,Fixed-Wing,Jet
BOEING,747SP,B74S,Fixed-Wing,Jet
BOEING,747SR,B74R,Fixed-Wing,Jet
BOEING,757-200,B752,Fixed-Wing,Jet
BOEING,757-300,B753,Fixed-Wing,Jet
BOEING,767-200,B762,Fixed-Wing,Jet
BOEING,767-300,B763,Fixed-Wing,Jet
BOEING,767-400,B764,Fixed-Wing,Jet
BOEING,777-200,B772,Fixed-Wing,Jet
BOEING,777-200ER,B772,Fixed-Wing,Jet
BOEING,777-200LR,B77L,Fixed-Wing,Jet
BOEING,777-300,B773,Fixed-Wing,Jet
BOEING,777-300ER,B77W,Fixed-Wing,Jet
BOEING,787-8 Dreamliner,B788,Fixed-Wing,Jet
BOEING,787-9 Dreamliner,B789,Fixed-Wing,Jet
BOEING,AH-64 Longbow Apache,H64,Helicopter,Turboprop/Turboshaft
BOEING,AV-8 Harrier,HAR,Fixed-Wing,Jet
BOEING,B-17 Flying Fortress,B17,Fixed-Wing,Piston
BOEING,B-29 Superfortress,B29,Fixed-Wing,Piston
BOEING,B-52 Stratofortress,B52,Fixed-Wing,Jet
BOEING,BBJ2,B738,Fixed-Wing,Jet
BOEING,BBJ3,B739,Fixed-Wing,Jet
BOEING,Business Express,B712,Fixed-Wing,Jet
BOEING,C-17 Globemaster 3,C17,Fixed-Wing,Jet
BOEING,C-18,B703,Fixed-Wing,Jet
BOEING,C-22,B721,Fixed-Wing,Jet
BOEING,C-32,B752,Fixed-Wing,Jet
BOEING,C-40,B737,Fixed-Wing,Jet
BOEING,C-40 Clipper,B737,Fixed-Wing,Jet
BOEING,C-97 Stratofreighter,C97,Fixed-Wing,Piston
BOEING,C-135FR Stratotanker,K35R,Fixed-Wing,Jet
BOEING,C-137,B703,Fixed-Wing,Jet
BOEING,CH-47 Chinook,H47,Helicopter,Turboprop/Turboshaft
BOEING,Chinook,H47,Helicopter,Turboprop/Turboshaft
BOEING,Clipper,B737,Fixed-Wing,Jet
BOEING,CT-43,B732,Fixed-Wing,Jet
BOEING,Defender,H500,Helicopter,Turboprop/Turboshaft
BOEING,777-F,B77L,Fixed-Wing,Jet
BOEING,NC-135,C135,Fixed-Wing,Jet
BOEING,TC-135,R135,Fixed-Wing,Jet
BOEING,Dreamlifter,BLCF,Fixed-Wing,Jet
BOEING,Dreamliner (Srs.8),B788,Fixed-Wing,Jet
BOEING,Dreamliner (Srs.9),B789,Fixed-Wing,Jet
BOEING,E-3A (CFM56) Sentry,E3CF,Fixed-Wing,Jet
BOEING,E-3A (TF33) Sentry,E3TF,Fixed-Wing,Jet
BOEING,E-3B Sentry,E3TF,Fixed-Wing,Jet
BOEING,E-3C Sentry,E3TF,Fixed-Wing,Jet
BOEING,E-3D Sentry,E3CF,Fixed-Wing,Jet
BOEING,E-3F Sentry,E3CF,Fixed-Wing,Jet
BOEING,E-4,B742,Fixed-Wing,Jet
BOEING,E-6 Mercury,E6,Fixed-Wing,Jet
BOEING,E-8 J-Stars,B703,Fixed-Wing,Jet
BOEING,E-767,E767,Fixed-Wing,Jet
BOEING,Eagle,F15,Fixed-Wing,Jet
BOEING,EC-18,B703,Fixed-Wing,Jet
BOEING,EC-137,B703,Fixed-Wing,Jet
BOEING,Explorer,EXPL,Helicopter,Turboprop/Turboshaft
BOEING,F-15 Eagle,F15,Fixed-Wing,Jet
BOEING,F-15 Ra'am,F15,Fixed-Wing,Jet
BOEING,Flying Fortress,B17,Fixed-Wing,Piston
BOEING,Globemaster 3,C17,Fixed-Wing,Jet
BOEING,Hornet,F18H,Fixed-Wing,Jet
BOEING,FA-18C Hornet,F18H,Fixed-Wing,Jet
BOEING,Goshawk,HAWK,Fixed-Wing,Jet
BOEING,Harrier,HAR,Fixed-Wing,Jet
BOEING,HH-47,H47,Helicopter,Turboprop/Turboshaft
BOEING,JE-3 Sentry,E3TF,Fixed-Wing,Jet
BOEING,J-Stars,B703,Fixed-Wing,Jet
BOEING,Kaydet,ST75,Fixed-Wing,Piston
BOEING,KC-135E Stratotanker,K35E,Fixed-Wing,Jet
BOEING,KC-135R Stratotanker,K35R,Fixed-Wing,Jet
BOEING,KC-135T Stratotanker,K35R,Fixed-Wing,Jet
BOEING,KC-137,B703,Fixed-Wing,Jet
BOEING,KC-767,B762,Fixed-Wing,Jet
BOEING,KE-3,KE3,Fixed-Wing,Jet
BOEING,Lifter,H500,Helicopter,Turboprop/Turboshaft
BOEING,Longbow Apache,H64,Helicopter,Turboprop/Turboshaft
BOEING,MD-10,DC10,Fixed-Wing,Jet
BOEING,MD-11,MD11,Fixed-Wing,Jet
BOEING,MD-81,MD81,Fixed-Wing,Jet
BOEING,MD-82,MD82,Fixed-Wing,Jet
BOEING,MD-83,MD83,Fixed-Wing,Jet
BOEING,MD-87,MD87,Fixed-Wing,Jet
BOEING,MD-88,MD88,Fixed-Wing,Jet
BOEING,MD-90,MD90,Fixed-Wing,Jet
BOEING,MD-500,H500,Helicopter,Turboprop/Turboshaft
BOEING,MD-500 Defender,H500,Helicopter,Turboprop/Turboshaft
BOEING,MD-500 Nightfox,H500,Helicopter,Turboprop/Turboshaft
BOEING,MD-520N,MD52,Helicopter,Turboprop/Turboshaft
BOEING,MD-530F Lifter,H500,Helicopter,Turboprop/Turboshaft
BOEING,MD-530MG Defender,H500,Helicopter,Turboprop/Turboshaft
BOEING,MD-530MG Nightfox,H500,Helicopter,Turboprop/Turboshaft
BOEING,MD-600N,MD60,Helicopter,Turboprop/Turboshaft
BOEING,MD-902 Explorer,EXPL,Helicopter,Turboprop/Turboshaft
BOEING,Mercury,E6,Fixed-Wing,Jet
BOEING,MH-47 Chinook,H47,Helicopter,Turboprop/Turboshaft
BOEING,N2S Kaydet,ST75,Fixed-Wing,Piston
BOEING,Nightfox,H500,Helicopter,Turboprop/Turboshaft
BOEING,OC-135,C135,Fixed-Wing,Jet
BOEING,PT-13 Kaydet,ST75,Fixed-Wing,Piston
BOEING,PT-17 Kaydet,ST75,Fixed-Wing,Piston
BOEING,PT-18 Kaydet,ST75,Fixed-Wing,Piston
BOEING,PT-27 Kaydet,ST75,Fixed-Wing,Piston
BOEING,Ra'am,F15,Fixed-Wing,Jet
BOEING,RC-135,R135,Fixed-Wing,Jet
BOEING,Sentry (CFM56),E3CF,Fixed-Wing,Jet
BOEING,Sentry (TF33),E3TF,Fixed-Wing,Jet
BOEING,Stratofortress,B52,Fixed-Wing,Jet
BOEING,Stratofreighter,C97,Fixed-Wing,Piston
BOEING,Stratotanker (CFM56 engines),K35R,Fixed-Wing,Jet
BOEING,Stratotanker (TF33 engines),K35E,Fixed-Wing,Jet
BOEING,Super 27 (100),R721,Fixed-Wing,Jet
BOEING,Super 27 (200),R722,Fixed-Wing,Jet
BOEING,Superfortress,B29,Fixed-Wing,Piston
BOEING,Surveiller,B732,Fixed-Wing,Jet
BOEING,T-45 Goshawk,HAWK,Fixed-Wing,Jet
BOEING,VC-25,B742,Fixed-Wing,Jet
BOEING,VC-96,B732,Fixed-Wing,Jet
BOEING,WC-135,C135,Fixed-Wing,Jet
BOEING,Wedgetail,E737,Fixed-Wing,Jet
BOEING,FA-18D Hornet,F18H,Fixed-Wing,Jet
BOEING,737-800 Poseidon,P8,Fixed-Wing,Jet
BOEING,CC-177 Globemaster 3,C17,Fixed-Wing,Jet
BOEING,P-8 Poseidon,P8,Fixed-Wing,Jet
BOEING,Poseidon,P8,Fixed-Wing,Jet
BOEING,F-15 Slam Eagle,F15,Fixed-Wing,Jet
BOEING,Slam Eagle,F15,Fixed-Wing,Jet
BOEING,JCH-47 Chinook,H47,Helicopter,Turboprop/Turboshaft
BOEING,747-8,B748,Fixed-Wing,Jet
BOEING,737-700 AEWC,E737,Fixed-Wing,Jet
BOEING,AH-64 Saraf,H64,Helicopter,Turboprop/Turboshaft
BOEING,Saraf,H64,Helicopter,Turboprop/Turboshaft
BOEING,Growler,F18S,Fixed-Wing,Jet
BOEING,EA-18 Growler,F18S,Fixed-Wing,Jet
BOEING,777-8,B778,Fixed-Wing,Jet
BOEING,777-9,B779,Fixed-Wing,Jet
BOEING,Super Hornet,F18S,Fixed-Wing,Jet
BOEING,FA-18E Super Hornet,F18S,Fixed-Wing,Jet
BOEING,FA-18F Super Hornet,F18S,Fixed-Wing,Jet
BOEING,NEA-18 Growler,F18S,Fixed-Wing,Jet
BOEING,Dreamliner (Srs.10),B78X,Fixed-Wing,Jet
BOEING,747-8 BBJ,B748,Fixed-Wing,Jet
BOEING,BBJ (747-8),B748,Fixed-Wing,Jet
BOEING,777-200LR BBJ,B77L,Fixed-Wing,Jet
BOEING,BBJ (777-200LR),B77L,Fixed-Wing,Jet
BOEING,777-300ER BBJ,B77W,Fixed-Wing,Jet
BOEING,BBJ (777-300ER),B77W,Fixed-Wing,Jet
BOEING,787-8 BBJ,B788,Fixed-Wing,Jet
BOEING,BBJ (787-8),B788,Fixed-Wing,Jet
BOEING,787-9 BBJ,B789,Fixed-Wing,Jet
BOEING,BBJ (787-9),B789,Fixed-Wing,Jet
BOEING,737 MAX 7,B37M,Fixed-Wing,Jet
BOEING,737 MAX 7 BBJ,B37M,Fixed-Wing,Jet
BOEING,737 MAX 8,B38M,Fixed-Wing,Jet
BOEING,737 MAX 8 BBJ,B38M,Fixed-Wing,Jet
BOEING,737 MAX 9,B39M,Fixed-Wing,Jet
BOEING,737 MAX 9 BBJ,B39M,Fixed-Wing,Jet
BOEING,737 MAX 8200,B38M,Fixed-Wing,Jet
BOEING,737-8200,B38M,Fixed-Wing,Jet
BOEING,451 Scout,YL15,Fixed-Wing,Piston
BOEING,YL-15 Scout,YL15,Fixed-Wing,Piston
BOEING,Scout,YL15,Fixed-Wing,Piston
BOEING,BBJ (737-700),B737,Fixed-Wing,Jet
BOEING,BBJ (737 MAX 7),B37M,Fixed-Wing,Jet
BOEING,BBJ (737 MAX 8),B38M,Fixed-Wing,Jet
BOEING,BBJ (737 MAX 9),B39M,Fixed-Wing,Jet
BOEING,747-400,B744,Fixed-Wing,Jet
BOEING,40,BO40,Fixed-Wing,Piston
BOEING,KC-46 Pegasus,B762,Fixed-Wing,Jet
BOEING,Pegasus,B762,Fixed-Wing,Jet
BOEING,T-7 Red Hawk,BT7,Fixed-Wing,Jet
BOEING,Red Hawk,BT7,Fixed-Wing,Jet
BOEING,BTX-1,BT7,Fixed-Wing,Jet
BOEING,737-7,B37M,Fixed-Wing,Jet
BOEING,737-8,B38M,Fixed-Wing,Jet
BOEING,737-9,B39M,Fixed-Wing,Jet
BOEING,737-10,B3XM,Fixed-Wing,Jet
BOEING,737 MAX 10,B3XM,Fixed-Wing,Jet
BOEING,MQ-25 Stingray,Q25,Fixed-Wing,Jet
BOEING,Stingray,Q25,Fixed-Wing,Jet
BOEING CANADA,Canso,CAT,Amphibian,Piston
BOEING CANADA,Catalina,CAT,Amphibian,Piston
BOEING CANADA,PBY Catalina,CAT,Amphibian,Piston
BOEING VERTOL,107,H46,Helicopter,Turboprop/Turboshaft
BOEING VERTOL,114,H47,Helicopter,Turboprop/Turboshaft
BOEING VERTOL,234,H47,Helicopter,Turboprop/Turboshaft
BOEING VERTOL,414,H47,Helicopter,Turboprop/Turboshaft
BOEING VERTOL,CH-46 Sea Knight,H46,Helicopter,Turboprop/Turboshaft
BOEING VERTOL,CH-47 Chinook,H47,Helicopter,Turboprop/Turboshaft
BOEING VERTOL,CH-113 Labrador,H46,Helicopter,Turboprop/Turboshaft
BOEING VERTOL,Chinook,H47,Helicopter,Turboprop/Turboshaft
BOEING VERTOL,HH-46 Sea Knight,H46,Helicopter,Turboprop/Turboshaft
BOEING VERTOL,Hkp4,H46,Helicopter,Turboprop/Turboshaft
BOEING VERTOL,JCH-47 Chinook,H47,Helicopter,Turboprop/Turboshaft
BOEING VERTOL,Labrador,H46,Helicopter,Turboprop/Turboshaft
BOEING VERTOL,MH-47 Chinook,H47,Helicopter,Turboprop/Turboshaft
BOEING VERTOL,Sea Knight,H46,Helicopter,Turboprop/Turboshaft
BOEING VERTOL,UH-46 Sea Knight,H46,Helicopter,Turboprop/Turboshaft
BOEING-LEONARDO,MH-139 Grey Wolf,A139,Helicopter,Turboprop/Turboshaft
BOEING-LEONARDO,Grey Wolf,A139,Helicopter,Turboprop/Turboshaft
BOEVE,P-51 Mustang,MJ7,Fixed-Wing,Piston
BOISAVIA,B-60 Mercurey,B60,Fixed-Wing,Piston
BOISAVIA,B-601 Mercurey,B60,Fixed-Wing,Piston
BOISAVIA,B-602 Mercurey,B60,Fixed-Wing,Piston
BOISAVIA,B-603 Mercurey,B60,Fixed-Wing,Piston
BOISAVIA,B-604 Mercurey,B60,Fixed-Wing,Piston
BOISAVIA,B-605 Mercurey,B60,Fixed-Wing,Piston
BOISAVIA,B-606 Mercurey,B60,Fixed-Wing,Piston
BOISAVIA,Mercurey,B60,Fixed-Wing,Piston
BOLKOW,BO-105,B105,Helicopter,Turboprop/Turboshaft
BOLKOW,BO-208 Junior,JUNR,Fixed-Wing,Piston
BOLKOW,BO-209 Monsun,B209,Fixed-Wing,Piston
BOLKOW,F-207,KL07,Fixed-Wing,Piston
BOLKOW,Junior,JUNR,Fixed-Wing,Piston
BOLKOW,Kl-107,KL07,Fixed-Wing,Piston
BOLKOW,Monsun,B209,Fixed-Wing,Piston
BOLKOW,BO-207,KL07,Fixed-Wing,Piston
BOMBARDIER,E-11,GLEX,Fixed-Wing,Jet
BOMBARDIER,BD-700 Global 7000,GL7T,Fixed-Wing,Jet
BOMBARDIER,Global 7000,GL7T,Fixed-Wing,Jet
BOMBARDIER,BD-100 Challenger 350,CL35,Fixed-Wing,Jet
BOMBARDIER,Challenger 350,CL35,Fixed-Wing,Jet
BOMBARDIER,CL-600 Challenger 650,CL60,Fixed-Wing,Jet
BOMBARDIER,Challenger 650,CL60,Fixed-Wing,Jet
BOMBARDIER,BD-500 CSeries CS100,BCS1,Fixed-Wing,Jet
BOMBARDIER,BD-500 CSeries CS300,BCS3,Fixed-Wing,Jet
BOMBARDIER,BD-700 Global 5500,GL5T,Fixed-Wing,Jet
BOMBARDIER,BD-700 Global 6500,GLEX,Fixed-Wing,Jet
BOMBARDIER,BD-700 Global 7500,GL7T,Fixed-Wing,Jet
BOMBARDIER,Global 5500,GL5T,Fixed-Wing,Jet
BOMBARDIER,Global 6500,GLEX,Fixed-Wing,Jet
BOMBARDIER,Global 7500,GL7T,Fixed-Wing,Jet
BOMBARDIER,CL-600  Regional Jet CRJ-550,CRJ7,Fixed-Wing,Jet
BOMBARDIER,Regional Jet CRJ-550,CRJ7,Fixed-Wing,Jet
BOMBARDIER,CSeries CS100,BCS1,Fixed-Wing,Jet
BOMBARDIER,CSeries CS300,BCS3,Fixed-Wing,Jet
BOMBARDIER,CS100,BCS1,Fixed-Wing,Jet
BOMBARDIER,CS300,BCS3,Fixed-Wing,Jet
BOMBARDIER,BD-700  Global 6000,GLEX,Fixed-Wing,Jet
BOMBARDIER,Global 6000,GLEX,Fixed-Wing,Jet
BOMBARDIER,BD-100 Challenger 300,CL30,Fixed-Wing,Jet
BOMBARDIER,BD-700 Global 5000,GL5T,Fixed-Wing,Jet
BOMBARDIER,BD-700 Global Express,GLEX,Fixed-Wing,Jet
BOMBARDIER,Challenger 300,CL30,Fixed-Wing,Jet
BOMBARDIER,Global 5000,GL5T,Fixed-Wing,Jet
BOMBARDIER,Global Express,GLEX,Fixed-Wing,Jet
BOMBARDIER,Sentinel,GLEX,Fixed-Wing,Jet
BOMBARDIER,Regional Jet CRJ-1000,CRJX,Fixed-Wing,Jet
BOMBARDIER,CL-600 Regional Jet  CRJ-1000,CRJX,Fixed-Wing,Jet
BOOM,XB-1,XB1,Fixed-Wing,Jet
BOT AIRCRAFT,SC-07 Speed Cruiser,BISC,Fixed-Wing,Piston
BOT AIRCRAFT,Speed Cruiser,BISC,Fixed-Wing,Piston
BOURDON,Kitty Hawk,KITH,Fixed-Wing,Piston
BOWERS,Fly Baby 1A,FB1A,Fixed-Wing,Piston
BOWERS,Fly Baby 1B,FB1B,Fixed-Wing,Piston
BRADLEY,Aerobat,BBAT,Fixed-Wing,Piston
BRADLEY,BA-100 Aerobat,BBAT,Fixed-Wing,Piston
BRANDLI,BX-2 Cherry,BX2,Fixed-Wing,Piston
BRANDLI,Cherry,BX2,Fixed-Wing,Piston
BRANTLY,305,B305,Helicopter,Piston
BRANTLY,B-2,BRB2,Helicopter,Piston
BRANTLY-HYNES,B-2,BRB2,Helicopter,Piston
BRDITSCHKA,HB-3,HB3,Fixed-Wing,Piston
BRDITSCHKA,HB-21 Hobbylifter,HB21,Fixed-Wing,Piston
BRDITSCHKA,HB-21 Hobbyliner,HB21,Fixed-Wing,Piston
BRDITSCHKA,HB-23 Hobbyliner,HB23,Fixed-Wing,Piston
BRDITSCHKA,HB-23 Scanliner,HB23,Fixed-Wing,Piston
BRDITSCHKA,Hobbylifter,HB21,Fixed-Wing,Piston
BRDITSCHKA,Hobbyliner (HB-21),HB21,Fixed-Wing,Piston
BRDITSCHKA,Hobbyliner (HB-23),HB23,Fixed-Wing,Piston
BRDITSCHKA,Scanliner,HB23,Fixed-Wing,Piston
BREDANARDI,NH-300,H269,Helicopter,Piston
BREDANARDI,NH-500,H500,Helicopter,Turboprop/Turboshaft
BREEZER,Breezer,BREZ,Fixed-Wing,Piston
BREGUET,14 Replica,BR14,Fixed-Wing,Piston
BREGUET,1050 Alizé,ALIZ,Fixed-Wing,Turboprop/Turboshaft
BREGUET,1150 Atlantic,ATLA,Fixed-Wing,Turboprop/Turboshaft
BREGUET,Alizé,ALIZ,Fixed-Wing,Turboprop/Turboshaft
BREGUET,Atlantic,ATLA,Fixed-Wing,Turboprop/Turboshaft
BRIAN ALLEN,Tipsy B,TIPB,Fixed-Wing,Piston
BRIAN ALLEN,Tipsy Trainer,TIPB,Fixed-Wing,Piston
BRISTOL,149 Blenheim,BLEN,Fixed-Wing,Piston
BRISTOL,149 Bolingbroke,BLEN,Fixed-Wing,Piston
BRISTOL,171 Sycamore,SYCA,Helicopter,Piston
BRISTOL,Blenheim,BLEN,Fixed-Wing,Piston
BRISTOL,Bolingbroke,BLEN,Fixed-Wing,Piston
BRISTOL,F-2B Fighter,BFIT,Fixed-Wing,Piston
BRISTOL,F-2B Fighter Replica,BFIT,Fixed-Wing,Piston
BRISTOL,Fighter,BFIT,Fixed-Wing,Piston
BRISTOL,Fighter Replica,BFIT,Fixed-Wing,Piston
BRISTOL,Sycamore,SYCA,Helicopter,Piston
BRITISH AEROSPACE,ATP,ATP,Fixed-Wing,Turboprop/Turboshaft
BRITISH AEROSPACE,BAC-111 One-Eleven,BA11,Fixed-Wing,Jet
BRITISH AEROSPACE,BAe-125-700,H25B,Fixed-Wing,Jet
BRITISH AEROSPACE,BAe-125-800,H25B,Fixed-Wing,Jet
BRITISH AEROSPACE,BAe-125-1000,H25C,Fixed-Wing,Jet
BRITISH AEROSPACE,BAe-146-100,B461,Fixed-Wing,Jet
BRITISH AEROSPACE,BAe-146-100 Statesman,B461,Fixed-Wing,Jet
BRITISH AEROSPACE,BAe-146-200,B462,Fixed-Wing,Jet
BRITISH AEROSPACE,BAe-146-200 Quiet Trader,B462,Fixed-Wing,Jet
BRITISH AEROSPACE,BAe-146-200 Statesman,B462,Fixed-Wing,Jet
BRITISH AEROSPACE,BAe-146-300,B463,Fixed-Wing,Jet
BRITISH AEROSPACE,BAe-748,A748,Fixed-Wing,Turboprop/Turboshaft
BRITISH AEROSPACE,BAe-3100 Jetstream 31,JS31,Fixed-Wing,Turboprop/Turboshaft
BRITISH AEROSPACE,BAe-3200 Jetstream Super 31,JS32,Fixed-Wing,Turboprop/Turboshaft
BRITISH AEROSPACE,BAe-4100 Jetstream 41,JS41,Fixed-Wing,Turboprop/Turboshaft
BRITISH AEROSPACE,Bulldog,BDOG,Fixed-Wing,Piston
BRITISH AEROSPACE,C-29,H25B,Fixed-Wing,Jet
BRITISH AEROSPACE,Eurofighter 2000,EUFI,Fixed-Wing,Jet
BRITISH AEROSPACE,Goshawk,HAWK,Fixed-Wing,Jet
BRITISH AEROSPACE,Harrier,HAR,Fixed-Wing,Jet
BRITISH AEROSPACE,Hawk,HAWK,Fixed-Wing,Jet
BRITISH AEROSPACE,Jetstream 31,JS31,Fixed-Wing,Turboprop/Turboshaft
BRITISH AEROSPACE,Jetstream 41,JS41,Fixed-Wing,Turboprop/Turboshaft
BRITISH AEROSPACE,Jetstream Super 31,JS32,Fixed-Wing,Turboprop/Turboshaft
BRITISH AEROSPACE,Jetstream T.Mk.3,JS31,Fixed-Wing,Turboprop/Turboshaft
BRITISH AEROSPACE,One-Eleven,BA11,Fixed-Wing,Jet
BRITISH AEROSPACE,Quiet Trader,B462,Fixed-Wing,Jet
BRITISH AEROSPACE,RJ-70,RJ70,Fixed-Wing,Jet
BRITISH AEROSPACE,RJ-85,RJ85,Fixed-Wing,Jet
BRITISH AEROSPACE,RJ-100,RJ1H,Fixed-Wing,Jet
BRITISH AEROSPACE,SA-3 Bulldog,BDOG,Fixed-Wing,Piston
BRITISH AEROSPACE,Sea Harrier,HAR,Fixed-Wing,Jet
BRITISH AEROSPACE,Statesman (100),B461,Fixed-Wing,Jet
BRITISH AEROSPACE,Statesman (200),B462,Fixed-Wing,Jet
BRITISH AEROSPACE,T-45 Goshawk,HAWK,Fixed-Wing,Jet
BRITISH AEROSPACE,Tornado,TOR,Fixed-Wing,Jet
BRITISH AEROSPACE,Typhoon,EUFI,Fixed-Wing,Jet
BRITISH AEROSPACE,U-125,H25B,Fixed-Wing,Jet
BRITISH AEROSPACE,BAC-167 Strikemaster,STRK,Fixed-Wing,Jet
BRITISH AEROSPACE,Strikemaster,STRK,Fixed-Wing,Jet
BRITTEN-NORMAN,BN-2 Islander,BN2P,Fixed-Wing,Piston
BRITTEN-NORMAN,BN-2A Defender,BN2P,Fixed-Wing,Piston
BRITTEN-NORMAN,BN-2A Islander,BN2P,Fixed-Wing,Piston
BRITTEN-NORMAN,BN-2A Maritime Defender,BN2P,Fixed-Wing,Piston
BRITTEN-NORMAN,BN-2A Mk3 Trislander,TRIS,Fixed-Wing,Piston
BRITTEN-NORMAN,BN-2B Islander,BN2P,Fixed-Wing,Piston
BRITTEN-NORMAN,BN-2T Defender 4000,BN2T,Fixed-Wing,Turboprop/Turboshaft
BRITTEN-NORMAN,BN-2T Turbine Islander,BN2T,Fixed-Wing,Turboprop/Turboshaft
BRITTEN-NORMAN,Defender,BN2P,Fixed-Wing,Piston
BRITTEN-NORMAN,Defender 4000,BN2T,Fixed-Wing,Turboprop/Turboshaft
BRITTEN-NORMAN,Islander,BN2P,Fixed-Wing,Piston
BRITTEN-NORMAN,Maritime Defender,BN2P,Fixed-Wing,Piston
BRITTEN-NORMAN,Trislander,TRIS,Fixed-Wing,Piston
BRITTEN-NORMAN,Turbine Islander,BN2T,Fixed-Wing,Turboprop/Turboshaft
BRITTEN-NORMAN,BN-2B Defender,BN2P,Fixed-Wing,Piston
BRITTEN-NORMAN,BN-2T Turbine Defender,BN2T,Fixed-Wing,Turboprop/Turboshaft
BRITTEN-NORMAN,Turbine Defender,BN2T,Fixed-Wing,Turboprop/Turboshaft
BRM AERO,NG-4,NG4,Fixed-Wing,Piston
BRM AERO,Bristell NG-5,NG5,Fixed-Wing,Piston
BRM AERO,Bristell LSA,NG5,Fixed-Wing,Piston
BRM AERO,Bristell E-LSA,NG5,Fixed-Wing,Piston
BRM AERO,Bristell S-LSA,NG5,Fixed-Wing,Piston
BRM AERO,Bristell TDO,NG5,Fixed-Wing,Piston
BRM AERO,Bristell UL,NG5,Fixed-Wing,Piston
BRM AERO,Bristell HD,NG5,Fixed-Wing,Piston
BRM AERO,Bristell RG,NG5,Fixed-Wing,Piston
BRM AERO,Bristell XL8,NG5,Fixed-Wing,Piston
BRM AERO,Bristell B23,BR23,Fixed-Wing,Piston
BRM AERO,Bristell B23 Energic,B23E,Fixed-Wing,Electric
BRM AERO,Bristell B8,BR8,Fixed-Wing,Piston
BROKAW,BJ-520 Bullet,BULT,Fixed-Wing,Piston
BROKAW,Bullet,BULT,Fixed-Wing,Piston
BROOKLANDS,OA-7 Optica Scout,OPCA,Fixed-Wing,Piston
BROOKLANDS,Optica Scout,OPCA,Fixed-Wing,Piston
BRUMBY,Evolution,BR61,Fixed-Wing,Piston
BRUMBY,Brumby,BR60,Fixed-Wing,Piston
BRUMBY,600,BR60,Fixed-Wing,Piston
BRUMBY,610 Evolution,BR61,Fixed-Wing,Piston
BUCHANAN,BAC-204 Ozzie Mozzie,OZZI,Fixed-Wing,Piston
BUCHANAN,Ozzie Mozzie,OZZI,Fixed-Wing,Piston
BUCKER,Bestmann,BU81,Fixed-Wing,Piston
BUCKER,Bü-131 Jungmann,BU31,Fixed-Wing,Piston
BUCKER,Bü-133 Jungmeister,BU33,Fixed-Wing,Piston
BUCKER,Bü-181 Bestmann,BU81,Fixed-Wing,Piston
BUCKER,Jungmann,BU31,Fixed-Wing,Piston
BUCKER,Jungmeister,BU33,Fixed-Wing,Piston
BUCKER PRADO,Bü-131 Jungmann,BU31,Fixed-Wing,Piston
BUCKER PRADO,Bü-133 Jungmeister,BU33,Fixed-Wing,Piston
BUCKER PRADO,Jungmann,BU31,Fixed-Wing,Piston
BUCKER PRADO,Jungmeister,BU33,Fixed-Wing,Piston
BUCURESTI,BN-2B Islander,BN2P,Fixed-Wing,Piston
BUCURESTI,BN-2T Turbine Islander,BN2T,Fixed-Wing,Turboprop/Turboshaft
BUCURESTI,Dacic,IR27,Fixed-Wing,Piston
BUCURESTI,IAR-827 Dacic,IR27,Fixed-Wing,Piston
BUCURESTI,Islander,BN2P,Fixed-Wing,Piston
BUCURESTI,One-Eleven,BA11,Fixed-Wing,Jet
BUCURESTI,Rombac 1-11 One-Eleven,BA11,Fixed-Wing,Jet
BUCURESTI,Turbine Islander,BN2T,Fixed-Wing,Turboprop/Turboshaft
BUETHE,Barracuda,BARC,Fixed-Wing,Piston
BUHL,CA-3 Sport Airsedan,BCA3,Fixed-Wing,Piston
BUHL,Sport Airsedan,BCA3,Fixed-Wing,Piston
BUL,Zùlù,ZULU,Fixed-Wing,Piston
BUSHBY,M-2 Mustang 2,MUS2,Fixed-Wing,Piston
BUSHBY,Midget Mustang,MIMU,Fixed-Wing,Piston
BUSHBY,MM-1 Midget Mustang,MIMU,Fixed-Wing,Piston
BUSHBY,Mustang 2,MUS2,Fixed-Wing,Piston
BUTTERFLY,Golden Butterfly,GOBU,Gyrocopter,Piston
BUTTERFLY,Super Sky Cycle,SSC,Gyrocopter,Piston
BYE AEROSPACE,eFlyer 2,EF2,Fixed-Wing,Electric
C2P,One,ONE,Fixed-Wing,Piston
CAARP,CAP-10,CP10,Fixed-Wing,Piston
CAARP,CAP-20,CP20,Fixed-Wing,Piston
CAARP,CP-1310 Super Emeraude,CP13,Fixed-Wing,Piston
CAARP,Super Emeraude,CP13,Fixed-Wing,Piston
CAB,GY-20 Minicab,GY20,Fixed-Wing,Piston
CAB,GY-30 Supercab,GY30,Fixed-Wing,Piston
CAB,Minicab,GY20,Fixed-Wing,Piston
CAB,Supercab,GY30,Fixed-Wing,Piston
CABLE-PRICE,Fletcher FU-24,FU24,Fixed-Wing,Piston
CABRINHA,Free Spirit,FREE,Fixed-Wing,Piston
CABRINHA,RC-412 Free Spirit,FREE,Fixed-Wing,Piston
CADCOR,Chanute,CHAN,Fixed-Wing,Piston
CAG (1),Toxo,TOXO,Fixed-Wing,Piston
CAG (2),PS-28 Cruiser,CRUZ,Fixed-Wing,Piston
CAG (2),Cruiser,CRUZ,Fixed-Wing,Piston
CAG (2),SportsCruiser,CRUZ,Fixed-Wing,Piston
CAIGA,AG-600 Kunlong,AG60,Amphibian,Turboprop/Turboshaft
CAIGA,Kunlong,AG60,Amphibian,Turboprop/Turboshaft
CAIGA,AG-100,AG10,Fixed-Wing,Piston
CALLAIR,A-2,CLA,Fixed-Wing,Piston
CALLAIR,A-3,CLA,Fixed-Wing,Piston
CALLAIR,A-4,CLA,Fixed-Wing,Piston
CALLAIR,S-1,S1,Fixed-Wing,Piston
CALUMET,636 Snobird Adventurer,SNAD,Gyrocopter,Piston
CALUMET,Snobird Adventurer,SNAD,Gyrocopter,Piston
CAMAIR,480 Twin Navion,TNAV,Fixed-Wing,Piston
CAMAIR,Twin Navion,TNAV,Fixed-Wing,Piston
CAMERON,Grand 51,GR51,Fixed-Wing,Turboprop/Turboshaft
CAMERON,P-51G Grand 51,GR51,Fixed-Wing,Turboprop/Turboshaft
CAMPANA,AN-4,CAN4,Fixed-Wing,Piston
CANADA AIR RV,Griffin,GRIF,Fixed-Wing,Piston
CANADAIR,A-10 Catalina,CAT,Amphibian,Piston
CANADAIR,C-143 Challenger 604,CL60,Fixed-Wing,Jet
CANADAIR,Catalina,CAT,Amphibian,Piston
CANADAIR,CC-109 Cosmopolitan,CVLT,Fixed-Wing,Turboprop/Turboshaft
CANADAIR,CC-144 Challenger 600,CL60,Fixed-Wing,Jet
CANADAIR,CC-144B Challenger 601,CL60,Fixed-Wing,Jet
CANADAIR,CE-144A Challenger 600,CL60,Fixed-Wing,Jet
CANADAIR,CF-5,F5,Fixed-Wing,Jet
CANADAIR,CF-104 Starfighter,F104,Fixed-Wing,Jet
CANADAIR,CF-116,F5,Fixed-Wing,Jet
CANADAIR,Challenger 600,CL60,Fixed-Wing,Jet
CANADAIR,Challenger 601,CL60,Fixed-Wing,Jet
CANADAIR,Challenger 604,CL60,Fixed-Wing,Jet
CANADAIR,Challenger 605,CL60,Fixed-Wing,Jet
CANADAIR,Challenger 800,CRJ2,Fixed-Wing,Jet
CANADAIR,Challenger 850,CRJ2,Fixed-Wing,Jet
CANADAIR,Challenger 870,CRJ7,Fixed-Wing,Jet
CANADAIR,Challenger 890,CRJ9,Fixed-Wing,Jet
CANADAIR,CL-1 Catalina,CAT,Amphibian,Piston
CANADAIR,CL-13 Sabre,F86,Fixed-Wing,Jet
CANADAIR,CL-30 Silver Star,T33,Fixed-Wing,Jet
CANADAIR,CL-41 Tutor,CL41,Fixed-Wing,Jet
CANADAIR,CL-44-O Guppy,CL4G,Fixed-Wing,Turboprop/Turboshaft
CANADAIR,CL-66,CVLT,Fixed-Wing,Turboprop/Turboshaft
CANADAIR,CL-90 Starfighter,F104,Fixed-Wing,Jet
CANADAIR,CL-201 Starfighter,F104,Fixed-Wing,Jet
CANADAIR,CL-215,CL2P,Amphibian,Piston
CANADAIR,CL-215T,CL2T,Amphibian,Turboprop/Turboshaft
CANADAIR,CL-219,F5,Fixed-Wing,Jet
CANADAIR,CL-226,F5,Fixed-Wing,Jet
CANADAIR,CL-415,CL2T,Amphibian,Turboprop/Turboshaft
CANADAIR,CL-415 SuperScooper,CL2T,Amphibian,Turboprop/Turboshaft
CANADAIR,CL-600 Challenger 600,CL60,Fixed-Wing,Jet
CANADAIR,CL-600 Challenger 601,CL60,Fixed-Wing,Jet
CANADAIR,CL-600 Challenger 604,CL60,Fixed-Wing,Jet
CANADAIR,CL-600 Challenger 605,CL60,Fixed-Wing,Jet
CANADAIR,CL-600 Challenger 800,CRJ2,Fixed-Wing,Jet
CANADAIR,CL-600 Challenger 850,CRJ2,Fixed-Wing,Jet
CANADAIR,CL-600 Challenger 870,CRJ7,Fixed-Wing,Jet
CANADAIR,CL-600 Challenger 890,CRJ9,Fixed-Wing,Jet
CANADAIR,CL-600 Corporate Jetliner,CRJ2,Fixed-Wing,Jet
CANADAIR,CL-600 Regional Jet CRJ-100,CRJ1,Fixed-Wing,Jet
CANADAIR,CL-600 Regional Jet CRJ-200,CRJ2,Fixed-Wing,Jet
CANADAIR,CL-600 Regional Jet CRJ-440,CRJ2,Fixed-Wing,Jet
CANADAIR,CL-600 Regional Jet CRJ-700,CRJ7,Fixed-Wing,Jet
CANADAIR,CL-600 Regional Jet CRJ-701,CRJ7,Fixed-Wing,Jet
CANADAIR,CL-600 Regional Jet CRJ-705,CRJ9,Fixed-Wing,Jet
CANADAIR,CL-600 Regional Jet CRJ-900,CRJ9,Fixed-Wing,Jet
CANADAIR,CL-600 Regional Jet RJ-100,CRJ1,Fixed-Wing,Jet
CANADAIR,CL-600 Regional Jet RJ-200,CRJ2,Fixed-Wing,Jet
CANADAIR,CL-600 Special Edition,CRJ2,Fixed-Wing,Jet
CANADAIR,Corporate Jetliner,CRJ2,Fixed-Wing,Jet
CANADAIR,Cosmopolitan,CVLT,Fixed-Wing,Turboprop/Turboshaft
CANADAIR,CT-114 Tutor,CL41,Fixed-Wing,Jet
CANADAIR,CT-133 Silver Star,T33,Fixed-Wing,Jet
CANADAIR,CV-580,CVLT,Fixed-Wing,Turboprop/Turboshaft
CANADAIR,F-104 Starfighter,F104,Fixed-Wing,Jet
CANADAIR,Guppy,CL4G,Fixed-Wing,Turboprop/Turboshaft
CANADAIR,NF-5,F5,Fixed-Wing,Jet
CANADAIR,OA-10 Catalina,CAT,Amphibian,Piston
CANADAIR,Regional Jet CRJ-100,CRJ1,Fixed-Wing,Jet
CANADAIR,Regional Jet CRJ-200,CRJ2,Fixed-Wing,Jet
CANADAIR,Regional Jet CRJ-440,CRJ2,Fixed-Wing,Jet
CANADAIR,Regional Jet CRJ-700,CRJ7,Fixed-Wing,Jet
CANADAIR,Regional Jet CRJ-701,CRJ7,Fixed-Wing,Jet
CANADAIR,Regional Jet CRJ-705,CRJ9,Fixed-Wing,Jet
CANADAIR,Regional Jet CRJ-900,CRJ9,Fixed-Wing,Jet
CANADAIR,Regional Jet RJ-100,CRJ1,Fixed-Wing,Jet
CANADAIR,Regional Jet RJ-200,CRJ2,Fixed-Wing,Jet
CANADAIR,Sabre,F86,Fixed-Wing,Jet
CANADAIR,Silver Star,T33,Fixed-Wing,Jet
CANADAIR,Special Edition,CRJ2,Fixed-Wing,Jet
CANADAIR,Starfighter,F104,Fixed-Wing,Jet
CANADAIR,SuperScooper,CL2T,Amphibian,Turboprop/Turboshaft
CANADAIR,T-33 Silver Star,T33,Fixed-Wing,Jet
CANADAIR,Tutor,CL41,Fixed-Wing,Jet
CANADIAN HOME ROTORS,Baby Belle,BABY,Helicopter,Piston
CANADIAN HOME ROTORS,Safari,BABY,Helicopter,Piston
CANADIAN VICKERS,A-10 Catalina,CAT,Amphibian,Piston
CANADIAN VICKERS,Canso,CAT,Amphibian,Piston
CANADIAN VICKERS,Catalina,CAT,Amphibian,Piston
CANADIAN VICKERS,OA-10 Catalina,CAT,Amphibian,Piston
CANADIAN VICKERS,PBV Catalina,CAT,Amphibian,Piston
CANADIAN VICKERS,PBY Catalina,CAT,Amphibian,Piston
CAP AVIATION,CAP-10,CP10,Fixed-Wing,Piston
CAP AVIATION,CAP-222,CP22,Fixed-Wing,Piston
CAP AVIATION,CAP-232,CP23,Fixed-Wing,Piston
CAPELLA,Capella,CAPL,Fixed-Wing,Piston
CAPELLA,T-Raptor,TRAP,Fixed-Wing,Piston
CAPRONI VIZZOLA,C-22J Ventura,C22J,Fixed-Wing,Jet
CAPRONI VIZZOLA,Ventura,C22J,Fixed-Wing,Jet
CARLSON,Skycycle,CYCL,Fixed-Wing,Piston
CARLSON,Sparrow 2,SPR2,Fixed-Wing,Piston
CARLSON,Sparrow-ette,SPR2,Fixed-Wing,Piston
CARRIOU,CL-8 RSA Club,CL8,Fixed-Wing,Piston
CARRIOU,RSA Club,CL8,Fixed-Wing,Piston
CARTER,PAV-4,PAV4,Gyrocopter,Piston
CASA,HC-144 Ocean Sentry,CN35,Fixed-Wing,Turboprop/Turboshaft
CASA,Ocean Sentry,CN35,Fixed-Wing,Turboprop/Turboshaft
CASA,1-131,BU31,Fixed-Wing,Piston
CASA,1-133,BU33,Fixed-Wing,Piston
CASA,2-111,H111,Fixed-Wing,Piston
CASA,223 Flamingo,S223,Fixed-Wing,Piston
CASA,352L,JU52,Fixed-Wing,Piston
CASA,A-9,F5,Fixed-Wing,Jet
CASA,A-36 Halcón,C101,Fixed-Wing,Jet
CASA,Amazonas,C295,Fixed-Wing,Turboprop/Turboshaft
CASA,AR-9,F5,Fixed-Wing,Jet
CASA,AS-332 Super Puma,AS32,Helicopter,Turboprop/Turboshaft
CASA,Aviocar,C212,Fixed-Wing,Turboprop/Turboshaft
CASA,Aviojet,C101,Fixed-Wing,Jet
CASA,BK-117,BK17,Helicopter,Turboprop/Turboshaft
CASA,BO-105,B105,Helicopter,Turboprop/Turboshaft
CASA,C-41 Aviocar,C212,Fixed-Wing,Turboprop/Turboshaft
CASA,C-101 Aviojet,C101,Fixed-Wing,Jet
CASA,C-105 Amazonas,C295,Fixed-Wing,Turboprop/Turboshaft
CASA,C-127,DO27,Fixed-Wing,Piston
CASA,C-212 Aviocar,C212,Fixed-Wing,Turboprop/Turboshaft
CASA,C-295,C295,Fixed-Wing,Turboprop/Turboshaft
CASA,C-295 Persuader,C295,Fixed-Wing,Turboprop/Turboshaft
CASA,CN-235,CN35,Fixed-Wing,Turboprop/Turboshaft
CASA,CN-235 Persuader,CN35,Fixed-Wing,Turboprop/Turboshaft
CASA,Cougar,AS32,Helicopter,Turboprop/Turboshaft
CASA,EAV-8 Matador,HAR,Fixed-Wing,Jet
CASA,Eurofighter 2000,EUFI,Fixed-Wing,Jet
CASA,Flamingo,S223,Fixed-Wing,Piston
CASA,HA-220 Super Saeta,SATA,Fixed-Wing,Jet
CASA,Halcón,C101,Fixed-Wing,Jet
CASA,HR-15,B105,Helicopter,Turboprop/Turboshaft
CASA,Matador,HAR,Fixed-Wing,Jet
CASA,Mirlo,C101,Fixed-Wing,Jet
CASA,Persuader (C-295),C295,Fixed-Wing,Turboprop/Turboshaft
CASA,Persuader (CN-235),CN35,Fixed-Wing,Turboprop/Turboshaft
CASA,Pillán,PILL,Fixed-Wing,Piston
CASA,SF-5,F5,Fixed-Wing,Jet
CASA,SRF-5,F5,Fixed-Wing,Jet
CASA,Super Puma,AS32,Helicopter,Turboprop/Turboshaft
CASA,Super Saeta,SATA,Fixed-Wing,Jet
CASA,T-35 Pillán,PILL,Fixed-Wing,Piston
CASA,T-36 Aviojet,C101,Fixed-Wing,Jet
CASA,Tamiz,PILL,Fixed-Wing,Piston
CASA,Tp89 Aviocar,C212,Fixed-Wing,Turboprop/Turboshaft
CASA,Typhoon,EUFI,Fixed-Wing,Jet
CASA,SC-105 Amazonas,C295,Fixed-Wing,Turboprop/Turboshaft
CASA,C-101 Mirlo,C101,Fixed-Wing,Jet
CASA,T-35 Tamiz,PILL,Fixed-Wing,Piston
CASSUTT,Special,CASS,Fixed-Wing,Piston
CATA,LMK-1 Oryx,LMK1,Fixed-Wing,Piston
CATA,Oryx,LMK1,Fixed-Wing,Piston
CAUDRON,C-270 Luciole,C270,Fixed-Wing,Piston
CAUDRON,C-272 Luciole,C270,Fixed-Wing,Piston
CAUDRON,C-275 Luciole,C270,Fixed-Wing,Piston
CAUDRON,CR-760 Cyclone Replica,JN76,Fixed-Wing,Piston
CAUDRON,Cyclone Replica,JN76,Fixed-Wing,Piston
CAUDRON,G-3,CG3,Fixed-Wing,Piston
CAUDRON,G-3 Replica,CG3,Fixed-Wing,Piston
CAUDRON,JN-760 Cyclone Replica,JN76,Fixed-Wing,Piston
CAUDRON,Luciole,C270,Fixed-Wing,Piston
CCF,Harvard,T6,Fixed-Wing,Piston
CCF,Mentor,T34P,Fixed-Wing,Piston
CCF,Norseman,NORS,Fixed-Wing,Piston
CCF,T-6 Harvard,T6,Fixed-Wing,Piston
CCF,T-34 Mentor,T34P,Fixed-Wing,Piston
CEA-UFMG,CEA-309 Mehari,C309,Fixed-Wing,Piston
CEA-UFMG,Mehari,C309,Fixed-Wing,Piston
CEA-UFMG,CEA-311 Anequim,C311,Fixed-Wing,Piston
CEA-UFMG,Anequim,C311,Fixed-Wing,Piston
CEA-UFMG,CEA-306 CB-10 Triathlon,C306,Fixed-Wing,Piston
CEA-UFMG,CB-10 Triathlon,C306,Fixed-Wing,Piston
CEA-UFMG,Triathlon,C306,Fixed-Wing,Piston
CEI,Free Spirit,FREE,Fixed-Wing,Piston
CEI,RC-412 Free Spirit,FREE,Fixed-Wing,Piston
CELAIR,Eagle 300,CEGL,Fixed-Wing,Piston
CELIER,Xenon,XNON,Gyrocopter,Piston
CENTRE EST,2+2,DR22,Fixed-Wing,Piston
CENTRE EST,Ambassadeur,DR10,Fixed-Wing,Piston
CENTRE EST,Capitaine,D250,Fixed-Wing,Piston
CENTRE EST,Chevalier,DR30,Fixed-Wing,Piston
CENTRE EST,Dauphin,DR22,Fixed-Wing,Piston
CENTRE EST,DR-100 Ambassadeur,DR10,Fixed-Wing,Piston
CENTRE EST,DR-105 Ambassadeur,DR10,Fixed-Wing,Piston
CENTRE EST,DR-200,D250,Fixed-Wing,Piston
CENTRE EST,DR-220 2+2,DR22,Fixed-Wing,Piston
CENTRE EST,DR-221 Dauphin,DR22,Fixed-Wing,Piston
CENTRE EST,DR-250 Capitaine,D250,Fixed-Wing,Piston
CENTRE EST,DR-253 Regent,D253,Fixed-Wing,Piston
CENTRE EST,DR-315 Petit Prince,DR30,Fixed-Wing,Piston
CENTRE EST,DR-340 Major,DR30,Fixed-Wing,Piston
CENTRE EST,DR-360 Chevalier,DR30,Fixed-Wing,Piston
CENTRE EST,DR-380 Prince,DR30,Fixed-Wing,Piston
CENTRE EST,DR-1050 Ambassadeur,DR10,Fixed-Wing,Piston
CENTRE EST,DR-1050 Sicile,DR10,Fixed-Wing,Piston
CENTRE EST,DR-1050 Sicile Record,DR10,Fixed-Wing,Piston
CENTRE EST,DR-1051 Ambassadeur,DR10,Fixed-Wing,Piston
CENTRE EST,DR-1051 Sicile,DR10,Fixed-Wing,Piston
CENTRE EST,DR-1051 Sicile Record,DR10,Fixed-Wing,Piston
CENTRE EST,Major,DR30,Fixed-Wing,Piston
CENTRE EST,Petit Prince,DR30,Fixed-Wing,Piston
CENTRE EST,Prince,DR30,Fixed-Wing,Piston
CENTRE EST,Regent,D253,Fixed-Wing,Piston
CENTRE EST,Sicile,DR10,Fixed-Wing,Piston
CENTRE EST,Sicile Record,DR10,Fixed-Wing,Piston
CENTURY,Jetstream 3,JS3,Fixed-Wing,Turboprop/Turboshaft
CERVA,CE-43 Guepard,CE43,Fixed-Wing,Piston
CERVA,Guepard,CE43,Fixed-Wing,Piston
CESSNA,120,C120,Fixed-Wing,Piston
CESSNA,140,C140,Fixed-Wing,Piston
CESSNA,150,C150,Fixed-Wing,Piston
CESSNA,150 Commuter,C150,Fixed-Wing,Piston
CESSNA,152,C152,Fixed-Wing,Piston
CESSNA,170,C170,Fixed-Wing,Piston
CESSNA,172,C172,Fixed-Wing,Piston
CESSNA,172 Cutlass,C172,Fixed-Wing,Piston
CESSNA,172 Skyhawk,C172,Fixed-Wing,Piston
CESSNA,172RG Cutlass RG,C72R,Fixed-Wing,Piston
CESSNA,175,C175,Fixed-Wing,Piston
CESSNA,175 Skylark,C175,Fixed-Wing,Piston
CESSNA,177,C177,Fixed-Wing,Piston
CESSNA,177 Cardinal,C177,Fixed-Wing,Piston
CESSNA,177RG Cardinal RG,C77R,Fixed-Wing,Piston
CESSNA,180,C180,Fixed-Wing,Piston
CESSNA,162 Skycatcher,C162,Fixed-Wing,Piston
CESSNA,180 Skywagon 180,C180,Fixed-Wing,Piston
CESSNA,182,C182,Fixed-Wing,Piston
CESSNA,182 Skylane,C182,Fixed-Wing,Piston
CESSNA,185 Skywagon,C185,Fixed-Wing,Piston
CESSNA,188 AgPickup,C188,Fixed-Wing,Piston
CESSNA,188 AgWagon,C188,Fixed-Wing,Piston
CESSNA,190,C190,Fixed-Wing,Piston
CESSNA,195,C195,Fixed-Wing,Piston
CESSNA,205,C205,Fixed-Wing,Piston
CESSNA,206 (turbine),C06T,Fixed-Wing,Turboprop/Turboshaft
CESSNA,206 Stationair,C206,Fixed-Wing,Piston
CESSNA,206 Super Skywagon,C206,Fixed-Wing,Piston
CESSNA,207 (turbine),C07T,Fixed-Wing,Turboprop/Turboshaft
CESSNA,207 Skywagon 207,C207,Fixed-Wing,Piston
CESSNA,207 Stationair 7,C207,Fixed-Wing,Piston
CESSNA,207 Stationair 8,C207,Fixed-Wing,Piston
CESSNA,208 Caravan 1,C208,Fixed-Wing,Turboprop/Turboshaft
CESSNA,208 Cargomaster,C208,Fixed-Wing,Turboprop/Turboshaft
CESSNA,208 Grand Caravan,C208,Fixed-Wing,Turboprop/Turboshaft
CESSNA,208 Super Cargomaster,C208,Fixed-Wing,Turboprop/Turboshaft
CESSNA,210,C210,Fixed-Wing,Piston
CESSNA,210 Centurion,C210,Fixed-Wing,Piston
CESSNA,305 Bird Dog,O1,Fixed-Wing,Piston
CESSNA,310,C310,Fixed-Wing,Piston
CESSNA,318A,T37,Fixed-Wing,Jet
CESSNA,318B,T37,Fixed-Wing,Jet
CESSNA,318C,T37,Fixed-Wing,Jet
CESSNA,318D Dragonfly,A37,Fixed-Wing,Jet
CESSNA,318E Dragonfly,A37,Fixed-Wing,Jet
CESSNA,320 Executive Skyknight,C320,Fixed-Wing,Piston
CESSNA,320 Skyknight,C320,Fixed-Wing,Piston
CESSNA,321 Bird Dog,O1,Fixed-Wing,Piston
CESSNA,335,C335,Fixed-Wing,Piston
CESSNA,336 Skymaster,C336,Fixed-Wing,Piston
CESSNA,337 Super Skymaster,C337,Fixed-Wing,Piston
CESSNA,340,C340,Fixed-Wing,Piston
CESSNA,401,C402,Fixed-Wing,Piston
CESSNA,402,C402,Fixed-Wing,Piston
CESSNA,402 (turbine),C02T,Fixed-Wing,Turboprop/Turboshaft
CESSNA,402 Businessliner,C402,Fixed-Wing,Piston
CESSNA,402 Utililiner,C402,Fixed-Wing,Piston
CESSNA,404 (turbine),C04T,Fixed-Wing,Turboprop/Turboshaft
CESSNA,404 Titan,C404,Fixed-Wing,Piston
CESSNA,411,C411,Fixed-Wing,Piston
CESSNA,414,C414,Fixed-Wing,Piston
CESSNA,414 (turbine),C14T,Fixed-Wing,Turboprop/Turboshaft
CESSNA,414 Chancellor,C414,Fixed-Wing,Piston
CESSNA,421,C421,Fixed-Wing,Piston
CESSNA,421 (turbine),C21T,Fixed-Wing,Turboprop/Turboshaft
CESSNA,421 Executive Commuter,C421,Fixed-Wing,Piston
CESSNA,421 Golden Eagle,C421,Fixed-Wing,Piston
CESSNA,425 Conquest 1,C425,Fixed-Wing,Turboprop/Turboshaft
CESSNA,425 Corsair,C425,Fixed-Wing,Turboprop/Turboshaft
CESSNA,441 Conquest,C441,Fixed-Wing,Turboprop/Turboshaft
CESSNA,441 Conquest 2,C441,Fixed-Wing,Turboprop/Turboshaft
CESSNA,500 Citation,C500,Fixed-Wing,Jet
CESSNA,500 Citation 1,C500,Fixed-Wing,Jet
CESSNA,501 Citation 1SP,C501,Fixed-Wing,Jet
CESSNA,510 Citation Mustang,C510,Fixed-Wing,Jet
CESSNA,525 Citation CJ1,C525,Fixed-Wing,Jet
CESSNA,525 CitationJet,C525,Fixed-Wing,Jet
CESSNA,525A Citation CJ2,C25A,Fixed-Wing,Jet
CESSNA,525B Citation CJ3,C25B,Fixed-Wing,Jet
CESSNA,525C Citation CJ4,C25C,Fixed-Wing,Jet
CESSNA,526 CitationJet,C526,Fixed-Wing,Jet
CESSNA,550 Citation 2,C550,Fixed-Wing,Jet
CESSNA,551 Citation 2SP,C551,Fixed-Wing,Jet
CESSNA,560 Citation 5,C560,Fixed-Wing,Jet
CESSNA,560 Citation Encore,C560,Fixed-Wing,Jet
CESSNA,550B Citation Bravo,C55B,Fixed-Wing,Jet
CESSNA,Citation Bravo,C55B,Fixed-Wing,Jet
CESSNA,560 Citation Ultra,C560,Fixed-Wing,Jet
CESSNA,560XL Citation Excel,C56X,Fixed-Wing,Jet
CESSNA,560XL Citation XLS,C56X,Fixed-Wing,Jet
CESSNA,650 Citation 3,C650,Fixed-Wing,Jet
CESSNA,650 Citation 6,C650,Fixed-Wing,Jet
CESSNA,650 Citation 7,C650,Fixed-Wing,Jet
CESSNA,680 Citation Sovereign,C680,Fixed-Wing,Jet
CESSNA,750 Citation 10,C750,Fixed-Wing,Jet
CESSNA,A-37 Dragonfly,A37,Fixed-Wing,Jet
CESSNA,A150 Aerobat,C150,Fixed-Wing,Piston
CESSNA,A152 Aerobat,C152,Fixed-Wing,Piston
CESSNA,A185 AgCarryall,C185,Fixed-Wing,Piston
CESSNA,A185 Skywagon 185,C185,Fixed-Wing,Piston
CESSNA,A188 AgTruck,C188,Fixed-Wing,Piston
CESSNA,A188 AgWagon,C188,Fixed-Wing,Piston
CESSNA,Aerobat (A150),C150,Fixed-Wing,Piston
CESSNA,Aerobat (A152),C152,Fixed-Wing,Piston
CESSNA,AgCarryall,C185,Fixed-Wing,Piston
CESSNA,AgHusky,C188,Fixed-Wing,Piston
CESSNA,AgPickup,C188,Fixed-Wing,Piston
CESSNA,AgTruck,C188,Fixed-Wing,Piston
CESSNA,AgWagon,C188,Fixed-Wing,Piston
CESSNA,Airmaster,CMAS,Fixed-Wing,Piston
CESSNA,AT-8 Bobcat,T50,Fixed-Wing,Piston
CESSNA,AT-17 Bobcat,T50,Fixed-Wing,Piston
CESSNA,AW,CAW,Fixed-Wing,Piston
CESSNA,Bird Dog,O1,Fixed-Wing,Piston
CESSNA,Bobcat,T50,Fixed-Wing,Piston
CESSNA,Businessliner,C402,Fixed-Wing,Piston
CESSNA,C-34,CMAS,Fixed-Wing,Piston
CESSNA,C-37,CMAS,Fixed-Wing,Piston
CESSNA,C-38 Airmaster,CMAS,Fixed-Wing,Piston
CESSNA,C-98,C208,Fixed-Wing,Turboprop/Turboshaft
CESSNA,C-145 Airmaster,CMAS,Fixed-Wing,Piston
CESSNA,C-165 Airmaster,CMAS,Fixed-Wing,Piston
CESSNA,Caravan 1,C208,Fixed-Wing,Turboprop/Turboshaft
CESSNA,Caravan 2,F406,Fixed-Wing,Turboprop/Turboshaft
CESSNA,Cardinal,C177,Fixed-Wing,Piston
CESSNA,Cardinal RG,C77R,Fixed-Wing,Piston
CESSNA,Cargomaster,C208,Fixed-Wing,Turboprop/Turboshaft
CESSNA,Centurion,C210,Fixed-Wing,Piston
CESSNA,Chancellor,C414,Fixed-Wing,Piston
CESSNA,Citation,C500,Fixed-Wing,Jet
CESSNA,Citation 1,C500,Fixed-Wing,Jet
CESSNA,Citation 1SP,C501,Fixed-Wing,Jet
CESSNA,Citation 2,C550,Fixed-Wing,Jet
CESSNA,Citation 2SP,C551,Fixed-Wing,Jet
CESSNA,Citation 3,C650,Fixed-Wing,Jet
CESSNA,Citation 5,C560,Fixed-Wing,Jet
CESSNA,Citation 6,C650,Fixed-Wing,Jet
CESSNA,Citation 7,C650,Fixed-Wing,Jet
CESSNA,Citation 10,C750,Fixed-Wing,Jet
CESSNA,Citation CJ1,C525,Fixed-Wing,Jet
CESSNA,Citation CJ2,C25A,Fixed-Wing,Jet
CESSNA,Citation CJ3,C25B,Fixed-Wing,Jet
CESSNA,Citation CJ4,C25C,Fixed-Wing,Jet
CESSNA,Citation Encore,C560,Fixed-Wing,Jet
CESSNA,Citation Excel,C56X,Fixed-Wing,Jet
CESSNA,Citation Mustang,C510,Fixed-Wing,Jet
CESSNA,Citation S2,C550,Fixed-Wing,Jet
CESSNA,Citation Sovereign,C680,Fixed-Wing,Jet
CESSNA,Citation Ultra,C560,Fixed-Wing,Jet
CESSNA,Citation XLS,C56X,Fixed-Wing,Jet
CESSNA,CitationJet (525),C525,Fixed-Wing,Jet
CESSNA,CitationJet (526),C526,Fixed-Wing,Jet
CESSNA,Commuter,C150,Fixed-Wing,Piston
CESSNA,Conquest,C441,Fixed-Wing,Turboprop/Turboshaft
CESSNA,Conquest 1,C425,Fixed-Wing,Turboprop/Turboshaft
CESSNA,Conquest 2,C441,Fixed-Wing,Turboprop/Turboshaft
CESSNA,Skywagon,C185,Fixed-Wing,Piston
CESSNA,Skywagon 180,C180,Fixed-Wing,Piston
CESSNA,Skywagon 185,C185,Fixed-Wing,Piston
CESSNA,Skywagon 206,C206,Fixed-Wing,Piston
CESSNA,Skywagon 207,C207,Fixed-Wing,Piston
CESSNA,Stationair,C206,Fixed-Wing,Piston
CESSNA,Stationair 6,C206,Fixed-Wing,Piston
CESSNA,Stationair 7,C207,Fixed-Wing,Piston
CESSNA,Stationair 8,C207,Fixed-Wing,Piston
CESSNA,Super Cargomaster,C208,Fixed-Wing,Turboprop/Turboshaft
CESSNA,Super Skylane,C206,Fixed-Wing,Piston
CESSNA,Super Skymaster,C337,Fixed-Wing,Piston
CESSNA,Super Skywagon,C206,Fixed-Wing,Piston
CESSNA,T-37,T37,Fixed-Wing,Jet
CESSNA,T-41 Mescalero,C172,Fixed-Wing,Piston
CESSNA,T-50 Bobcat,T50,Fixed-Wing,Piston
CESSNA,T188 AgHusky,C188,Fixed-Wing,Piston
CESSNA,T207 Turbo Skywagon 207,C207,Fixed-Wing,Piston
CESSNA,T207 Turbo Stationair 7,C207,Fixed-Wing,Piston
CESSNA,TP206 Turbo Super Skylane,T206,Fixed-Wing,Piston
CESSNA,TU206 Turbo Super Skywagon,T206,Fixed-Wing,Piston
CESSNA,TU206 Turbo Skywagon 206,T206,Fixed-Wing,Piston
CESSNA,TU206 Turbo Stationair,T206,Fixed-Wing,Piston
CESSNA,TU206 Turbo Stationair 6,T206,Fixed-Wing,Piston
CESSNA,T210 Turbo Centurion,T210,Fixed-Wing,Piston
CESSNA,Turbo Centurion,T210,Fixed-Wing,Piston
CESSNA,LC-41,COL4,Fixed-Wing,Piston
CESSNA,LC-41 Corvalis TT,COL4,Fixed-Wing,Piston
CESSNA,T206 Turbo Stationair,T206,Fixed-Wing,Piston
CESSNA,T206 Stationair TC,T206,Fixed-Wing,Piston
CESSNA,Turbo Skylane,C82S,Fixed-Wing,Piston
CESSNA,T207 Turbo Stationair 8,C207,Fixed-Wing,Piston
CESSNA,T303 Crusader,C303,Fixed-Wing,Piston
CESSNA,T310,C310,Fixed-Wing,Piston
CESSNA,T337B Turbo Super Skymaster,C337,Fixed-Wing,Piston
CESSNA,T337C Turbo Super Skymaster,C337,Fixed-Wing,Piston
CESSNA,T337D Turbo Super Skymaster,C337,Fixed-Wing,Piston
CESSNA,T337E Turbo Super Skymaster,C337,Fixed-Wing,Piston
CESSNA,T337F Turbo Super Skymaster,C337,Fixed-Wing,Piston
CESSNA,T337G Pressurized Skymaster,P337,Fixed-Wing,Piston
CESSNA,T337H Turbo Super Skymaster,C337,Fixed-Wing,Piston
CESSNA,Titan,C404,Fixed-Wing,Piston
CESSNA,TL-19 Bird Dog,O1,Fixed-Wing,Piston
CESSNA,TO-1 Bird Dog,O1,Fixed-Wing,Piston
CESSNA,Corsair,C425,Fixed-Wing,Turboprop/Turboshaft
CESSNA,Crane,T50,Fixed-Wing,Piston
CESSNA,Crusader,C303,Fixed-Wing,Piston
CESSNA,Cutlass,C172,Fixed-Wing,Piston
CESSNA,Cutlass RG,C72R,Fixed-Wing,Piston
CESSNA,DC-6,CDC6,Fixed-Wing,Piston
CESSNA,Dragonfly,A37,Fixed-Wing,Jet
CESSNA,Executive Commuter,C421,Fixed-Wing,Piston
CESSNA,Executive Skyknight,C320,Fixed-Wing,Piston
CESSNA,F406 Caravan 2,F406,Fixed-Wing,Turboprop/Turboshaft
CESSNA,F406 Vigilant,F406,Fixed-Wing,Turboprop/Turboshaft
CESSNA,Golden Eagle,C421,Fixed-Wing,Piston
CESSNA,Grand Caravan,C208,Fixed-Wing,Turboprop/Turboshaft
CESSNA,Hawk XP,C172,Fixed-Wing,Piston
CESSNA,L-19 Bird Dog,O1,Fixed-Wing,Piston
CESSNA,L-27,C310,Fixed-Wing,Piston
CESSNA,LC-126,C195,Fixed-Wing,Piston
CESSNA,M337 Super Skymaster,C337,Fixed-Wing,Piston
CESSNA,MC337 Super Skymaster,C337,Fixed-Wing,Piston
CESSNA,Mescalero,C172,Fixed-Wing,Piston
CESSNA,NGP,CNGP,Fixed-Wing,Piston
CESSNA,O-1 Bird Dog,O1,Fixed-Wing,Piston
CESSNA,O-2 Super Skymaster,C337,Fixed-Wing,Piston
CESSNA,Skycatcher,C162,Fixed-Wing,Piston
CESSNA,OA-37 Dragonfly,A37,Fixed-Wing,Jet
CESSNA,OE Bird Dog,O1,Fixed-Wing,Piston
CESSNA,OT-47 Citation Ultra,C560,Fixed-Wing,Jet
CESSNA,P172 Skyhawk Powermatic,C172,Fixed-Wing,Piston
CESSNA,P206 Super Skylane,C206,Fixed-Wing,Piston
CESSNA,P210 (turbine),C10T,Fixed-Wing,Turboprop/Turboshaft
CESSNA,P210 Pressurized Centurion,P210,Fixed-Wing,Piston
CESSNA,P337 Pressurized Skymaster,P337,Fixed-Wing,Piston
CESSNA,Pressurized Centurion,P210,Fixed-Wing,Piston
CESSNA,Pressurized Skymaster,P337,Fixed-Wing,Piston
CESSNA,R172,C172,Fixed-Wing,Piston
CESSNA,R172 Hawk XP,C172,Fixed-Wing,Piston
CESSNA,R182 Skylane RG,C82R,Fixed-Wing,Piston
CESSNA,S550 Citation S2,C550,Fixed-Wing,Jet
CESSNA,Skyhawk,C172,Fixed-Wing,Piston
CESSNA,Skyhawk Powermatic,C172,Fixed-Wing,Piston
CESSNA,Skyknight,C320,Fixed-Wing,Piston
CESSNA,Skylane,C182,Fixed-Wing,Piston
CESSNA,Skylane RG,C82R,Fixed-Wing,Piston
CESSNA,Skylark,C175,Fixed-Wing,Piston
CESSNA,Skymaster,C336,Fixed-Wing,Piston
CESSNA,Stationair TC,T206,Fixed-Wing,Piston
CESSNA,Turbo Stationair,T206,Fixed-Wing,Piston
CESSNA,Turbo Super Skylane,T206,Fixed-Wing,Piston
CESSNA,Turbo Super Skywagon,T206,Fixed-Wing,Piston
CESSNA,Turbo Skylane RG,C82T,Fixed-Wing,Piston
CESSNA,UC-78 Bobcat,T50,Fixed-Wing,Piston
CESSNA,Utililiner,C402,Fixed-Wing,Piston
CESSNA,Vigilant,F406,Fixed-Wing,Turboprop/Turboshaft
CESSNA,680A Citation Latitude,C68A,Fixed-Wing,Jet
CESSNA,400,COL4,Fixed-Wing,Piston
CESSNA,LC-42 Corvalis,COL3,Fixed-Wing,Piston
CESSNA,Corvalis,COL3,Fixed-Wing,Piston
CESSNA,Corvalis TT,COL4,Fixed-Wing,Piston
CESSNA,350 Corvalis,COL3,Fixed-Wing,Piston
CESSNA,525 Citation M2,C25M,Fixed-Wing,Jet
CESSNA,Citation M2,C25M,Fixed-Wing,Jet
CESSNA,350,COL3,Fixed-Wing,Piston
CESSNA,LC-42,COL3,Fixed-Wing,Piston
CESSNA,400 Corvalis TT,COL4,Fixed-Wing,Piston
CESSNA,T182 Turbo Skylane,C82S,Fixed-Wing,Piston
CESSNA,Turbo Skywagon 207,C207,Fixed-Wing,Piston
CESSNA,Turbo Stationair 7,C207,Fixed-Wing,Piston
CESSNA,Turbo Stationair 8,C207,Fixed-Wing,Piston
CESSNA,Turbo Super Skymaster,C337,Fixed-Wing,Piston
CESSNA,U-3,C310,Fixed-Wing,Piston
CESSNA,U-17A,C185,Fixed-Wing,Piston
CESSNA,U-17B,C185,Fixed-Wing,Piston
CESSNA,U-17C,C180,Fixed-Wing,Piston
CESSNA,U-27,C208,Fixed-Wing,Turboprop/Turboshaft
CESSNA,U206 Skywagon 206,C206,Fixed-Wing,Piston
CESSNA,U206 Stationair,C206,Fixed-Wing,Piston
CESSNA,U206 Stationair 6,C206,Fixed-Wing,Piston
CESSNA,U206 Super Skywagon,C206,Fixed-Wing,Piston
CESSNA,UC-35 Citation Encore,C560,Fixed-Wing,Jet
CESSNA,UC-35 Citation Ultra,C560,Fixed-Wing,Jet
CESSNA,208 Caravan 675,C208,Fixed-Wing,Turboprop/Turboshaft
CESSNA,T240 Corvalis TTx,C240,Fixed-Wing,Piston
CESSNA,Corvalis TTx,C240,Fixed-Wing,Piston
CESSNA,T240 TTx,C240,Fixed-Wing,Piston
CESSNA,TTx,C240,Fixed-Wing,Piston
CESSNA,TR182 Turbo Skylane RG,C82T,Fixed-Wing,Piston
CESSNA,Turbo Skywagon 206,T206,Fixed-Wing,Piston
CESSNA,Turbo Stationair 6,T206,Fixed-Wing,Piston
CESSNA,AC-208 Combat Caravan,C208,Fixed-Wing,Turboprop/Turboshaft
CESSNA,Caravan 675,C208,Fixed-Wing,Turboprop/Turboshaft
CESSNA,Combat Caravan,C208,Fixed-Wing,Turboprop/Turboshaft
CESSNA,Citation Latitude,C68A,Fixed-Wing,Jet
CESSNA,700 Citation Longitude,C700,Fixed-Wing,Jet
CESSNA,Citation Longitude,C700,Fixed-Wing,Jet
CESSNA,E350,E350,Fixed-Wing,Turboprop/Turboshaft
CESSNA,E530 Scorpion,E530,Fixed-Wing,Jet
CESSNA,Scorpion,E530,Fixed-Wing,Jet
CESSNA,T-51,C150,Fixed-Wing,Piston
CESSNA,408 SkyCourier,C408,Fixed-Wing,Turboprop/Turboshaft
CESSNA,SkyCourier,C408,Fixed-Wing,Turboprop/Turboshaft
CETC,TA-20,DT45,Fixed-Wing,Turboprop/Turboshaft
CFM,SA-2 Star Streak,STST,Fixed-Wing,Piston
CFM,Star Streak,STST,Fixed-Wing,Piston
CHAIKA,L-4,L4,Amphibian,Piston
CHAIKA,L-42,L4,Amphibian,Piston
CHAIKA,L-44,L4,Amphibian,Piston
CHALARD,JRC-01 Julcar,JRC1,Fixed-Wing,Piston
CHALARD,Julcar,JRC1,Fixed-Wing,Piston
CHAMPION,7EC Traveler,CH7A,Fixed-Wing,Piston
CHAMPION,7ECA Citabria,CH7A,Fixed-Wing,Piston
CHAMPION,7FC Tri-Traveler,CH7A,Fixed-Wing,Piston
CHAMPION,7GC Sky-Trac,CH7B,Fixed-Wing,Piston
CHAMPION,7GCA Sky-Trac,CH7B,Fixed-Wing,Piston
CHAMPION,7GCAA,CH7B,Fixed-Wing,Piston
CHAMPION,7GCB Challenger,CH7B,Fixed-Wing,Piston
CHAMPION,7GCBA Challenger,CH7B,Fixed-Wing,Piston
CHAMPION,7GCBC Citabria,CH7B,Fixed-Wing,Piston
CHAMPION,7HC DX'er,CH7B,Fixed-Wing,Piston
CHAMPION,7JC Tri-Con,CH7A,Fixed-Wing,Piston
CHAMPION,7KC Olympia,CH7B,Fixed-Wing,Piston
CHAMPION,7KCAB Citabria,CH7B,Fixed-Wing,Piston
CHAMPION,8 Decathlon,BL8,Fixed-Wing,Piston
CHAMPION,402 Lancer,CH40,Fixed-Wing,Piston
CHAMPION,Challenger,CH7B,Fixed-Wing,Piston
CHAMPION,Citabria (7ECA),CH7A,Fixed-Wing,Piston
CHAMPION,Citabria (7GCBC/7KCAB),CH7B,Fixed-Wing,Piston
CHAMPION,Decathlon,BL8,Fixed-Wing,Piston
CHAMPION,DX'er,CH7B,Fixed-Wing,Piston
CHAMPION,Lancer,CH40,Fixed-Wing,Piston
CHAMPION,Olympia,CH7B,Fixed-Wing,Piston
CHAMPION,Sky-Trac,CH7B,Fixed-Wing,Piston
CHAMPION,Traveler,CH7A,Fixed-Wing,Piston
CHAMPION,Tri-Con,CH7A,Fixed-Wing,Piston
CHAMPION,Tri-Traveler,CH7A,Fixed-Wing,Piston
CHANCE VOUGHT,AU Corsair,CORS,Fixed-Wing,Piston
CHANCE VOUGHT,Corsair,CORS,Fixed-Wing,Piston
CHANCE VOUGHT,Crusader,F8,Fixed-Wing,Jet
CHANCE VOUGHT,F4U Corsair,CORS,Fixed-Wing,Piston
CHANCE VOUGHT,F8 Crusader,F8,Fixed-Wing,Jet
CHANCE VOUGHT,F8U Crusader,F8,Fixed-Wing,Jet
CHANCE VOUGHT,RF-8 Crusader,F8,Fixed-Wing,Jet
CHANCE VOUGHT,V-166 Corsair,CORS,Fixed-Wing,Piston
CHANGHE,Z-8,FREL,Helicopter,Turboprop/Turboshaft
CHANGHE,Z-11,AS50,Helicopter,Turboprop/Turboshaft
CHANGHE,WZ-10,WZ10,Helicopter,Turboprop/Turboshaft
CHASLE,Tourbillon,YC12,Fixed-Wing,Piston
CHASLE,YC-12 Tourbillon,YC12,Fixed-Wing,Piston
CHASLE,YC-121 Tourbillon,YC12,Fixed-Wing,Piston
CHASLE,YC-122 Tourbillon,YC12,Fixed-Wing,Piston
CHASLE,YC-123 Tourbillon,YC12,Fixed-Wing,Piston
CHAYAIR,Sycamore,CHSY,Gyrocopter,Piston
CHENGDU,Airguard,MG21,Fixed-Wing,Jet
CHENGDU,F-7,MG21,Fixed-Wing,Jet
CHENGDU,F-7 Airguard,MG21,Fixed-Wing,Jet
CHENGDU,F-7 Skybolt,MG21,Fixed-Wing,Jet
CHENGDU,F-10,J10,Fixed-Wing,Jet
CHENGDU,FC-1 Super 7,FC1,Fixed-Wing,Jet
CHENGDU,FC-1 Xiaolong,FC1,Fixed-Wing,Jet
CHENGDU,FT-5,MG17,Fixed-Wing,Jet
CHENGDU,J-7,MG21,Fixed-Wing,Jet
CHENGDU,J-10,J10,Fixed-Wing,Jet
CHENGDU,JF-17 Thunder,FC1,Fixed-Wing,Jet
CHENGDU,JJ-5,MG17,Fixed-Wing,Jet
CHENGDU,Skybolt,MG21,Fixed-Wing,Jet
CHENGDU,Super 7,FC1,Fixed-Wing,Jet
CHENGDU,Thunder,FC1,Fixed-Wing,Jet
CHENGDU,Xiaolong,FC1,Fixed-Wing,Jet
CHENGDU,J-20,J20,Fixed-Wing,Jet
CHERNOV,Che-15,CE15,SeaPlane,Piston
CHERNOV,Che-22 Corvette,CE22,Amphibian,Piston
CHERNOV,Che-23,CE23,Amphibian,Piston
CHERNOV,Che-25,CE25,Amphibian,Piston
CHERNOV,Che-27,CE27,Amphibian,Piston
CHERNOV,Corvette,CE22,Amphibian,Piston
CHICHESTER-MILES,Leopard,LEOP,Fixed-Wing,Jet
CHILTON,DW-1,CDW1,Fixed-Wing,Piston
CHINCUL,Archer 2,P28A,Fixed-Wing,Piston
CHINCUL,Arrow 3,P28R,Fixed-Wing,Piston
CHINCUL,Arrow 4,P28T,Fixed-Wing,Piston
CHINCUL,Aztec,PA27,Fixed-Wing,Piston
CHINCUL,Cherokee Archer,P28A,Fixed-Wing,Piston
CHINCUL,Cherokee Archer 2,P28A,Fixed-Wing,Piston
CHINCUL,Cherokee Arrow 2,P28R,Fixed-Wing,Piston
CHINCUL,Cherokee Arrow 3,P28R,Fixed-Wing,Piston
CHINCUL,Cherokee Challenger,P28A,Fixed-Wing,Piston
CHINCUL,Cherokee Charger,P28B,Fixed-Wing,Piston
CHINCUL,Cherokee Cruiser,P28A,Fixed-Wing,Piston
CHINCUL,Cherokee Lance,P32R,Fixed-Wing,Piston
CHINCUL,Cherokee Pathfinder,P28B,Fixed-Wing,Piston
CHINCUL,Cherokee Six,PA32,Fixed-Wing,Piston
CHINCUL,Cheyenne 1,PAY1,Fixed-Wing,Turboprop/Turboshaft
CHINCUL,Cheyenne 2,PAY2,Fixed-Wing,Turboprop/Turboshaft
CHINCUL,Chieftain,PA31,Fixed-Wing,Piston
CHINCUL,Dakota,P28B,Fixed-Wing,Piston
CHINCUL,Lance,P32R,Fixed-Wing,Piston
CHINCUL,Lance 2,P32T,Fixed-Wing,Piston
CHINCUL,Navajo,PA31,Fixed-Wing,Piston
CHINCUL,Navajo Chieftain,PA31,Fixed-Wing,Piston
CHINCUL,Navajo CR,PA31,Fixed-Wing,Piston
CHINCUL,PA-A-23-250 Aztec,PA27,Fixed-Wing,Piston
CHINCUL,PA-A-25 Pawnee,PA25,Fixed-Wing,Piston
CHINCUL,PA-A-28-140 Cherokee Cruiser,P28A,Fixed-Wing,Piston
CHINCUL,PA-A-28-161 Warrior 2,P28A,Fixed-Wing,Piston
CHINCUL,PA-A-28-180 Cherokee Archer,P28A,Fixed-Wing,Piston
CHINCUL,PA-A-28-180 Cherokee Challenger,P28A,Fixed-Wing,Piston
CHINCUL,PA-A-28-181 Archer 2,P28A,Fixed-Wing,Piston
CHINCUL,PA-A-28-181 Cherokee Archer 2,P28A,Fixed-Wing,Piston
CHINCUL,PA-A-28-235 Cherokee Charger,P28B,Fixed-Wing,Piston
CHINCUL,PA-A-28-235 Cherokee Pathfinder,P28B,Fixed-Wing,Piston
CHINCUL,PA-A-28-236 Dakota,P28B,Fixed-Wing,Piston
CHINCUL,PA-A-28R-200 Cherokee Arrow 2,P28R,Fixed-Wing,Piston
CHINCUL,PA-A-28R-201 Arrow 3,P28R,Fixed-Wing,Piston
CHINCUL,PA-A-28R-201 Cherokee Arrow 3,P28R,Fixed-Wing,Piston
CHINCUL,PA-A-28RT-201 Arrow 4,P28T,Fixed-Wing,Piston
CHINCUL,PA-A-31-310 Navajo,PA31,Fixed-Wing,Piston
CHINCUL,PA-A-31-325 Navajo CR,PA31,Fixed-Wing,Piston
CHINCUL,PA-A-31-350 Chieftain,PA31,Fixed-Wing,Piston
CHINCUL,PA-A-31-350 Navajo Chieftain,PA31,Fixed-Wing,Piston
CHINCUL,PA-A-31P-425 Pressurized Navajo,PA31,Fixed-Wing,Piston
CHINCUL,PA-A-31T1-500 Cheyenne 1,PAY1,Fixed-Wing,Turboprop/Turboshaft
CHINCUL,PA-A-31T-620 Cheyenne 2,PAY2,Fixed-Wing,Turboprop/Turboshaft
CHINCUL,PA-A-32 Cherokee Six,PA32,Fixed-Wing,Piston
CHINCUL,PA-A-32R-300 Cherokee Lance,P32R,Fixed-Wing,Piston
CHINCUL,PA-A-32R-300 Lance,P32R,Fixed-Wing,Piston
CHINCUL,PA-A-32RT-300 Lance 2,P32T,Fixed-Wing,Piston
CHINCUL,PA-A-32RT-300T Turbo Lance 2,P32T,Fixed-Wing,Piston
CHINCUL,PA-A-34 Seneca,PA34,Fixed-Wing,Piston
CHINCUL,PA-A-36 Pawnee Brave,PA36,Fixed-Wing,Piston
CHINCUL,PA-A-38 Tomahawk,PA38,Fixed-Wing,Piston
CHINCUL,Pawnee,PA25,Fixed-Wing,Piston
CHINCUL,Pawnee Brave,PA36,Fixed-Wing,Piston
CHINCUL,Pressurized Navajo,PA31,Fixed-Wing,Piston
CHINCUL,Seneca,PA34,Fixed-Wing,Piston
CHINCUL,Tomahawk,PA38,Fixed-Wing,Piston
CHINCUL,Turbo Lance 2,P32T,Fixed-Wing,Piston
CHINCUL,Warrior 2,P28A,Fixed-Wing,Piston
CHINCUL,Turbo Cherokee Arrow 3,P28S,Fixed-Wing,Piston
CHINCUL,Turbo Arrow 3,P28S,Fixed-Wing,Piston
CHINCUL,PA-A-28RT-201T Turbo Arrow 4,P28U,Fixed-Wing,Piston
CHINCUL,Turbo Arrow 4,P28U,Fixed-Wing,Piston
CHINCUL,PA-A-28R-201T Turbo Arrow 3,P28S,Fixed-Wing,Piston
CHINCUL,PA-A-28R-201T Turbo Cherokee Arrow 3,P28S,Fixed-Wing,Piston
CHRIS TENA,Mini Coupe,MCOU,Fixed-Wing,Piston
CHRISLEA,CH-3 Super Ace,CH3,Fixed-Wing,Piston
CHRISLEA,CH-3 Skyjeep,CH3,Fixed-Wing,Piston
CHRISLEA,Super Ace,CH3,Fixed-Wing,Piston
CHRISLEA,Skyjeep,CH3,Fixed-Wing,Piston
CHRISTEN,A-1 Husky,HUSK,Fixed-Wing,Piston
CHRISTEN,Eagle,EAGL,Fixed-Wing,Piston
CHRISTEN,Husky,HUSK,Fixed-Wing,Piston
CHRISTEN,Pitts S-1 Special,PTS1,Fixed-Wing,Piston
CHRISTEN,Pitts S-2 Special,PTS2,Fixed-Wing,Piston
CIAC,Synergy,SNGY,Fixed-Wing,Piston
CIAC,T-90 Calima,SNGY,Fixed-Wing,Piston
CIAC,Calima,SNGY,Fixed-Wing,Piston
CICARE,CH-12,CH12,Helicopter,Piston
CICARE,CH-14 Aguilucho,CH14,Helicopter,Turboprop/Turboshaft
CICARE,Aguilucho,CH14,Helicopter,Turboprop/Turboshaft
CIRCA,Nieuport 12-7/8,CN12,Fixed-Wing,Piston
CIRRUS,SR-20,SR20,Fixed-Wing,Piston
CIRRUS,SR-20 SRV,SR20,Fixed-Wing,Piston
CIRRUS,SR-22,SR22,Fixed-Wing,Piston
CIRRUS,SRV,SR20,Fixed-Wing,Piston
CIRRUS,SR-22T,S22T,Fixed-Wing,Piston
CIRRUS,T-53,SR20,Fixed-Wing,Piston
CIRRUS,SR-22 Turbo,S22T,Fixed-Wing,Piston
CIRRUS,SJ-X Vision,SF50,Fixed-Wing,Jet
CIRRUS,SF-50 Vision,SF50,Fixed-Wing,Jet
CIRRUS,Vision,SF50,Fixed-Wing,Jet
CIRRUS,VK-30 Cirrus (piston),VK3P,Fixed-Wing,Piston
CIRRUS,Cirrus (piston),VK3P,Fixed-Wing,Piston
CIRRUS,VK-30 Cirrus (turbine),VK3T,Fixed-Wing,Turboprop/Turboshaft
CIRRUS,Cirrus (turbine),VK3T,Fixed-Wing,Turboprop/Turboshaft
CLAASSEN,305,O1,Fixed-Wing,Piston
CLASS,Bush Caddy L-160,CAD4,Fixed-Wing,Piston
CLASS,Bush Caddy L-162,CAD4,Fixed-Wing,Piston
CLASS,Bush Caddy L-164,CAD4,Fixed-Wing,Piston
CLASS,Bush Caddy R-80,CAD2,Fixed-Wing,Piston
CLASS,Bush Caddy R-120,CAD2,Fixed-Wing,Piston
CLASSIC,Waco Classic,WACF,Fixed-Wing,Piston
CLASSIC SPORT,S-18,T18,Fixed-Wing,Piston
CLAUDIUS DORNIER,CD-2 Seastar,CD2,Amphibian,Turboprop/Turboshaft
CLAUDIUS DORNIER,Seastar,CD2,Amphibian,Turboprop/Turboshaft
CLIFFORD AEROWORKS,Spad 13 80%,ES13,Fixed-Wing,Piston
CO-Z,Cozy,COZY,Fixed-Wing,Piston
CO-Z,CozyJet,COZJ,Fixed-Wing,Jet
COBALT,Co-50 Valkyrie,CO50,Fixed-Wing,Piston
COBALT,Valkyrie,CO50,Fixed-Wing,Piston
COBELAVIA,D-158 Nipper,NIPR,Fixed-Wing,Piston
COBELAVIA,Nipper,NIPR,Fixed-Wing,Piston
COBRA,Arrow,COAR,Fixed-Wing,Piston
COLEMILL,Bearcat,C310,Fixed-Wing,Piston
COLEMILL,Century 600,C320,Fixed-Wing,Piston
COLEMILL,Executive 600,C310,Fixed-Wing,Piston
COLEMILL,Foxstar Baron 55,BE55,Fixed-Wing,Piston
COLEMILL,Foxstar Baron 58,BE58,Fixed-Wing,Piston
COLEMILL,Panther 2,PA31,Fixed-Wing,Piston
COLEMILL,Panther 3,PA31,Fixed-Wing,Piston
COLEMILL,Panther Navajo,PA31,Fixed-Wing,Piston
COLEMILL,President 600,BE55,Fixed-Wing,Piston
COLEMILL,Starfire Bonanza 33,BE33,Fixed-Wing,Piston
COLEMILL,Starfire Bonanza 35,BE35,Fixed-Wing,Piston
COLEMILL,Starfire Bonanza 36,BE36,Fixed-Wing,Piston
COLLINS,Dipper,DIPR,Amphibian,Piston
COLOMBAN,Ban-Bi,MCR1,Fixed-Wing,Piston
COLOMBAN,Cricri,MC10,Fixed-Wing,Piston
COLOMBAN,MC-10 Cricri,MC10,Fixed-Wing,Piston
COLOMBAN,MC-12 Cricri,MC10,Fixed-Wing,Piston
COLOMBAN,MC-15 Cricri,MC10,Fixed-Wing,Piston
COLOMBAN,MC-100 Ban-Bi,MCR1,Fixed-Wing,Piston
COLONIAL,C-1 Skimmer,SKIM,Amphibian,Piston
COLONIAL,C-2 Skimmer,SKIM,Amphibian,Piston
COLONIAL,Skimmer,SKIM,Amphibian,Piston
COLUMBIA,Columbia 350,COL3,Fixed-Wing,Piston
COLUMBIA,Columbia 400,COL4,Fixed-Wing,Piston
COLUMBIA,LC-41 Columbia 400,COL4,Fixed-Wing,Piston
COLUMBIA,LC-42 Columbia 350,COL3,Fixed-Wing,Piston
COLYAER,Freedom,CFRE,Amphibian,Piston
COLYAER,Gannet,CGAN,SeaPlane,Piston
COLYAER,Martin 3,CMA3,Fixed-Wing,Piston
COLYAER,Mascato,CFRE,Amphibian,Piston
COMAC,Xiangfeng,AJ27,Fixed-Wing,Jet
COMAC,ARJ-21-700,AJ27,Fixed-Wing,Jet
COMAC,C-919,C919,Fixed-Wing,Jet
COMAC,ARJ-21-700 Xiangfeng,AJ27,Fixed-Wing,Jet
COMMANDER,Commander 114,AC11,Fixed-Wing,Piston
COMMANDER,Commander 115,AC11,Fixed-Wing,Piston
COMMONWEALTH (1),BA-206 Kiowa,B06,Helicopter,Turboprop/Turboshaft
COMMONWEALTH (1),Boomerang,CA19,Fixed-Wing,Piston
COMMONWEALTH (1),CA-13 Boomerang,CA19,Fixed-Wing,Piston
COMMONWEALTH (1),CA-16 Wirraway,WIRR,Fixed-Wing,Piston
COMMONWEALTH (1),CA-18 Mustang,P51,Fixed-Wing,Piston
COMMONWEALTH (1),CA-19 Boomerang,CA19,Fixed-Wing,Piston
COMMONWEALTH (1),CA-25 Winjeel,CA25,Fixed-Wing,Piston
COMMONWEALTH (1),CA-27 Sabre,F86,Fixed-Wing,Jet
COMMONWEALTH (1),CA-29 Mirage 3,MIRA,Fixed-Wing,Jet
COMMONWEALTH (1),CA-30,M326,Fixed-Wing,Jet
COMMONWEALTH (1),CA-32 Kiowa,B06,Helicopter,Turboprop/Turboshaft
COMMONWEALTH (1),Kiowa,B06,Helicopter,Turboprop/Turboshaft
COMMONWEALTH (1),MB-326,M326,Fixed-Wing,Jet
COMMONWEALTH (1),Mirage 3,MIRA,Fixed-Wing,Jet
COMMONWEALTH (1),Mustang,P51,Fixed-Wing,Piston
COMMONWEALTH (1),Sabre,F86,Fixed-Wing,Jet
COMMONWEALTH (1),Winjeel,CA25,Fixed-Wing,Piston
COMMONWEALTH (1),Wirraway,WIRR,Fixed-Wing,Piston
COMMONWEALTH (2),185 Skyranger,SKYR,Fixed-Wing,Piston
COMMONWEALTH (2),Skyranger,SKYR,Fixed-Wing,Piston
COMP AIR,CA-3 Comp Air 3,CA3,Fixed-Wing,Piston
COMP AIR,CA-4 Comp Air 4,CA4,Fixed-Wing,Piston
COMP AIR,CA-4 Comp Monster,CA4,Fixed-Wing,Piston
COMP AIR,CA-6 Comp Air 6,CA6,Fixed-Wing,Piston
COMP AIR,CA-7P Comp Air 7P,CA7P,Fixed-Wing,Piston
COMP AIR,CA-7SLX  Comp Air 7SLX,CA7T,Fixed-Wing,Turboprop/Turboshaft
COMP AIR,CA-7T Comp Air 7T,CA7T,Fixed-Wing,Turboprop/Turboshaft
COMP AIR,CA-8 Comp Air 8,CA8,Fixed-Wing,Turboprop/Turboshaft
COMP AIR,CA-10XLT Comp Air 10XLT,CA1T,Fixed-Wing,Turboprop/Turboshaft
COMP AIR,CA-12 Comp Air 12,CA12,Fixed-Wing,Turboprop/Turboshaft
COMP AIR,CA-J Comp Air Jet,CAJ,Fixed-Wing,Jet
COMP AIR,Comp Air 3,CA3,Fixed-Wing,Piston
COMP AIR,Comp Air 4,CA4,Fixed-Wing,Piston
COMP AIR,Comp Air 6,CA6,Fixed-Wing,Piston
COMP AIR,Comp Air 7P,CA7P,Fixed-Wing,Piston
COMP AIR,Comp Air 7SLX,CA7T,Fixed-Wing,Turboprop/Turboshaft
COMP AIR,Comp Air 7T,CA7T,Fixed-Wing,Turboprop/Turboshaft
COMP AIR,Comp Air 8,CA8,Fixed-Wing,Turboprop/Turboshaft
COMP AIR,Comp Air 10XLT,CA1T,Fixed-Wing,Turboprop/Turboshaft
COMP AIR,Comp Air 12,CA12,Fixed-Wing,Turboprop/Turboshaft
COMP AIR,Comp Air Jet,CAJ,Fixed-Wing,Jet
COMP AIR,Comp Monster,CA4,Fixed-Wing,Piston
COMP AIR,Comp Air 9,CA9,Fixed-Wing,Turboprop/Turboshaft
COMP AIR,CA-9 Comp Air 9,CA9,Fixed-Wing,Turboprop/Turboshaft
COMPOSIT AIRPLANES,Viva,VIVA,Fixed-Wing,Piston
CONAIR,F-27 Firefighter,F27,Fixed-Wing,Turboprop/Turboshaft
CONAIR,Firecat,S2P,Fixed-Wing,Piston
CONAIR,Firefighter,F27,Fixed-Wing,Turboprop/Turboshaft
CONAIR,Turbo Firecat,S2T,Fixed-Wing,Turboprop/Turboshaft
CONROY,CL-44-O Guppy,CL4G,Fixed-Wing,Turboprop/Turboshaft
CONROY,Guppy,CL4G,Fixed-Wing,Turboprop/Turboshaft
CONSOLIDATED,28 Catalina,CAT,Amphibian,Piston
CONSOLIDATED,A-10 Catalina,CAT,Amphibian,Piston
CONSOLIDATED,B-24 Liberator,B24,Fixed-Wing,Piston
CONSOLIDATED,C-87 Liberator Express,B24,Fixed-Wing,Piston
CONSOLIDATED,Canso,CAT,Amphibian,Piston
CONSOLIDATED,Catalina,CAT,Amphibian,Piston
CONSOLIDATED,LB-30 Liberator,B24,Fixed-Wing,Piston
CONSOLIDATED,Liberator,B24,Fixed-Wing,Piston
CONSOLIDATED,Liberator Express,B24,Fixed-Wing,Piston
CONSOLIDATED,OA-10 Catalina,CAT,Amphibian,Piston
CONSOLIDATED,PBY Catalina,CAT,Amphibian,Piston
CONTINENTAL COPTERS,El Tomcat,ELTO,Helicopter,Piston
CONVAIR,28 Catalina,CAT,Amphibian,Piston
CONVAIR,A-10 Catalina,CAT,Amphibian,Piston
CONVAIR,B-24 Liberator,B24,Fixed-Wing,Piston
CONVAIR,BT-13 Valiant,VALI,Fixed-Wing,Piston
CONVAIR,C-87 Liberator Express,B24,Fixed-Wing,Piston
CONVAIR,C-131,CVLP,Fixed-Wing,Piston
CONVAIR,C-131 Samaritan,CVLP,Fixed-Wing,Piston
CONVAIR,C-131H,CVLT,Fixed-Wing,Turboprop/Turboshaft
CONVAIR,Catalina,CAT,Amphibian,Piston
CONVAIR,Convairliner,CVLP,Fixed-Wing,Piston
CONVAIR,CV-240 Convairliner,CVLP,Fixed-Wing,Piston
CONVAIR,CV-340 Convairliner,CVLP,Fixed-Wing,Piston
CONVAIR,CV-440 Metropolitan,CVLP,Fixed-Wing,Piston
CONVAIR,CV-580,CVLT,Fixed-Wing,Turboprop/Turboshaft
CONVAIR,CV-600,CVLT,Fixed-Wing,Turboprop/Turboshaft
CONVAIR,CV-640,CVLT,Fixed-Wing,Turboprop/Turboshaft
CONVAIR,Delta Dart,F106,Fixed-Wing,Jet
CONVAIR,ET-29,CVLP,Fixed-Wing,Piston
CONVAIR,HC-131,CVLP,Fixed-Wing,Piston
CONVAIR,L-13,L13,Fixed-Wing,Piston
CONVAIR,Liberator,B24,Fixed-Wing,Piston
CONVAIR,Liberator Express,B24,Fixed-Wing,Piston
CONVAIR,Metropolitan,CVLP,Fixed-Wing,Piston
CONVAIR,OA-10 Catalina,CAT,Amphibian,Piston
CONVAIR,P4Y Privateer,P4Y,Fixed-Wing,Piston
CONVAIR,PB4Y Privateer,P4Y,Fixed-Wing,Piston
CONVAIR,PBY Catalina,CAT,Amphibian,Piston
CONVAIR,Privateer,P4Y,Fixed-Wing,Piston
CONVAIR,QF-106 Delta Dart,F106,Fixed-Wing,Jet
CONVAIR,Samaritan,CVLP,Fixed-Wing,Piston
CONVAIR,T-29,CVLP,Fixed-Wing,Piston
CONVAIR,V-54 Valiant,VALI,Fixed-Wing,Piston
CONVAIR,Valiant,VALI,Fixed-Wing,Piston
CONVAIR,VC-131G,CVLP,Fixed-Wing,Piston
CONVAIR,VT-29,CVLP,Fixed-Wing,Piston
COOPAVIA-MENAVIA,CP-301 Emeraude,CP30,Fixed-Wing,Piston
COOPAVIA-MENAVIA,Emeraude,CP30,Fixed-Wing,Piston
CORBEN,Junior Ace,JACE,Fixed-Wing,Piston
CORBEN,Super Ace,SACE,Fixed-Wing,Piston
CORBY,CJ-1 Starlet,CJ1,Fixed-Wing,Piston
CORBY,Starlet,CJ1,Fixed-Wing,Piston
CORVUS,Corone,CORO,Fixed-Wing,Piston
CORVUS,Crusader,CORO,Fixed-Wing,Piston
CORVUS,CA-21 Phantom,CORO,Fixed-Wing,Piston
CORVUS,Phantom,CORO,Fixed-Wing,Piston
CORVUS,CA-41 Racer,CA41,Fixed-Wing,Piston
CORVUS,Racer,CA41,Fixed-Wing,Piston
CORVUS,Fusion,FUSI,Fixed-Wing,Piston
COSY,Cosy Classic,COZY,Fixed-Wing,Piston
COUNTRY AIR,J-6 Karatoo,KTOO,Fixed-Wing,Piston
COUNTRY AIR,Karatoo,KTOO,Fixed-Wing,Piston
COUPE,JC-01,JC01,Fixed-Wing,Piston
COUPE,JC-02,JC02,Fixed-Wing,Piston
COUPE,JC-200,JC02,Fixed-Wing,Piston
CRAE,Dragon Fly,DRAG,Helicopter,Piston
CRAIOVA,IAR-99 Soim,IR99,Fixed-Wing,Jet
CRAIOVA,Soim,IR99,Fixed-Wing,Jet
CRANFIELD,A-1 Eagle,CRA1,Fixed-Wing,Piston
CRANFIELD,Eagle,CRA1,Fixed-Wing,Piston
CREATIVE FLIGHT,Aerocat SR,CAT1,Fixed-Wing,Piston
CREATIVE FLIGHT,Aerocat TR,CAT2,Fixed-Wing,Piston
CREATIVE FLIGHT,MPA Aerocat SR,CAT1,Fixed-Wing,Piston
CREATIVE FLIGHT,MPA Aerocat TR,CAT2,Fixed-Wing,Piston
CROSES,Criquet,EC6,Fixed-Wing,Piston
CROSES,EC-6 Criquet,EC6,Fixed-Wing,Piston
CROSES,EC-8 Tourisme,EC6,Fixed-Wing,Piston
CROSES,Tourisme,EC6,Fixed-Wing,Piston
CSA,PS-28 Cruiser,CRUZ,Fixed-Wing,Piston
CSA,Cruiser,CRUZ,Fixed-Wing,Piston
CSA,SportCruiser,CRUZ,Fixed-Wing,Piston
CSA,Mermaid,MRMD,Amphibian,Piston
CSA,Parrot,PROT,Fixed-Wing,Piston
CSA,PiperSport,CRUZ,Fixed-Wing,Piston
CSS,CSS-13,PO2,Fixed-Wing,Piston
CTRM,Eagle 150,EAGX,Fixed-Wing,Piston
CUB,Cub,J3,Fixed-Wing,Piston
CUB,J-3 Cub,J3,Fixed-Wing,Piston
CUB,J-3 Prospector,J3,Fixed-Wing,Piston
CUB,Prospector,J3,Fixed-Wing,Piston
CUB CRAFTERS,CC-11 Sport Cub,PA11,Fixed-Wing,Piston
CUB CRAFTERS,CC-18 Top Cub,PA18,Fixed-Wing,Piston
CUB CRAFTERS,PA-18 Top Cub,PA18,Fixed-Wing,Piston
CUB CRAFTERS,Sport Cub,PA11,Fixed-Wing,Piston
CUB CRAFTERS,Top Cub,PA18,Fixed-Wing,Piston
CUB CRAFTERS,CC-11 Carbon Cub,PA11,Fixed-Wing,Piston
CUB CRAFTERS,Carbon Cub,PA11,Fixed-Wing,Piston
CUB CRAFTERS,CC-19 XCub,CC19,Fixed-Wing,Piston
CUB CRAFTERS,XCub,CC19,Fixed-Wing,Piston
CUB CRAFTERS,CC-19 NXCub,CC19,Fixed-Wing,Piston
CUB CRAFTERS,NXCub,CC19,Fixed-Wing,Piston
CULP,MonoCulp,MOCU,Fixed-Wing,Piston
CULP,Sopwith Pup,CPUP,Fixed-Wing,Piston
CULP,Special,CULP,Fixed-Wing,Piston
CULVER,Cadet,CUCA,Fixed-Wing,Piston
CULVER,Dart G,DRTG,Fixed-Wing,Piston
CULVER,Dart GK,DRTG,Fixed-Wing,Piston
CULVER,Dart GW,DRTG,Fixed-Wing,Piston
CULVER,LAR Cadet,CUCA,Fixed-Wing,Piston
CULVER,LCA Cadet,CUCA,Fixed-Wing,Piston
CULVER,LFA Cadet,CUCA,Fixed-Wing,Piston
CULVER,PQ-8 Cadet,CUCA,Fixed-Wing,Piston
CULVER,PQ-14 Cadet,CUCA,Fixed-Wing,Piston
CULVER,V,CULV,Fixed-Wing,Piston
CURTISS,C-46 Commando,C46,Fixed-Wing,Piston
CURTISS,Commando,C46,Fixed-Wing,Piston
CURTISS,CW-20 Commando,C46,Fixed-Wing,Piston
CURTISS,Kittyhawk,P40,Fixed-Wing,Piston
CURTISS,P-40 Warhawk,P40,Fixed-Wing,Piston
CURTISS,TP-40 Warhawk,P40,Fixed-Wing,Piston
CURTISS,Warhawk,P40,Fixed-Wing,Piston
CURTISS,50 Robin,CRBN,Fixed-Wing,Piston
CURTISS,Robin,CRBN,Fixed-Wing,Piston
CURTISS,P-40 Kittyhawk,P40,Fixed-Wing,Piston
CURTISS,P-40 Tomahawk,P40,Fixed-Wing,Piston
CURTISS,Tomahawk,P40,Fixed-Wing,Piston
CURTISS-ROBERTSON,50 Robin,CRBN,Fixed-Wing,Piston
CURTISS-ROBERTSON,Robin,CRBN,Fixed-Wing,Piston
CUSTOM FLIGHT,Bright Star,BSTR,Fixed-Wing,Piston
CUSTOM FLIGHT,Lite Star,LSTR,Fixed-Wing,Piston
CUSTOM FLIGHT,North Star,NSTR,Fixed-Wing,Piston
CVJETKOVIC,CA-61 Mini Ace,CA61,Fixed-Wing,Piston
CVJETKOVIC,CA-65 Skyfly,CA65,Fixed-Wing,Piston
CVJETKOVIC,Mini Ace,CA61,Fixed-Wing,Piston
CVJETKOVIC,Skyfly,CA65,Fixed-Wing,Piston
CZAW,CH-601 Zodiac,CH60,Fixed-Wing,Piston
CZAW,CH-701 Stol,CH70,Fixed-Wing,Piston
CZAW,CH-801 Stol,CH80,Fixed-Wing,Piston
CZAW,Mermaid,MRMD,Amphibian,Piston
CZAW,Parrot,PROT,Fixed-Wing,Piston
CZAW,SportCruiser,CRUZ,Fixed-Wing,Piston
CZAW,Stol (CH-701),CH70,Fixed-Wing,Piston
CZAW,Stol (CH-801),CH80,Fixed-Wing,Piston
CZAW,Zodiac,CH60,Fixed-Wing,Piston
D'APUZZO,D-201 Sportwing,D201,Fixed-Wing,Piston
D'APUZZO,D-260 Senior Aero Sport,SRAS,Fixed-Wing,Piston
D'APUZZO,D-295 Senior Aero Sport,SRAS,Fixed-Wing,Piston
D'APUZZO,PJ-260 Senior Aero Sport,SRAS,Fixed-Wing,Piston
D'APUZZO,Senior Aero Sport,SRAS,Fixed-Wing,Piston
D'APUZZO,Sportwing,D201,Fixed-Wing,Piston
DAC,RangeR,RNGR,Fixed-Wing,Piston
DAEWOO,KT-1 Woong-Bee,KT1,Fixed-Wing,Turboprop/Turboshaft
DAEWOO,KTX-1 Woong-Bee,KT1,Fixed-Wing,Turboprop/Turboshaft
DAEWOO,Woong-Bee,KT1,Fixed-Wing,Turboprop/Turboshaft
DAHER,TBM-700N (TBM-930),TBM9,Fixed-Wing,Turboprop/Turboshaft
DAHER,TBM-930,TBM9,Fixed-Wing,Turboprop/Turboshaft
DAHER,TBM-700N (TBM-910),TBM9,Fixed-Wing,Turboprop/Turboshaft
DAHER,TBM-910,TBM9,Fixed-Wing,Turboprop/Turboshaft
DAHER,TBM-940,TBM9,Fixed-Wing,Turboprop/Turboshaft
DAHER,TBM-700N (TBM-940),TBM9,Fixed-Wing,Turboprop/Turboshaft
DAHER,Kodiak 100,K100,Fixed-Wing,Turboprop/Turboshaft
DAHER,Kodiak 200,K200,Fixed-Wing,Turboprop/Turboshaft
DALLACH,D-4 Fascination,DAL4,Fixed-Wing,Piston
DALLACH,D-5 Evolution,DAL5,Fixed-Wing,Piston
DALLACH,Evolution,DAL5,Fixed-Wing,Piston
DALLACH,Fascination,DAL4,Fixed-Wing,Piston
DALLAIR,FR-01 Snap,SNAP,Fixed-Wing,Piston
DALLAIR,FR-100 Snap,SNAP,Fixed-Wing,Piston
DALLAIR,Snap,SNAP,Fixed-Wing,Piston
DAMOURE-FABRE,DFL-6 Saphir,DFL6,Fixed-Wing,Piston
DAMOURE-FABRE,Saphir,DFL6,Fixed-Wing,Piston
DART,G,DRTG,Fixed-Wing,Piston
DART,GK,DRTG,Fixed-Wing,Piston
DART,GW,DRTG,Fixed-Wing,Piston
DASA,Eurofighter 2000,EUFI,Fixed-Wing,Jet
DASA,Typhoon,EUFI,Fixed-Wing,Jet
DASSAULT,1150 Atlantic,ATLA,Fixed-Wing,Turboprop/Turboshaft
DASSAULT,Atlantic,ATLA,Fixed-Wing,Turboprop/Turboshaft
DASSAULT,Atlantique 2,ATLA,Fixed-Wing,Turboprop/Turboshaft
DASSAULT,Etendard 4,ETAR,Fixed-Wing,Jet
DASSAULT,F-103 Mirage 3,MIRA,Fixed-Wing,Jet
DASSAULT,Falcon 7X,FA7X,Fixed-Wing,Jet
DASSAULT,Falcon 10,FA10,Fixed-Wing,Jet
DASSAULT,Falcon 20,FA20,Fixed-Wing,Jet
DASSAULT,Falcon 50,FA50,Fixed-Wing,Jet
DASSAULT,Falcon 100,FA10,Fixed-Wing,Jet
DASSAULT,Falcon 200,FA20,Fixed-Wing,Jet
DASSAULT,Falcon 900,F900,Fixed-Wing,Jet
DASSAULT,Falcon 2000,F2TH,Fixed-Wing,Jet
DASSAULT,Flamant,FLAM,Fixed-Wing,Piston
DASSAULT,Gardian,FA20,Fixed-Wing,Jet
DASSAULT,Guardian,FA20,Fixed-Wing,Jet
DASSAULT,HU-25 Guardian,FA20,Fixed-Wing,Jet
DASSAULT,MD-311 Flamant,FLAM,Fixed-Wing,Piston
DASSAULT,MD-312 Flamant,FLAM,Fixed-Wing,Piston
DASSAULT,MD-454A Mystère 4A,MYS4,Fixed-Wing,Jet
DASSAULT,Mirage 3,MIRA,Fixed-Wing,Jet
DASSAULT,Mirage 5,MIRA,Fixed-Wing,Jet
DASSAULT,Mirage 50,MIRA,Fixed-Wing,Jet
DASSAULT,Mirage 2000,MIR2,Fixed-Wing,Jet
DASSAULT,Mirage F1,MRF1,Fixed-Wing,Jet
DASSAULT,Mystère 4A,MYS4,Fixed-Wing,Jet
DASSAULT,Mystère 10,FA10,Fixed-Wing,Jet
DASSAULT,Mystère 20,FA20,Fixed-Wing,Jet
DASSAULT,Mystère 50,FA50,Fixed-Wing,Jet
DASSAULT,Mystère 100,FA10,Fixed-Wing,Jet
DASSAULT,Mystère 200,FA20,Fixed-Wing,Jet
DASSAULT,Mystère 900,F900,Fixed-Wing,Jet
DASSAULT,Rafale,RFAL,Fixed-Wing,Jet
DASSAULT,Super Etendard,ETAR,Fixed-Wing,Jet
DASSAULT,Super Mystère B2,SMB2,Fixed-Wing,Jet
DASSAULT,Vajra,MIR2,Fixed-Wing,Jet
DASSAULT,Falcon 8X,FA8X,Fixed-Wing,Jet
DASSAULT,Falcon 6X,FA6X,Fixed-Wing,Jet
DASSAULT-DORNIER,Alpha Jet,AJET,Fixed-Wing,Jet
DATWYLER,MD-3 Swiss Trainer,MD3,Fixed-Wing,Piston
DATWYLER,Swiss Trainer,MD3,Fixed-Wing,Piston
DAVIS,DA-2,DA2,Fixed-Wing,Piston
DAVIS,DA-5,DA5,Fixed-Wing,Piston
DE HAVILLAND,Chipmunk,DHC1,Fixed-Wing,Piston
DE HAVILLAND,Comet Replica,DH88,Fixed-Wing,Piston
DE HAVILLAND,Devon,DOVE,Fixed-Wing,Piston
DE HAVILLAND,DH-60 Moth,DH60,Fixed-Wing,Piston
DE HAVILLAND,DH-60 Moth Major,DH60,Fixed-Wing,Piston
DE HAVILLAND,DH-80 Puss Moth,DH80,Fixed-Wing,Piston
DE HAVILLAND,DH-82 Queen Bee,DH82,Fixed-Wing,Piston
DE HAVILLAND,DH-82 Tiger Moth,DH82,Fixed-Wing,Piston
DE HAVILLAND,DH-83 Fox Moth,DH83,Fixed-Wing,Piston
DE HAVILLAND,DH-85 Leopard Moth,DH85,Fixed-Wing,Piston
DE HAVILLAND,DH-87 Hornet Moth,DH87,Fixed-Wing,Piston
DE HAVILLAND,DH-88 Comet Replica,DH88,Fixed-Wing,Piston
DE HAVILLAND,DH-89 Dragon Rapide,DH89,Fixed-Wing,Piston
DE HAVILLAND,DH-90 Dragonfly,DH90,Fixed-Wing,Piston
DE HAVILLAND,DH-94 Moth Minor,DH94,Fixed-Wing,Piston
DE HAVILLAND,DH-98 Mosquito,MOSQ,Fixed-Wing,Piston
DE HAVILLAND,DH-100 Vampire,VAMP,Fixed-Wing,Jet
DE HAVILLAND,DH-104 Dove,DOVE,Fixed-Wing,Piston
DE HAVILLAND,DH-112 Venom,VNOM,Fixed-Wing,Jet
DE HAVILLAND,DH-114 Heron,HERN,Fixed-Wing,Piston
DE HAVILLAND,DH-115 Vampire,VAMP,Fixed-Wing,Jet
DE HAVILLAND,DH-125,H25A,Fixed-Wing,Jet
DE HAVILLAND,DHC-1 Chipmunk,DHC1,Fixed-Wing,Piston
DE HAVILLAND,Dove,DOVE,Fixed-Wing,Piston
DE HAVILLAND,Dragon Rapide,DH89,Fixed-Wing,Piston
DE HAVILLAND,Dragonfly,DH90,Fixed-Wing,Piston
DE HAVILLAND,Fox Moth,DH83,Fixed-Wing,Piston
DE HAVILLAND,Heron,HERN,Fixed-Wing,Piston
DE HAVILLAND,Hornet Moth,DH87,Fixed-Wing,Piston
DE HAVILLAND,Leopard Moth,DH85,Fixed-Wing,Piston
DE HAVILLAND,Mosquito,MOSQ,Fixed-Wing,Piston
DE HAVILLAND,Moth,DH60,Fixed-Wing,Piston
DE HAVILLAND,Moth Major,DH60,Fixed-Wing,Piston
DE HAVILLAND,Moth Minor,DH94,Fixed-Wing,Piston
DE HAVILLAND,Puss Moth,DH80,Fixed-Wing,Piston
DE HAVILLAND,Queen Bee,DH82,Fixed-Wing,Piston
DE HAVILLAND,Sea Devon,DOVE,Fixed-Wing,Piston
DE HAVILLAND,Tiger Moth,DH82,Fixed-Wing,Piston
DE HAVILLAND,Vampire,VAMP,Fixed-Wing,Jet
DE HAVILLAND,Venom,VNOM,Fixed-Wing,Jet
DE HAVILLAND,DH-84 Dragon,DH84,Fixed-Wing,Piston
DE HAVILLAND,Dragon,DH84,Fixed-Wing,Piston
DE HAVILLAND AUSTRALIA,DH-84 Dragon,DH84,Fixed-Wing,Piston
DE HAVILLAND AUSTRALIA,Dragon,DH84,Fixed-Wing,Piston
DE HAVILLAND AUSTRALIA,DH-60 Moth,DH60,Fixed-Wing,Piston
DE HAVILLAND AUSTRALIA,DH-82 Tiger Moth,DH82,Fixed-Wing,Piston
DE HAVILLAND AUSTRALIA,DHA-3 Drover,DHA3,Fixed-Wing,Piston
DE HAVILLAND AUSTRALIA,Drover,DHA3,Fixed-Wing,Piston
DE HAVILLAND AUSTRALIA,Moth,DH60,Fixed-Wing,Piston
DE HAVILLAND AUSTRALIA,Tiger Moth,DH82,Fixed-Wing,Piston
DE HAVILLAND CANADA,Beaver,DHC2,Fixed-Wing,Piston
DE HAVILLAND CANADA,Buffalo,DHC5,Fixed-Wing,Turboprop/Turboshaft
DE HAVILLAND CANADA,C-7 Caribou,DHC4,Fixed-Wing,Piston
DE HAVILLAND CANADA,C-8 Buffalo,DHC5,Fixed-Wing,Turboprop/Turboshaft
DE HAVILLAND CANADA,C-115 Buffalo,DHC5,Fixed-Wing,Turboprop/Turboshaft
DE HAVILLAND CANADA,Caribou,DHC4,Fixed-Wing,Piston
DE HAVILLAND CANADA,CC-115 Buffalo,DHC5,Fixed-Wing,Turboprop/Turboshaft
DE HAVILLAND CANADA,CC-138 Twin Otter,DHC6,Fixed-Wing,Turboprop/Turboshaft
DE HAVILLAND CANADA,CC-142 Dash 8,DH8A,Fixed-Wing,Turboprop/Turboshaft
DE HAVILLAND CANADA,Chipmunk,DHC1,Fixed-Wing,Piston
DE HAVILLAND CANADA,CS2F Tracker,S2P,Fixed-Wing,Piston
DE HAVILLAND CANADA,CT-142 Dash 8,DH8A,Fixed-Wing,Turboprop/Turboshaft
DE HAVILLAND CANADA,CV-2 Caribou,DHC4,Fixed-Wing,Piston
DE HAVILLAND CANADA,CV-7 Buffalo,DHC5,Fixed-Wing,Turboprop/Turboshaft
DE HAVILLAND CANADA,Dash 7,DHC7,Fixed-Wing,Turboprop/Turboshaft
DE HAVILLAND CANADA,Dash 8 (100),DH8A,Fixed-Wing,Turboprop/Turboshaft
DE HAVILLAND CANADA,Dash 8 (200),DH8B,Fixed-Wing,Turboprop/Turboshaft
DE HAVILLAND CANADA,Dash 8 (300),DH8C,Fixed-Wing,Turboprop/Turboshaft
DE HAVILLAND CANADA,Dash 8 (400),DH8D,Fixed-Wing,Turboprop/Turboshaft
DE HAVILLAND CANADA,DH-82 Tiger Moth,DH82,Fixed-Wing,Piston
DE HAVILLAND CANADA,DHC-1 Chipmunk,DHC1,Fixed-Wing,Piston
DE HAVILLAND CANADA,DHC-2 Mk1 Beaver,DHC2,Fixed-Wing,Piston
DE HAVILLAND CANADA,DHC-2 Mk3 Turbo Beaver,DH2T,Fixed-Wing,Turboprop/Turboshaft
DE HAVILLAND CANADA,DHC-3 Otter,DHC3,Fixed-Wing,Piston
DE HAVILLAND CANADA,DHC-3 Turbo Otter,DH3T,Fixed-Wing,Turboprop/Turboshaft
DE HAVILLAND CANADA,DHC-4 Caribou,DHC4,Fixed-Wing,Piston
DE HAVILLAND CANADA,DHC-5 Buffalo,DHC5,Fixed-Wing,Turboprop/Turboshaft
DE HAVILLAND CANADA,DHC-6 Twin Otter,DHC6,Fixed-Wing,Turboprop/Turboshaft
DE HAVILLAND CANADA,DHC-7 Dash 7,DHC7,Fixed-Wing,Turboprop/Turboshaft
DE HAVILLAND CANADA,DHC-8-100 Dash 8,DH8A,Fixed-Wing,Turboprop/Turboshaft
DE HAVILLAND CANADA,DHC-8-200 Dash 8,DH8B,Fixed-Wing,Turboprop/Turboshaft
DE HAVILLAND CANADA,DHC-8-300 Dash 8,DH8C,Fixed-Wing,Turboprop/Turboshaft
DE HAVILLAND CANADA,DHC-8-400 Dash 8,DH8D,Fixed-Wing,Turboprop/Turboshaft
DE HAVILLAND CANADA,E-9 Dash 8,DH8A,Fixed-Wing,Turboprop/Turboshaft
DE HAVILLAND CANADA,EO-5 Dash 7,DHC7,Fixed-Wing,Turboprop/Turboshaft
DE HAVILLAND CANADA,L-20 Beaver,DHC2,Fixed-Wing,Piston
DE HAVILLAND CANADA,NU-1 Otter,DHC3,Fixed-Wing,Piston
DE HAVILLAND CANADA,O-5 Dash 7,DHC7,Fixed-Wing,Turboprop/Turboshaft
DE HAVILLAND CANADA,Otter,DHC3,Fixed-Wing,Piston
DE HAVILLAND CANADA,RC-7 Dash 7,DHC7,Fixed-Wing,Turboprop/Turboshaft
DE HAVILLAND CANADA,S-2 Tracker,S2P,Fixed-Wing,Piston
DE HAVILLAND CANADA,Tiger Moth,DH82,Fixed-Wing,Piston
DE HAVILLAND CANADA,Tracker,S2P,Fixed-Wing,Piston
DE HAVILLAND CANADA,Turbo Beaver,DH2T,Fixed-Wing,Turboprop/Turboshaft
DE HAVILLAND CANADA,Turbo Otter,DH3T,Fixed-Wing,Turboprop/Turboshaft
DE HAVILLAND CANADA,Twin Otter,DHC6,Fixed-Wing,Turboprop/Turboshaft
DE HAVILLAND CANADA,U-1 Otter,DHC3,Fixed-Wing,Piston
DE HAVILLAND CANADA,U-6 Beaver,DHC2,Fixed-Wing,Piston
DE HAVILLAND CANADA,UC Otter,DHC3,Fixed-Wing,Piston
DE HAVILLAND CANADA,UV-18 Twin Otter,DHC6,Fixed-Wing,Turboprop/Turboshaft
DE HAVILLAND CANADA,DHC-4 Turbo Caribou,DH4T,Fixed-Wing,Turboprop/Turboshaft
DE HAVILLAND CANADA,Turbo Caribou,DH4T,Fixed-Wing,Turboprop/Turboshaft
DE SCHELDE,91 Safir,SB91,Fixed-Wing,Piston
DE SCHELDE,Safir,SB91,Fixed-Wing,Piston
DE SCHELDE,Sk50 Safir,SB91,Fixed-Wing,Piston
DEAN-WILSON,Whitney Boomerang,WBOO,Fixed-Wing,Piston
DEAN-WILSON,DW-200 Whitney Boomerang,WBOO,Fixed-Wing,Piston
DEBORDE-ROLLAND,Cobra,COBR,Fixed-Wing,Piston
DELISLE,Cadi,CAD2,Fixed-Wing,Piston
DENEL,A-109,A109,Helicopter,Turboprop/Turboshaft
DENEL,A-119 Koala,A119,Helicopter,Turboprop/Turboshaft
DENEL,AH-2 Rooivalk,RVAL,Helicopter,Turboprop/Turboshaft
DENEL,Astra,PC7,Fixed-Wing,Turboprop/Turboshaft
DENEL,CSH-2 Rooivalk,RVAL,Helicopter,Turboprop/Turboshaft
DENEL,Hawk,HAWK,Fixed-Wing,Jet
DENEL,Koala,A119,Helicopter,Turboprop/Turboshaft
DENEL,PC-7 Astra,PC7,Fixed-Wing,Turboprop/Turboshaft
DENEL,Rooivalk,RVAL,Helicopter,Turboprop/Turboshaft
DENIZE,D-112,D11,Fixed-Wing,Piston
DENIZE,Raid Driver,RD20,Fixed-Wing,Piston
DENIZE,RD-20 Raid Driver,RD20,Fixed-Wing,Piston
DENIZE,RD-205 Raid Driver,RD20,Fixed-Wing,Piston
DENNEY,Kitfox,FOX,Fixed-Wing,Piston
DERAZONA,CH-601 Zodiac,CH60,Fixed-Wing,Piston
DERAZONA,Zodiac,CH60,Fixed-Wing,Piston
DERRINGER,New Derringer,D1,Fixed-Wing,Piston
DESJARDINS,D-01 Ibis,D11,Fixed-Wing,Piston
DESJARDINS,Ibis,D11,Fixed-Wing,Piston
DEWOITINE,D-26,DWD2,Fixed-Wing,Piston
DEWOITINE,D-27,DWD2,Fixed-Wing,Piston
DF HELICOPTERS,Dragon,DRAG,Helicopter,Piston
DG FLUGZEUGBAU,DG-800,DG80,Fixed-Wing,Piston
DG FLUGZEUGBAU,DG-1000T,DG1T,Fixed-Wing,Piston
DG FLUGZEUGBAU,LS-10ST,LS10,Fixed-Wing,Piston
DG FLUGZEUGBAU,LS-8ST,LS8,Fixed-Wing,Piston
DG FLUGZEUGBAU,DG-1000M,DG1T,Fixed-Wing,Piston
DG FLUGZEUGBAU,DG-1001M,DG1T,Fixed-Wing,Piston
DG FLUGZEUGBAU,DG-1001T,DG1T,Fixed-Wing,Piston
DIAMOND,DART-450,DT45,Fixed-Wing,Turboprop/Turboshaft
DIAMOND,DART-550,DT45,Fixed-Wing,Turboprop/Turboshaft
DIAMOND,DA-40 Club Star,DA40,Fixed-Wing,Piston
DIAMOND,DA-40 Tundra Star,DA40,Fixed-Wing,Piston
DIAMOND,DA-42 Guardian,DA42,Fixed-Wing,Piston
DIAMOND,DA-36 E-Star,DA36,Fixed-Wing,Electric
DIAMOND,Club Star,DA40,Fixed-Wing,Piston
DIAMOND,Tundra Star,DA40,Fixed-Wing,Piston
DIAMOND,Guardian,DA42,Fixed-Wing,Piston
DIAMOND,DJ-1 D-Jet,DJET,Fixed-Wing,Jet
DIAMOND,DA-50 Magnum,DA50,Fixed-Wing,Piston
DIAMOND,Magnum,DA50,Fixed-Wing,Piston
DIAMOND,DA-42 Twin Turbo,DA42,Fixed-Wing,Piston
DIAMOND,Twin Turbo,DA42,Fixed-Wing,Piston
DIAMOND,DA-62,DA62,Fixed-Wing,Piston
DIAMOND,DA-20 Eclipse,DV20,Fixed-Wing,Piston
DIAMOND,DA-20 Evolution,DV20,Fixed-Wing,Piston
DIAMOND,DA-20 Falcon,DV20,Fixed-Wing,Piston
DIAMOND,DA-20 Katana,DV20,Fixed-Wing,Piston
DIAMOND,DA-22 Speed Katana,DV20,Fixed-Wing,Piston
DIAMOND,DA-40 Diamond Star,DA40,Fixed-Wing,Piston
DIAMOND,DA-40 Katana,DA40,Fixed-Wing,Piston
DIAMOND,DA-42 Twin Star,DA42,Fixed-Wing,Piston
DIAMOND,Diamond Star,DA40,Fixed-Wing,Piston
DIAMOND,D-Jet,DJET,Fixed-Wing,Jet
DIAMOND,DV-20 Katana,DV20,Fixed-Wing,Piston
DIAMOND,Eclipse,DV20,Fixed-Wing,Piston
DIAMOND,Eco Dimona,DIMO,Fixed-Wing,Piston
DIAMOND,Evolution,DV20,Fixed-Wing,Piston
DIAMOND,Falcon,DV20,Fixed-Wing,Piston
DIAMOND,HK-36 Eco Dimona,DIMO,Fixed-Wing,Piston
DIAMOND,HK-36 Katana Xtreme,DIMO,Fixed-Wing,Piston
DIAMOND,HK-36 MPX,DIMO,Fixed-Wing,Piston
DIAMOND,HK-36 Super Dimona,DIMO,Fixed-Wing,Piston
DIAMOND,HK-36 Turbo Xtreme,DIMO,Fixed-Wing,Piston
DIAMOND,HK-36 Xtreme,DIMO,Fixed-Wing,Piston
DIAMOND,Katana (DA-20/DV-20),DV20,Fixed-Wing,Piston
DIAMOND,Katana (DA-40),DA40,Fixed-Wing,Piston
DIAMOND,Katana Xtreme,DIMO,Fixed-Wing,Piston
DIAMOND,MPX,DIMO,Fixed-Wing,Piston
DIAMOND,Speed Katana,DV20,Fixed-Wing,Piston
DIAMOND,Super Dimona,DIMO,Fixed-Wing,Piston
DIAMOND,Turbo Xtreme,DIMO,Fixed-Wing,Piston
DIAMOND,SuperStar,DA50,Fixed-Wing,Piston
DIAMOND,DA-50 SuperStar,DA50,Fixed-Wing,Piston
DIAMOND,Twin Star,DA42,Fixed-Wing,Piston
DIAMOND,Xtreme,DIMO,Fixed-Wing,Piston
DICKEY,E-Racer,ERAC,Fixed-Wing,Piston
DIJKMAN-DULKES,Dijkhastar 3,DIJ3,Fixed-Wing,Piston
DIJKMAN-DULKES,Dijkhastar 4,DIJ4,Amphibian,Piston
DINFIA,A-182,C182,Fixed-Wing,Piston
DINFIA,Guarani 2,IA50,Fixed-Wing,Turboprop/Turboshaft
DINFIA,IA-46 Ranquel,IA46,Fixed-Wing,Piston
DINFIA,IA-46 Super Ranquel,IA46,Fixed-Wing,Piston
DINFIA,IA-50 Guarani 2,IA50,Fixed-Wing,Turboprop/Turboshaft
DINFIA,IA-51 Tehuelche,IA51,Fixed-Wing,Piston
DINFIA,Mentor,T34P,Fixed-Wing,Piston
DINFIA,MS-760 Paris,MS76,Fixed-Wing,Jet
DINFIA,Paris,MS76,Fixed-Wing,Jet
DINFIA,Ranquel,IA46,Fixed-Wing,Piston
DINFIA,Super Ranquel,IA46,Fixed-Wing,Piston
DINFIA,T-34 Mentor,T34P,Fixed-Wing,Piston
DINFIA,Tehuelche,IA51,Fixed-Wing,Piston
DIRECT FLY,Alto,ALTO,Fixed-Wing,Piston
DIRGANTARA,Aviocar,C212,Fixed-Wing,Turboprop/Turboshaft
DIRGANTARA,CN-235,CN35,Fixed-Wing,Turboprop/Turboshaft
DIRGANTARA,NAS-332 Super Puma,AS32,Helicopter,Turboprop/Turboshaft
DIRGANTARA,NBell-412,B412,Helicopter,Turboprop/Turboshaft
DIRGANTARA,NBO-105,B105,Helicopter,Turboprop/Turboshaft
DIRGANTARA,NC-212 Aviocar,C212,Fixed-Wing,Turboprop/Turboshaft
DIRGANTARA,Super Puma,AS32,Helicopter,Turboprop/Turboshaft
DISCOVERY,XL-2,XL2,Fixed-Wing,Piston
DISTAR,UFM-10 Samba,UF10,Fixed-Wing,Piston
DISTAR,Samba,UF10,Fixed-Wing,Piston
DISTAR,UFM-13 Lambada,UF13,Fixed-Wing,Piston
DISTAR,Lambada,UF13,Fixed-Wing,Piston
DM AEROSPACE,T-211,T211,Fixed-Wing,Piston
DORNA,Blue Bird,D139,Fixed-Wing,Piston
DORNA,D-139 Blue Bird,D139,Fixed-Wing,Piston
DORNA,D-139 Free Bird,D139,Fixed-Wing,Piston
DORNA,Free Bird,D139,Fixed-Wing,Piston
DORNA,D-139 Parandeh Sefid,D139,Fixed-Wing,Piston
DORNA,Parandeh Sefid,D139,Fixed-Wing,Piston
DORNA,D-139 Parandeh Abi,D139,Fixed-Wing,Piston
DORNA,Parandeh Abi,D139,Fixed-Wing,Piston
DORNIER,S-Ray 007,SRAY,Amphibian,Piston
DORNIER,C-146 Wolfhound,D328,Fixed-Wing,Turboprop/Turboshaft
DORNIER,Wolfhound,D328,Fixed-Wing,Turboprop/Turboshaft
DORNIER,Lerche,BU31,Fixed-Wing,Piston
DORNIER,Skyservant,D28D,Fixed-Wing,Piston
DORNIER,Turbo Skyservant,D28T,Fixed-Wing,Turboprop/Turboshaft
DORNIER,UH-1,UH1,Helicopter,Turboprop/Turboshaft
DORNIER,128-2 Skyservant,D28D,Fixed-Wing,Piston
DORNIER,128-6 Turbo Skyservant,D28T,Fixed-Wing,Turboprop/Turboshaft
DORNIER,228,D228,Fixed-Wing,Turboprop/Turboshaft
DORNIER,328,D328,Fixed-Wing,Turboprop/Turboshaft
DORNIER,Agur,DO28,Fixed-Wing,Piston
DORNIER,Do-27,DO27,Fixed-Wing,Piston
DORNIER,Do-28A,DO28,Fixed-Wing,Piston
DORNIER,Do-28B,DO28,Fixed-Wing,Piston
DORNIER,Do-28B Agur,DO28,Fixed-Wing,Piston
DORNIER,Do-28D-1 Skyservant,D28D,Fixed-Wing,Piston
DORNIER,Do-28D-2 Skyservant,D28D,Fixed-Wing,Piston
DORNIER,Do-28D-6 Turbo Skyservant,D28T,Fixed-Wing,Turboprop/Turboshaft
DORNIER,Do-28D Skyservant,D28D,Fixed-Wing,Piston
DORNIER,DoBü-131 Jungmann,BU31,Fixed-Wing,Piston
DORNIER,DoBü-131 Lerche,BU31,Fixed-Wing,Piston
DORNIER,DoBü-133 Jungmeister,BU33,Fixed-Wing,Piston
DORNIER,DoBüAPM-131 Jungmann,BU31,Fixed-Wing,Piston
DORNIER,DoBü-R170 Jungmann,BU31,Fixed-Wing,Piston
DORNIER,Fpl53,DO27,Fixed-Wing,Piston
DORNIER,Jungmann,BU31,Fixed-Wing,Piston
DORNIER,Jungmeister,BU33,Fixed-Wing,Piston
DOUGLAS,A-3 Skywarrior,A3,Fixed-Wing,Jet
DOUGLAS,A-4 Skyhawk,A4,Fixed-Wing,Jet
DOUGLAS,A-20 Havoc,A20,Fixed-Wing,Piston
DOUGLAS,A-24 Dauntless,SBD,Fixed-Wing,Piston
DOUGLAS,A-26 Invader,B26,Fixed-Wing,Piston
DOUGLAS,AC-47 Skytrain,DC3,Fixed-Wing,Piston
DOUGLAS,AD Skyraider,A1,Fixed-Wing,Piston
DOUGLAS,B-23 Dragon,B23,Fixed-Wing,Piston
DOUGLAS,B-26 Invader,B26,Fixed-Wing,Piston
DOUGLAS,C-41,DC3,Fixed-Wing,Piston
DOUGLAS,C-47 Skytrain,DC3,Fixed-Wing,Piston
DOUGLAS,C-47A Skytrain,DC3,Fixed-Wing,Piston
DOUGLAS,C-47B Skytrain,DC3,Fixed-Wing,Piston
DOUGLAS,C-47D Skytrain,DC3,Fixed-Wing,Piston
DOUGLAS,C-47H Skytrain,DC3,Fixed-Wing,Piston
DOUGLAS,C-47J Skytrain,DC3,Fixed-Wing,Piston
DOUGLAS,C-53 Skytrooper,DC3,Fixed-Wing,Piston
DOUGLAS,C-54 Skymaster,DC4,Fixed-Wing,Piston
DOUGLAS,C-117A Skytrooper,DC3,Fixed-Wing,Piston
DOUGLAS,C-117B Skytrooper,DC3,Fixed-Wing,Piston
DOUGLAS,C-117C Skytrooper,DC3,Fixed-Wing,Piston
DOUGLAS,C-117D,DC3S,Fixed-Wing,Piston
DOUGLAS,C-118 Liftmaster,DC6,Fixed-Wing,Piston
DOUGLAS,CB-26 Invader,B26,Fixed-Wing,Piston
DOUGLAS,Dakota,DC3,Fixed-Wing,Piston
DOUGLAS,Dauntless,SBD,Fixed-Wing,Piston
DOUGLAS,DC-2,DC2,Fixed-Wing,Piston
DOUGLAS,DC-3,DC3,Fixed-Wing,Piston
DOUGLAS,DC-3 (turbine),DC3T,Fixed-Wing,Turboprop/Turboshaft
DOUGLAS,DC-4,DC4,Fixed-Wing,Piston
DOUGLAS,DC-6,DC6,Fixed-Wing,Piston
DOUGLAS,DC-7,DC7,Fixed-Wing,Piston
DOUGLAS,DC-7 Seven Seas,DC7,Fixed-Wing,Piston
DOUGLAS,DC-8-50,DC85,Fixed-Wing,Jet
DOUGLAS,DC-8-50 Jet Trader,DC85,Fixed-Wing,Jet
DOUGLAS,DC-8-60,DC86,Fixed-Wing,Jet
DOUGLAS,DC-8-70,DC87,Fixed-Wing,Jet
DOUGLAS,DC-9-10,DC91,Fixed-Wing,Jet
DOUGLAS,DC-9-20,DC92,Fixed-Wing,Jet
DOUGLAS,DC-9-30,DC93,Fixed-Wing,Jet
DOUGLAS,DC-9-40,DC94,Fixed-Wing,Jet
DOUGLAS,DC-9-50,DC95,Fixed-Wing,Jet
DOUGLAS,Dragon,B23,Fixed-Wing,Piston
DOUGLAS,DST,DC3,Fixed-Wing,Piston
DOUGLAS,EA-1 Skyraider,A1,Fixed-Wing,Piston
DOUGLAS,EC-47 Skytrain,DC3,Fixed-Wing,Piston
DOUGLAS,EC-54 Skymaster,DC4,Fixed-Wing,Piston
DOUGLAS,ERA-3 Skywarrior,A3,Fixed-Wing,Jet
DOUGLAS,Havoc,A20,Fixed-Wing,Piston
DOUGLAS,HC-47 Skytrain,DC3,Fixed-Wing,Piston
DOUGLAS,HC-54 Skymaster,DC4,Fixed-Wing,Piston
DOUGLAS,Invader,B26,Fixed-Wing,Piston
DOUGLAS,Jet Trader,DC85,Fixed-Wing,Jet
DOUGLAS,LC-47 Skytrain,DC3,Fixed-Wing,Piston
DOUGLAS,LC-117,DC3S,Fixed-Wing,Piston
DOUGLAS,Liftmaster,DC6,Fixed-Wing,Piston
DOUGLAS,NRA-3 Skywarrior,A3,Fixed-Wing,Jet
DOUGLAS,R4D-1 Skytrain,DC3,Fixed-Wing,Piston
DOUGLAS,R4D-3 Skytrooper,DC3,Fixed-Wing,Piston
DOUGLAS,R4D-5 Skytrain,DC3,Fixed-Wing,Piston
DOUGLAS,R4D-6 Skytrain,DC3,Fixed-Wing,Piston
DOUGLAS,R4D-7 Skytrain,DC3,Fixed-Wing,Piston
DOUGLAS,R4D-8,DC3S,Fixed-Wing,Piston
DOUGLAS,R5D Skymaster,DC4,Fixed-Wing,Piston
DOUGLAS,R6D Liftmaster,DC6,Fixed-Wing,Piston
DOUGLAS,RB-26 Invader,B26,Fixed-Wing,Piston
DOUGLAS,RC-47 Skytrain,DC3,Fixed-Wing,Piston
DOUGLAS,SBD Dauntless,SBD,Fixed-Wing,Piston
DOUGLAS,Seven Seas,DC7,Fixed-Wing,Piston
DOUGLAS,Skyhawk,A4,Fixed-Wing,Jet
DOUGLAS,Skymaster,DC4,Fixed-Wing,Piston
DOUGLAS,Skyraider,A1,Fixed-Wing,Piston
DOUGLAS,Skytrain,DC3,Fixed-Wing,Piston
DOUGLAS,Skytrooper,DC3,Fixed-Wing,Piston
DOUGLAS,Skywarrior,A3,Fixed-Wing,Jet
DOUGLAS,Super DC-3,DC3S,Fixed-Wing,Piston
DOUGLAS,TA-3 Skywarrior,A3,Fixed-Wing,Jet
DOUGLAS,TA-4 Skyhawk,A4,Fixed-Wing,Jet
DOUGLAS,TB-26 Invader,B26,Fixed-Wing,Piston
DOUGLAS,TC-47 Skytrain,DC3,Fixed-Wing,Piston
DOUGLAS,TC-54 Skymaster,DC4,Fixed-Wing,Piston
DOUGLAS,TC-117,DC3S,Fixed-Wing,Piston
DOUGLAS,UB-26 Invader,B26,Fixed-Wing,Piston
DOUGLAS,UC-67 Dragon,B23,Fixed-Wing,Piston
DOUGLAS,VB-26 Invader,B26,Fixed-Wing,Piston
DOUGLAS,VC-47 Skytrain,DC3,Fixed-Wing,Piston
DOUGLAS,VC-54 Skymaster,DC4,Fixed-Wing,Piston
DOUGLAS,VC-117,DC3S,Fixed-Wing,Piston
DOUGLAS,VC-118 Liftmaster,DC6,Fixed-Wing,Piston
DOUGLAS,A-1 Skyraider,A1,Fixed-Wing,Piston
DOVA,DV-2 Infinity,DV2,Fixed-Wing,Piston
DOVA,Infinity,DV2,Fixed-Wing,Piston
DOVA,DV-1 Skylark,DV1,Fixed-Wing,Piston
DOVA,Skylark,DV1,Fixed-Wing,Piston
DOWNER,14 Bellanca 260,B14B,Fixed-Wing,Piston
DOWNER,14 Bellanca 260A,B14C,Fixed-Wing,Piston
DOWNER,14 Cruisemaster,B14A,Fixed-Wing,Piston
DOWNER,Bellanca 260,B14B,Fixed-Wing,Piston
DOWNER,Bellanca 260A,B14C,Fixed-Wing,Piston
DOWNER,Cruisemaster,B14A,Fixed-Wing,Piston
DRAGON FLY,Dragon Fly,DRAG,Helicopter,Piston
DREAM,Tundra,TNDR,Fixed-Wing,Piston
DRIGGS,Skylark,DSLK,Fixed-Wing,Piston
DRUINE,Condor,D6CR,Fixed-Wing,Piston
DRUINE,D-5 Turbi,D5TU,Fixed-Wing,Piston
DRUINE,D-31 Turbulent,D31,Fixed-Wing,Piston
DRUINE,D-60 Condor,D6CR,Fixed-Wing,Piston
DRUINE,D-61 Condor,D6CR,Fixed-Wing,Piston
DRUINE,D-62 Condor,D6CR,Fixed-Wing,Piston
DRUINE,Turbi,D5TU,Fixed-Wing,Piston
DRUINE,Turbulent,D31,Fixed-Wing,Piston
DUBNA,2 Osa,DUB2,Fixed-Wing,Piston
DUBNA,Osa,DUB2,Fixed-Wing,Piston
DURAND,Mk5,DUR5,Fixed-Wing,Piston
DURUBLE,Edelweiss,RD03,Fixed-Wing,Piston
DURUBLE,RD-03 Edelweiss,RD03,Fixed-Wing,Piston
DYKE,Delta,JD2,Fixed-Wing,Piston
DYKE,JD-2 Delta,JD2,Fixed-Wing,Piston
DYN'AERO,CR-100,CR10,Fixed-Wing,Piston
DYN'AERO,CR-110,CR10,Fixed-Wing,Piston
DYN'AERO,CR-120,CR10,Fixed-Wing,Piston
DYN'AERO,Lafayette 1 Sportster,MCR1,Fixed-Wing,Piston
DYN'AERO,Lafayette 2 Touring,MCR1,Fixed-Wing,Piston
DYN'AERO,Lafayette 4 Revolution,MCR4,Fixed-Wing,Piston
DYN'AERO,MCR-4,MCR4,Fixed-Wing,Piston
DYN'AERO,MCR-01,MCR1,Fixed-Wing,Piston
DYN'AERO,MCR-2,MCR4,Fixed-Wing,Piston
DYN'AERO,MCR-R180,MCRR,Fixed-Wing,Piston
DYN'AERO,Twin-R,TWIR,Fixed-Wing,Piston
DYNALI,H-2,DYH2,Helicopter,Piston
E & K,Kos,SBM3,Fixed-Wing,Piston
E & K,SBM-03 Kos,SBM3,Fixed-Wing,Piston
E-7 GROUP,E-7 Bush Hog,E7BH,Fixed-Wing,Piston
E-7 GROUP,Bush Hog,E7BH,Fixed-Wing,Piston
EAA,Acro-Sport 1,ACRO,Fixed-Wing,Piston
EAA,Acro-Sport 2,ACR2,Fixed-Wing,Piston
EAA,Biplane,BIPL,Fixed-Wing,Piston
EAA,Cougar,COUG,Fixed-Wing,Piston
EAA,Super Acro-Sport,ACRO,Fixed-Wing,Piston
EAC,D-127,D11,Fixed-Wing,Piston
EAC,D-128,D11,Fixed-Wing,Piston
EAGLE,DW-1 Eagle,DW1,Fixed-Wing,Piston
EAGLE,Eagle,DW1,Fixed-Wing,Piston
EAGLE AIRCRAFT,Eagle 100,EAGX,Fixed-Wing,Piston
EAGLE AIRCRAFT,Eagle 150,EAGX,Fixed-Wing,Piston
EAGLE AIRCRAFT,Eagle X-TS,EAGX,Fixed-Wing,Piston
EAGLE AVIATION,EA-100,MAGC,Fixed-Wing,Piston
EARLY BIRD,Spad 13 80%,ES13,Fixed-Wing,Piston
ECLIPSE,Eclipse 500,EA50,Fixed-Wing,Jet
ECLIPSE,Eclipse 400,EA40,Fixed-Wing,Jet
ECLIPSE,Eclipse 550,EA50,Fixed-Wing,Jet
ECTOR,L-19 Mountaineer,O1,Fixed-Wing,Piston
ECTOR,L-19 Super Mountaineer,O1,Fixed-Wing,Piston
ECTOR,Mountaineer,O1,Fixed-Wing,Piston
ECTOR,Super Mountaineer,O1,Fixed-Wing,Piston
EDGAR PERCIVAL,EP-9,EP9,Fixed-Wing,Piston
EDGLEY,EA-7 Optica,OPCA,Fixed-Wing,Piston
EDGLEY,Optica,OPCA,Fixed-Wing,Piston
EDRA,Paturi,PETR,Amphibian,Piston
EDRA,SeaStar,PETR,Amphibian,Piston
EDRA,Super Petrel,PETR,Amphibian,Piston
EGVOYAGER,VR-202,VR20,Fixed-Wing,Piston
EGVOYAGER,VR-203,VR20,Fixed-Wing,Piston
EHI,SH-101,EH10,Helicopter,Turboprop/Turboshaft
EHI,UH-101,EH10,Helicopter,Turboprop/Turboshaft
EHI,CH-149 Cormorant,EH10,Helicopter,Turboprop/Turboshaft
EHI,Cormorant,EH10,Helicopter,Turboprop/Turboshaft
EHI,EH-101,EH10,Helicopter,Turboprop/Turboshaft
EHI,Merlin,EH10,Helicopter,Turboprop/Turboshaft
EHI,EH-101 Merlin,EH10,Helicopter,Turboprop/Turboshaft
EICH,Gyroplane,JE2,Gyrocopter,Piston
EICH,JE-2 Gyroplane,JE2,Gyrocopter,Piston
EIRI,PIK-20E,PK20,Fixed-Wing,Piston
EIS,RF-9,RF9,Fixed-Wing,Piston
EKOLOT,Beetle,JK05,Fixed-Wing,Piston
EKOLOT,JK-05 Beetle,JK05,Fixed-Wing,Piston
EKOLOT,JK-05 Pathmaker,JK05,Fixed-Wing,Piston
EKOLOT,Pathmaker,JK05,Fixed-Wing,Piston
EKOLOT,KR-030 Topaz,KR30,Fixed-Wing,Piston
EKOLOT,Topaz,KR30,Fixed-Wing,Piston
EKOLOT,JK-05 Junior,JK05,Fixed-Wing,Piston
EKOLOT,Junior,JK05,Fixed-Wing,Piston
EKW,C-3605,C365,Fixed-Wing,Turboprop/Turboshaft
EKW,D-26,DWD2,Fixed-Wing,Piston
EKW,D-27,DWD2,Fixed-Wing,Piston
ELA AVIACION,ELA-07,ELA7,Gyrocopter,Piston
ELA AVIACION,ELA-07 Cougar,ELA7,Gyrocopter,Piston
ELA AVIACION,Cougar,ELA7,Gyrocopter,Piston
ELA AVIACION,ELA-07 Scorpion,ELA7,Gyrocopter,Piston
ELA AVIACION,Scorpion,ELA7,Gyrocopter,Piston
ELA AVIACION,ELA-07 Agro,ELA7,Gyrocopter,Piston
ELA AVIACION,Agro,ELA7,Gyrocopter,Piston
ELA AVIACION,ELA-10 Eclipse,EL10,Gyrocopter,Piston
ELA AVIACION,Eclipse,EL10,Gyrocopter,Piston
ELA AVIACION,ELA-08,ELA7,Gyrocopter,Piston
ELA AVIACION,ELA-G8 Cruser,ELA7,Gyrocopter,Piston
ELA AVIACION,Cruser,ELA7,Gyrocopter,Piston
ELBIT,Hermes 900,HRM9,Fixed-Wing,Piston
ELBIT,Kochav,HRM9,Fixed-Wing,Piston
ELBIT,Lancer,MG21,Fixed-Wing,Jet
ELBIT,MiG-21 Lancer,MG21,Fixed-Wing,Jet
ELECTROFLIGHT,NXTE,NXTE,Fixed-Wing,Electric
ELITAR,Elitar,ELTR,Fixed-Wing,Piston
ELITAR,IE-101 Elitar,ELTR,Fixed-Wing,Piston
ELITAR,IE-202,EL20,Fixed-Wing,Piston
ELITAR,Sigma,SIGM,Fixed-Wing,Piston
ELIXIR,Elixir,LXR,Fixed-Wing,Piston
ELLISON-MAHON,Gweduck,GDUK,Amphibian,Piston
ELMWOOD,CA-05 Christavia Mk1,CHR1,Fixed-Wing,Piston
ELMWOOD,CH-8 Christavia Mk4,CHR4,Fixed-Wing,Piston
ELMWOOD,Christavia Mk1,CHR1,Fixed-Wing,Piston
ELMWOOD,Christavia Mk4,CHR4,Fixed-Wing,Piston
EMAIR,MA-1 Paymaster,MA1,Fixed-Wing,Piston
EMAIR,Paymaster,MA1,Fixed-Wing,Piston
EMBRAER,170,E170,Fixed-Wing,Jet
EMBRAER,190,E190,Fixed-Wing,Jet
EMBRAER,A-1,AMX,Fixed-Wing,Jet
EMBRAER,A-27 Tucano,TUCA,Fixed-Wing,Turboprop/Turboshaft
EMBRAER,A-29,E314,Fixed-Wing,Turboprop/Turboshaft
EMBRAER,ALX,E314,Fixed-Wing,Turboprop/Turboshaft
EMBRAER,AMX,AMX,Fixed-Wing,Jet
EMBRAER,AT-26 Xavante,M326,Fixed-Wing,Jet
EMBRAER,AT-29,E314,Fixed-Wing,Turboprop/Turboshaft
EMBRAER,Bandeirante,E110,Fixed-Wing,Turboprop/Turboshaft
EMBRAER,Bandeirulha,E110,Fixed-Wing,Turboprop/Turboshaft
EMBRAER,Brasilia,E120,Fixed-Wing,Turboprop/Turboshaft
EMBRAER,C-95 Bandeirante,E110,Fixed-Wing,Turboprop/Turboshaft
EMBRAER,C-99,E145,Fixed-Wing,Jet
EMBRAER,Carioca,P28B,Fixed-Wing,Piston
EMBRAER,Carioquinha,P28A,Fixed-Wing,Piston
EMBRAER,Corisco,P28R,Fixed-Wing,Piston
EMBRAER,Corisco 2,P28T,Fixed-Wing,Piston
EMBRAER,EMB-550 Legacy 500,E550,Fixed-Wing,Jet
EMBRAER,U-19 Ipanema,IPAN,Fixed-Wing,Piston
EMBRAER,VC-97 Brasilia,E120,Fixed-Wing,Turboprop/Turboshaft
EMBRAER,VU-9 Xingu,E121,Fixed-Wing,Turboprop/Turboshaft
EMBRAER,Xavante,M326,Fixed-Wing,Jet
EMBRAER,Xingu,E121,Fixed-Wing,Turboprop/Turboshaft
EMBRAER,YA-29 Super Tucano,E314,Fixed-Wing,Turboprop/Turboshaft
EMBRAER,EMB-545 Legacy 450,E545,Fixed-Wing,Jet
EMBRAER,EMB-312H Super Tucano,E314,Fixed-Wing,Turboprop/Turboshaft
EMBRAER,EMB-314 ALX,E314,Fixed-Wing,Turboprop/Turboshaft
EMBRAER,EMB-314 Super Tucano,E314,Fixed-Wing,Turboprop/Turboshaft
EMBRAER,EMB-326 Xavante,M326,Fixed-Wing,Jet
EMBRAER,EMB-500 Phenom 100,E50P,Fixed-Wing,Jet
EMBRAER,EMB-710 Carioca,P28B,Fixed-Wing,Piston
EMBRAER,EMB-711B Corisco,P28R,Fixed-Wing,Piston
EMBRAER,EMB-711C Corisco,P28R,Fixed-Wing,Piston
EMBRAER,EMB-711T Corisco 2,P28T,Fixed-Wing,Piston
EMBRAER,EMB-712 Carioquinha,P28A,Fixed-Wing,Piston
EMBRAER,EMB-712 Tupi,P28A,Fixed-Wing,Piston
EMBRAER,EMB-720 Minuano,PA32,Fixed-Wing,Piston
EMBRAER,EMB-721 Sertanejo,P32R,Fixed-Wing,Piston
EMBRAER,EMB-810 Seneca,PA34,Fixed-Wing,Piston
EMBRAER,EMB-820 Navajo,PA31,Fixed-Wing,Piston
EMBRAER,ERJ-135,E135,Fixed-Wing,Jet
EMBRAER,ERJ-140,E135,Fixed-Wing,Jet
EMBRAER,ERJ-145EP,E145,Fixed-Wing,Jet
EMBRAER,ERJ-145ER,E145,Fixed-Wing,Jet
EMBRAER,ERJ-145EU,E145,Fixed-Wing,Jet
EMBRAER,ERJ-145LR,E145,Fixed-Wing,Jet
EMBRAER,ERJ-145LU,E145,Fixed-Wing,Jet
EMBRAER,ERJ-145MP,E145,Fixed-Wing,Jet
EMBRAER,ERJ-145XR,E45X,Fixed-Wing,Jet
EMBRAER,Ipanema,IPAN,Fixed-Wing,Piston
EMBRAER,Lance 2,P32T,Fixed-Wing,Piston
EMBRAER,Minuano,PA32,Fixed-Wing,Piston
EMBRAER,Navajo,PA31,Fixed-Wing,Piston
EMBRAER,P-95 Bandeirulha,E110,Fixed-Wing,Turboprop/Turboshaft
EMBRAER,PA-25 Pawnee,PA25,Fixed-Wing,Piston
EMBRAER,PA-32RT-300 Lance 2,P32T,Fixed-Wing,Piston
EMBRAER,Pawnee,PA25,Fixed-Wing,Piston
EMBRAER,Phenom 100,E50P,Fixed-Wing,Jet
EMBRAER,R-95 Bandeirante,E110,Fixed-Wing,Turboprop/Turboshaft
EMBRAER,R-99,E145,Fixed-Wing,Jet
EMBRAER,RT-26 Xavante,M326,Fixed-Wing,Jet
EMBRAER,SC-95 Bandeirante,E110,Fixed-Wing,Turboprop/Turboshaft
EMBRAER,Seneca,PA34,Fixed-Wing,Piston
EMBRAER,Sertanejo,P32R,Fixed-Wing,Piston
EMBRAER,Super Tucano,E314,Fixed-Wing,Turboprop/Turboshaft
EMBRAER,T-27 Tucano,TUCA,Fixed-Wing,Turboprop/Turboshaft
EMBRAER,Tucano,TUCA,Fixed-Wing,Turboprop/Turboshaft
EMBRAER,Tupi,P28A,Fixed-Wing,Piston
EMBRAER,U-7 Seneca,PA34,Fixed-Wing,Piston
EMBRAER,EC-9 Xingu,E121,Fixed-Wing,Turboprop/Turboshaft
EMBRAER,EC-95 Bandeirante,E110,Fixed-Wing,Turboprop/Turboshaft
EMBRAER,EMB-110 Bandeirante,E110,Fixed-Wing,Turboprop/Turboshaft
EMBRAER,EMB-111 Bandeirulha,E110,Fixed-Wing,Turboprop/Turboshaft
EMBRAER,EMB-120 Brasilia,E120,Fixed-Wing,Turboprop/Turboshaft
EMBRAER,EMB-121 Xingu,E121,Fixed-Wing,Turboprop/Turboshaft
EMBRAER,EMB-145EP,E145,Fixed-Wing,Jet
EMBRAER,EMB-145ER,E145,Fixed-Wing,Jet
EMBRAER,EMB-145EU,E145,Fixed-Wing,Jet
EMBRAER,EMB-145LR,E145,Fixed-Wing,Jet
EMBRAER,EMB-145LU,E145,Fixed-Wing,Jet
EMBRAER,EMB-145MP,E145,Fixed-Wing,Jet
EMBRAER,EMB-145MP/ASW,E145,Fixed-Wing,Jet
EMBRAER,EMB-145RS,E145,Fixed-Wing,Jet
EMBRAER,EMB-145SA,E145,Fixed-Wing,Jet
EMBRAER,EMB-145XR,E45X,Fixed-Wing,Jet
EMBRAER,EMB-200 Ipanema,IPAN,Fixed-Wing,Piston
EMBRAER,EMB-201 Ipanema,IPAN,Fixed-Wing,Piston
EMBRAER,EMB-202 Ipanema,IPAN,Fixed-Wing,Piston
EMBRAER,EMB-312 Tucano,TUCA,Fixed-Wing,Turboprop/Turboshaft
EMBRAER,EMB-312F Tucano,TUCA,Fixed-Wing,Turboprop/Turboshaft
EMBRAER,ERJ-170-100,E170,Fixed-Wing,Jet
EMBRAER,175 (short wing),E75S,Fixed-Wing,Jet
EMBRAER,175 (long wing),E75L,Fixed-Wing,Jet
EMBRAER,ERJ-170-200 (short wing),E75S,Fixed-Wing,Jet
EMBRAER,ERJ-170-200 (long wing),E75L,Fixed-Wing,Jet
EMBRAER,EMB-505 Phenom 300,E55P,Fixed-Wing,Jet
EMBRAER,Phenom 300,E55P,Fixed-Wing,Jet
EMBRAER,Lineage 1000,E190,Fixed-Wing,Jet
EMBRAER,ERJ-190 Lineage 1000,E190,Fixed-Wing,Jet
EMBRAER,EMB-135BJ Legacy,E35L,Fixed-Wing,Jet
EMBRAER,EMB-135BJ Legacy 600,E35L,Fixed-Wing,Jet
EMBRAER,EMB-135BJ Legacy 650,E35L,Fixed-Wing,Jet
EMBRAER,E-99,E145,Fixed-Wing,Jet
EMBRAER,VC-99A,E145,Fixed-Wing,Jet
EMBRAER,EMB-145AEW&C,E145,Fixed-Wing,Jet
EMBRAER,EMB-145SM,E145,Fixed-Wing,Jet
EMBRAER,VC-99C,E135,Fixed-Wing,Jet
EMBRAER,VC-99B Legacy,E35L,Fixed-Wing,Jet
EMBRAER,VC-99B Legacy 600,E35L,Fixed-Wing,Jet
EMBRAER,195,E195,Fixed-Wing,Jet
EMBRAER,ERJ-190-100,E190,Fixed-Wing,Jet
EMBRAER,ERJ-190-200,E195,Fixed-Wing,Jet
EMBRAER,EMB-135ER,E135,Fixed-Wing,Jet
EMBRAER,EMB-135KE,E135,Fixed-Wing,Jet
EMBRAER,EMB-135KL,E135,Fixed-Wing,Jet
EMBRAER,EMB-135LR,E135,Fixed-Wing,Jet
EMBRAER,Legacy 600,E35L,Fixed-Wing,Jet
EMBRAER,Legacy 650,E35L,Fixed-Wing,Jet
EMBRAER,EMB-203 Ipanema,IPAN,Fixed-Wing,Piston
EMBRAER,EMB-550 Praetor 600,E550,Fixed-Wing,Jet
EMBRAER,Praetor 600,E550,Fixed-Wing,Jet
EMBRAER,EMB-545 Praetor 500,E545,Fixed-Wing,Jet
EMBRAER,Praetor 500,E545,Fixed-Wing,Jet
EMBRAER,Legacy 450,E545,Fixed-Wing,Jet
EMBRAER,Legacy 500,E550,Fixed-Wing,Jet
EMBRAER,Legacy (EMB-135BJ),E35L,Fixed-Wing,Jet
EMBRAER,ERJ-190-300,E290,Fixed-Wing,Jet
EMBRAER,E190-E2,E290,Fixed-Wing,Jet
EMBRAER,ERJ-190-400,E295,Fixed-Wing,Jet
EMBRAER,E195-E2,E295,Fixed-Wing,Jet
EMBRAER,ERJ-190-500,E275,Fixed-Wing,Jet
EMBRAER,E175-E2,E275,Fixed-Wing,Jet
EMBRAER,KC-390,E390,Fixed-Wing,Jet
EMBRAER,C-390 Millennium,E390,Fixed-Wing,Jet
EMBRAER,Millennium,E390,Fixed-Wing,Jet
EMBRAER,EMB-390,E390,Fixed-Wing,Jet
EMBRAER,EMB-711ST Corisco 2 Turbo,P28U,Fixed-Wing,Piston
EMBRAER,Corisco 2 Turbo,P28U,Fixed-Wing,Piston
EMIVEST,SJ-30,SJ30,Fixed-Wing,Jet
EMROTH,Diablo,MA1,Fixed-Wing,Piston
EMROTH,MA-1 Diablo,MA1,Fixed-Wing,Piston
ENAER,50 Pantera,MIRA,Fixed-Wing,Jet
ENAER,A-36 Halcón,C101,Fixed-Wing,Jet
ENAER,Aucán,TPIL,Fixed-Wing,Turboprop/Turboshaft
ENAER,Aviojet,C101,Fixed-Wing,Jet
ENAER,C-101 Aviojet,C101,Fixed-Wing,Jet
ENAER,ECH-02 Namcu,NMCU,Fixed-Wing,Piston
ENAER,ECH-51 Pillán,PILL,Fixed-Wing,Piston
ENAER,Halcón,C101,Fixed-Wing,Jet
ENAER,Namcu,NMCU,Fixed-Wing,Piston
ENAER,Pantera,MIRA,Fixed-Wing,Jet
ENAER,Pillán,PILL,Fixed-Wing,Piston
ENAER,T-35A Pillán,PILL,Fixed-Wing,Piston
ENAER,T-35B Pillán,PILL,Fixed-Wing,Piston
ENAER,T-35C Pillán,PILL,Fixed-Wing,Piston
ENAER,T-35D Pillán,PILL,Fixed-Wing,Piston
ENAER,T-35DT Turbo Pillán,TPIL,Fixed-Wing,Turboprop/Turboshaft
ENAER,T-35S Pillán,PILL,Fixed-Wing,Piston
ENAER,T-35TX Aucán,TPIL,Fixed-Wing,Turboprop/Turboshaft
ENAER,T-36 Aviojet,C101,Fixed-Wing,Jet
ENAER,Turbo Pillán,TPIL,Fixed-Wing,Turboprop/Turboshaft
ENGLISH ELECTRIC,Canberra,CNBR,Fixed-Wing,Jet
ENGLISH ELECTRIC,Lightning,LTNG,Fixed-Wing,Jet
ENSTROM,280 Shark,EN28,Helicopter,Piston
ENSTROM,480,EN48,Helicopter,Turboprop/Turboshaft
ENSTROM,F-28,EN28,Helicopter,Piston
ENSTROM,F-28 Falcon,EN28,Helicopter,Piston
ENSTROM,F-28 Sentinel,EN28,Helicopter,Piston
ENSTROM,Falcon,EN28,Helicopter,Piston
ENSTROM,Sentinel,EN28,Helicopter,Piston
ENSTROM,Shark,EN28,Helicopter,Piston
ENSTROM,TH-28,EN48,Helicopter,Turboprop/Turboshaft
EPERVIER (1),Epervier,EPER,Fixed-Wing,Piston
EPERVIER (2),X-1,EPX1,Fixed-Wing,Piston
EPIC AIRCRAFT,Epic LT,EPIC,Fixed-Wing,Turboprop/Turboshaft
EPIC AIRCRAFT,Epic Elite,ELIT,Fixed-Wing,Jet
EPIC AIRCRAFT,Epic Escape,ESCA,Fixed-Wing,Turboprop/Turboshaft
EPIC AIRCRAFT,Epic Victory,EVIC,Fixed-Wing,Jet
EPIC AIRCRAFT,E1000,EPIC,Fixed-Wing,Turboprop/Turboshaft
ERCO,415 Ercoupe,ERCO,Fixed-Wing,Piston
ERCO,Ercoupe,ERCO,Fixed-Wing,Piston
ERPALS,CP-320 Super Emeraude,CP32,Fixed-Wing,Piston
ERPALS,CP-324 Super Emeraude,CP32,Fixed-Wing,Piston
ERPALS,Super Emeraude,CP32,Fixed-Wing,Piston
ETA AIRCRAFT,Eta,ETA,Fixed-Wing,Piston
ETHIOPIAN AIRLINES,Eshet,G64T,Fixed-Wing,Turboprop/Turboshaft
ETHIOPIAN AIRLINES,G-164 Eshet,G64T,Fixed-Wing,Turboprop/Turboshaft
EURO PINGOUIN,Pingouin 152,J177,Fixed-Wing,Piston
EURO PINGOUIN,JA-177 Pingouin 152,J177,Fixed-Wing,Piston
EURO-ENAER,Eaglet,NMCU,Fixed-Wing,Piston
EURO-ENAER,EE-10 Eaglet,NMCU,Fixed-Wing,Piston
EURO-FLY,FB-5 Star Light,FB5,Fixed-Wing,Piston
EURO-FLY,Flash,FLSH,Fixed-Wing,Piston
EURO-FLY,Star Light,FB5,Fixed-Wing,Piston
EUROALA,Jet Fox,JFOX,Fixed-Wing,Piston
EUROCOPTER,AS-332C Super Puma,AS32,Helicopter,Turboprop/Turboshaft
EUROCOPTER,EC-725 Caracal,EC25,Helicopter,Turboprop/Turboshaft
EUROCOPTER,AS-350 Stylence,AS50,Helicopter,Turboprop/Turboshaft
EUROCOPTER,AS-355 Stylence,AS55,Helicopter,Turboprop/Turboshaft
EUROCOPTER,EC-120 Stylence,EC20,Helicopter,Turboprop/Turboshaft
EUROCOPTER,EC-130 Stylence,EC30,Helicopter,Turboprop/Turboshaft
EUROCOPTER,Caracal,EC25,Helicopter,Turboprop/Turboshaft
EUROCOPTER,Stylence (AS-350),AS50,Helicopter,Turboprop/Turboshaft
EUROCOPTER,Stylence (AS-355),AS55,Helicopter,Turboprop/Turboshaft
EUROCOPTER,Stylence (EC-120),EC20,Helicopter,Turboprop/Turboshaft
EUROCOPTER,Stylence (EC-130),EC30,Helicopter,Turboprop/Turboshaft
EUROCOPTER,AS-332L1 Super Puma,AS32,Helicopter,Turboprop/Turboshaft
EUROCOPTER,AS-332L2 Super Puma Mk2,AS3B,Helicopter,Turboprop/Turboshaft
EUROCOPTER,AS-332M1 Super Puma,AS32,Helicopter,Turboprop/Turboshaft
EUROCOPTER,AS-350 AStar,AS50,Helicopter,Turboprop/Turboshaft
EUROCOPTER,AS-350 Ecureuil,AS50,Helicopter,Turboprop/Turboshaft
EUROCOPTER,AS-350 SuperStar,AS50,Helicopter,Turboprop/Turboshaft
EUROCOPTER,AS-355 Ecureuil 2,AS55,Helicopter,Turboprop/Turboshaft
EUROCOPTER,AS-355 TwinStar,AS55,Helicopter,Turboprop/Turboshaft
EUROCOPTER,AS-365 Dauphin 2,AS65,Helicopter,Turboprop/Turboshaft
EUROCOPTER,AS-532A2 Cougar Mk2,AS3B,Helicopter,Turboprop/Turboshaft
EUROCOPTER,AS-532AL Cougar,AS32,Helicopter,Turboprop/Turboshaft
EUROCOPTER,AS-532SC Cougar,AS32,Helicopter,Turboprop/Turboshaft
EUROCOPTER,AS-532U2 Cougar Mk2,AS3B,Helicopter,Turboprop/Turboshaft
EUROCOPTER,AS-532UC Cougar,AS32,Helicopter,Turboprop/Turboshaft
EUROCOPTER,AS-532UL Cougar,AS32,Helicopter,Turboprop/Turboshaft
EUROCOPTER,AS-550 Fennec,AS50,Helicopter,Turboprop/Turboshaft
EUROCOPTER,AS-555 Fennec,AS55,Helicopter,Turboprop/Turboshaft
EUROCOPTER,AS-565 Atalef,AS65,Helicopter,Turboprop/Turboshaft
EUROCOPTER,AS-565 Panther,AS65,Helicopter,Turboprop/Turboshaft
EUROCOPTER,AStar,AS50,Helicopter,Turboprop/Turboshaft
EUROCOPTER,Atalef,AS65,Helicopter,Turboprop/Turboshaft
EUROCOPTER,BO-105,B105,Helicopter,Turboprop/Turboshaft
EUROCOPTER,BO-105 Super Five,B105,Helicopter,Turboprop/Turboshaft
EUROCOPTER,Colibri,EC20,Helicopter,Turboprop/Turboshaft
EUROCOPTER,Cougar,AS32,Helicopter,Turboprop/Turboshaft
EUROCOPTER,Cougar Mk2,AS3B,Helicopter,Turboprop/Turboshaft
EUROCOPTER,Cougar Mk2+,EC25,Helicopter,Turboprop/Turboshaft
EUROCOPTER,Dauphin 2,AS65,Helicopter,Turboprop/Turboshaft
EUROCOPTER,EC-120 Colibri,EC20,Helicopter,Turboprop/Turboshaft
EUROCOPTER,EC-130,EC30,Helicopter,Turboprop/Turboshaft
EUROCOPTER,EC-135,EC35,Helicopter,Turboprop/Turboshaft
EUROCOPTER,EC-155,EC55,Helicopter,Turboprop/Turboshaft
EUROCOPTER,EC-225 Super Puma Mk2+,EC25,Helicopter,Turboprop/Turboshaft
EUROCOPTER,EC-635,EC35,Helicopter,Turboprop/Turboshaft
EUROCOPTER,EC-665 Tiger,TIGR,Helicopter,Turboprop/Turboshaft
EUROCOPTER,EC-665 Tigre,TIGR,Helicopter,Turboprop/Turboshaft
EUROCOPTER,EC-725 Cougar Mk2+,EC25,Helicopter,Turboprop/Turboshaft
EUROCOPTER,Ecureuil,AS50,Helicopter,Turboprop/Turboshaft
EUROCOPTER,Ecureuil 2,AS55,Helicopter,Turboprop/Turboshaft
EUROCOPTER,Fennec (AS-550),AS50,Helicopter,Turboprop/Turboshaft
EUROCOPTER,Fennec (AS-555),AS55,Helicopter,Turboprop/Turboshaft
EUROCOPTER,Gazelle,GAZL,Helicopter,Turboprop/Turboshaft
EUROCOPTER,Hkp10 Super Puma,AS32,Helicopter,Turboprop/Turboshaft
EUROCOPTER,HM-1 Panther,AS65,Helicopter,Turboprop/Turboshaft
EUROCOPTER,Lama,LAMA,Helicopter,Turboprop/Turboshaft
EUROCOPTER,Panther,AS65,Helicopter,Turboprop/Turboshaft
EUROCOPTER,SA-315 Lama,LAMA,Helicopter,Turboprop/Turboshaft
EUROCOPTER,SA-342 Gazelle,GAZL,Helicopter,Turboprop/Turboshaft
EUROCOPTER,Squirrel,AS50,Helicopter,Turboprop/Turboshaft
EUROCOPTER,Super Five,B105,Helicopter,Turboprop/Turboshaft
EUROCOPTER,Super Puma,AS32,Helicopter,Turboprop/Turboshaft
EUROCOPTER,Super Puma Mk2,AS3B,Helicopter,Turboprop/Turboshaft
EUROCOPTER,Super Puma Mk2+,EC25,Helicopter,Turboprop/Turboshaft
EUROCOPTER,SuperStar,AS50,Helicopter,Turboprop/Turboshaft
EUROCOPTER,Tiger,TIGR,Helicopter,Turboprop/Turboshaft
EUROCOPTER,Tigre,TIGR,Helicopter,Turboprop/Turboshaft
EUROCOPTER,Twin Squirrel,AS55,Helicopter,Turboprop/Turboshaft
EUROCOPTER,TwinStar,AS55,Helicopter,Turboprop/Turboshaft
EUROCOPTER,UH-145,EC45,Helicopter,Turboprop/Turboshaft
EUROCOPTER,UH-72 Lakota,EC45,Helicopter,Turboprop/Turboshaft
EUROCOPTER,Lakota,EC45,Helicopter,Turboprop/Turboshaft
EUROCOPTER,X-3,X3,Helicopter,Turboprop/Turboshaft
EUROCOPTER-HARBIN,EC-175,EC75,Helicopter,Turboprop/Turboshaft
EUROCOPTER-HARBIN,Z-15,EC75,Helicopter,Turboprop/Turboshaft
EUROCOPTER-KAWASAKI,Stylence (EC-145),EC45,Helicopter,Turboprop/Turboshaft
EUROCOPTER-KAWASAKI,EC-145 Stylence,EC45,Helicopter,Turboprop/Turboshaft
EUROCOPTER-KAWASAKI,H-72 Lakota,EC45,Helicopter,Turboprop/Turboshaft
EUROCOPTER-KAWASAKI,UH-145,EC45,Helicopter,Turboprop/Turboshaft
EUROCOPTER-KAWASAKI,UH-72 Lakota,EC45,Helicopter,Turboprop/Turboshaft
EUROCOPTER-KAWASAKI,Lakota,EC45,Helicopter,Turboprop/Turboshaft
EUROCOPTER-KAWASAKI,BK-117B,BK17,Helicopter,Turboprop/Turboshaft
EUROCOPTER-KAWASAKI,BK-117C-1,BK17,Helicopter,Turboprop/Turboshaft
EUROCOPTER-KAWASAKI,BK-117C-2,EC45,Helicopter,Turboprop/Turboshaft
EUROCOPTER-KAWASAKI,EC-145,EC45,Helicopter,Turboprop/Turboshaft
EURODISPLAY,SR-01 Magic,SR01,Fixed-Wing,Piston
EURODISPLAY,Magic,SR01,Fixed-Wing,Piston
EUROFIGHTER,Eurofighter 2000,EUFI,Fixed-Wing,Jet
EUROFIGHTER,Typhoon,EUFI,Fixed-Wing,Jet
EURONEF,ATTL-1,ATTL,Fixed-Wing,Piston
EUROPA,Europa,EUPA,Fixed-Wing,Piston
EUROSPACE,Excalibur,PICO,Fixed-Wing,Piston
EUROSPACE,F-15 Excalibur,PICO,Fixed-Wing,Piston
EVANGEL,4500 Evangel,EVAN,Fixed-Wing,Piston
EVANGEL,Evangel,EVAN,Fixed-Wing,Piston
EVANS,Volksplane,VP2,Fixed-Wing,Piston
EVANS,VP-2 Volksplane,VP2,Fixed-Wing,Piston
EVEKTOR,SportStar,EVSS,Fixed-Wing,Piston
EVEKTOR,Cobra,VUT1,Fixed-Wing,Piston
EVEKTOR,VUT-100 Cobra,VUT1,Fixed-Wing,Piston
EVEKTOR,EV-97 EuroStar,EV97,Fixed-Wing,Piston
EVEKTOR,Outback,EV55,Fixed-Wing,Piston
EVEKTOR,EV-97 Harmony,EV97,Fixed-Wing,Piston
EVEKTOR,EV-55 Outback,EV55,Fixed-Wing,Piston
EVEKTOR,EuroStar,EV97,Fixed-Wing,Piston
EVEKTOR,Harmony,EV97,Fixed-Wing,Piston
EXCALIBUR,Excalibur,BE50,Fixed-Wing,Piston
EXCALIBUR,Queenaire 800 (65),BE65,Fixed-Wing,Piston
EXCALIBUR,Queenaire 800 (80),BE80,Fixed-Wing,Piston
EXCALIBUR,Queenaire 8800,BE80,Fixed-Wing,Piston
EXCLUSIVE,Grand 51,GR51,Fixed-Wing,Turboprop/Turboshaft
EXCLUSIVE,P-51G Grand 51,GR51,Fixed-Wing,Turboprop/Turboshaft
EXPERIMENTAL AVIATION,Berkut,BKUT,Fixed-Wing,Piston
EXPLORER (1),Ellipse,ELPS,Fixed-Wing,Piston
EXPLORER (2),Explorer 500T,EX5T,Fixed-Wing,Turboprop/Turboshaft
EXPRESS,90,EXPR,Fixed-Wing,Piston
EXPRESS,Express,EXPR,Fixed-Wing,Piston
EXPRESS,Express 2000,EXPR,Fixed-Wing,Piston
EXPRESS,Express 2000RG,EXPR,Fixed-Wing,Piston
EXPRESS,Loadmaster,EXPR,Fixed-Wing,Piston
EXTRA,EA-200,E200,Fixed-Wing,Piston
EXTRA,EA-230,E230,Fixed-Wing,Piston
EXTRA,EA-300,E300,Fixed-Wing,Piston
EXTRA,EA-330,E300,Fixed-Wing,Piston
EXTRA,EA-350,E300,Fixed-Wing,Piston
EXTRA,EA-400,E400,Fixed-Wing,Piston
EXTRA,EA-500,E500,Fixed-Wing,Turboprop/Turboshaft
EXTRA,NG,EXNG,Fixed-Wing,Piston
F+W EMMEN,Alouette 3,ALO3,Helicopter,Turboprop/Turboshaft
F+W EMMEN,DH-100 Vampire,VAMP,Fixed-Wing,Jet
F+W EMMEN,DH-112 Venom,VNOM,Fixed-Wing,Jet
F+W EMMEN,DH-115 Vampire,VAMP,Fixed-Wing,Jet
F+W EMMEN,F-5 Tiger 2,F5,Fixed-Wing,Jet
F+W EMMEN,Hawk,HAWK,Fixed-Wing,Jet
F+W EMMEN,Mirage 3,MIRA,Fixed-Wing,Jet
F+W EMMEN,SE-3160 Alouette 3,ALO3,Helicopter,Turboprop/Turboshaft
F+W EMMEN,Tiger 2,F5,Fixed-Wing,Jet
F+W EMMEN,Vampire,VAMP,Fixed-Wing,Jet
F+W EMMEN,Venom,VNOM,Fixed-Wing,Jet
FAIRCHILD (1),A-10 Thunderbolt 2,A10,Fixed-Wing,Jet
FAIRCHILD (1),Argus,FA24,Fixed-Wing,Piston
FAIRCHILD (1),C-26 Metro,SW4,Fixed-Wing,Turboprop/Turboshaft
FAIRCHILD (1),C-82 Packet,C82,Fixed-Wing,Piston
FAIRCHILD (1),C-119 Flying Boxcar,C119,Fixed-Wing,Piston
FAIRCHILD (1),C-123 Provider,C123,Fixed-Wing,Piston
FAIRCHILD (1),Cornell,FA62,Fixed-Wing,Piston
FAIRCHILD (1),Expediter,SW4,Fixed-Wing,Turboprop/Turboshaft
FAIRCHILD (1),F-18 Flymobil,UM18,Gyrocopter,Piston
FAIRCHILD (1),F-24 Argus,FA24,Fixed-Wing,Piston
FAIRCHILD (1),F-27,F27,Fixed-Wing,Turboprop/Turboshaft
FAIRCHILD (1),F-78 Flying Boxcar,C119,Fixed-Wing,Piston
FAIRCHILD (1),F-78 Packet,C82,Fixed-Wing,Piston
FAIRCHILD (1),Fairchild 300,SW3,Fixed-Wing,Turboprop/Turboshaft
FAIRCHILD (1),FH-1100,FH11,Helicopter,Turboprop/Turboshaft
FAIRCHILD (1),Flying Boxcar,C119,Fixed-Wing,Piston
FAIRCHILD (1),Flymobil,UM18,Gyrocopter,Piston
FAIRCHILD (1),Forwarder,FA24,Fixed-Wing,Piston
FAIRCHILD (1),Heli-Porter,PC6T,Fixed-Wing,Turboprop/Turboshaft
FAIRCHILD (1),M-62 Cornell,FA62,Fixed-Wing,Piston
FAIRCHILD (1),Merlin 3,SW3,Fixed-Wing,Turboprop/Turboshaft
FAIRCHILD (1),Merlin 4,SW4,Fixed-Wing,Turboprop/Turboshaft
FAIRCHILD (1),Merlin 23,SW4,Fixed-Wing,Turboprop/Turboshaft
FAIRCHILD (1),Metro,SW4,Fixed-Wing,Turboprop/Turboshaft
FAIRCHILD (1),OA-10 Thunderbolt 2,A10,Fixed-Wing,Jet
FAIRCHILD (1),Packet,C82,Fixed-Wing,Piston
FAIRCHILD (1),PC-6 Heli-Porter,PC6T,Fixed-Wing,Turboprop/Turboshaft
FAIRCHILD (1),Provider,C123,Fixed-Wing,Piston
FAIRCHILD (1),PT-19 Cornell,FA62,Fixed-Wing,Piston
FAIRCHILD (1),PT-23 Cornell,FA62,Fixed-Wing,Piston
FAIRCHILD (1),PT-26 Cornell,FA62,Fixed-Wing,Piston
FAIRCHILD (1),R4Q Flying Boxcar,C119,Fixed-Wing,Piston
FAIRCHILD (1),RC-26 Metro,SW4,Fixed-Wing,Turboprop/Turboshaft
FAIRCHILD (1),SA-227AC Metro,SW4,Fixed-Wing,Turboprop/Turboshaft
FAIRCHILD (1),SA-227AT Expediter,SW4,Fixed-Wing,Turboprop/Turboshaft
FAIRCHILD (1),SA-227AT Merlin 4,SW4,Fixed-Wing,Turboprop/Turboshaft
FAIRCHILD (1),SA-227BC Metro,SW4,Fixed-Wing,Turboprop/Turboshaft
FAIRCHILD (1),SA-227CC Metro,SW4,Fixed-Wing,Turboprop/Turboshaft
FAIRCHILD (1),SA-227DC Expediter,SW4,Fixed-Wing,Turboprop/Turboshaft
FAIRCHILD (1),SA-227DC Metro,SW4,Fixed-Wing,Turboprop/Turboshaft
FAIRCHILD (1),SA-227PC Metro,SW4,Fixed-Wing,Turboprop/Turboshaft
FAIRCHILD (1),SA-227TT Fairchild 300,SW3,Fixed-Wing,Turboprop/Turboshaft
FAIRCHILD (1),SA-227TT Merlin 3,SW3,Fixed-Wing,Turboprop/Turboshaft
FAIRCHILD (1),T-19 Cornell,FA62,Fixed-Wing,Piston
FAIRCHILD (1),Thunderbolt 2,A10,Fixed-Wing,Jet
FAIRCHILD (1),UC-26 Merlin 4,SW4,Fixed-Wing,Turboprop/Turboshaft
FAIRCHILD (1),UC-61 Argus,FA24,Fixed-Wing,Piston
FAIRCHILD (1),UC-61 Forwarder,FA24,Fixed-Wing,Piston
FAIRCHILD (1),KR-34,KR34,Fixed-Wing,Piston
FAIRCHILD (1),KR-31,KR31,Fixed-Wing,Piston
FAIRCHILD (1),KR-21,KR21,Fixed-Wing,Piston
FAIRCHILD (2),F-11 Husky,FA11,Fixed-Wing,Piston
FAIRCHILD (2),Husky,FA11,Fixed-Wing,Piston
FAIRCHILD DORNIER,228,D228,Fixed-Wing,Turboprop/Turboshaft
FAIRCHILD DORNIER,328,D328,Fixed-Wing,Turboprop/Turboshaft
FAIRCHILD DORNIER,328JET,J328,Fixed-Wing,Jet
FAIRCHILD DORNIER,328JET Envoy 3,J328,Fixed-Wing,Jet
FAIRCHILD DORNIER,Envoy 3,J328,Fixed-Wing,Jet
FAIRCHILD DORNIER,Metro,SW4,Fixed-Wing,Turboprop/Turboshaft
FAIRCHILD DORNIER,SA-227DC Metro,SW4,Fixed-Wing,Turboprop/Turboshaft
FAIRCHILD HILLER,AU-23 Peacemaker,PC6T,Fixed-Wing,Turboprop/Turboshaft
FAIRCHILD HILLER,E4,UH12,Helicopter,Piston
FAIRCHILD HILLER,F-27,F27,Fixed-Wing,Turboprop/Turboshaft
FAIRCHILD HILLER,FH-227,F27,Fixed-Wing,Turboprop/Turboshaft
FAIRCHILD HILLER,FH-1100,FH11,Helicopter,Turboprop/Turboshaft
FAIRCHILD HILLER,Heli-Porter,PC6T,Fixed-Wing,Turboprop/Turboshaft
FAIRCHILD HILLER,L3,UH12,Helicopter,Piston
FAIRCHILD HILLER,L4,UH12,Helicopter,Piston
FAIRCHILD HILLER,OH-23 Raven,UH12,Helicopter,Piston
FAIRCHILD HILLER,PC-6 Heli-Porter,PC6T,Fixed-Wing,Turboprop/Turboshaft
FAIRCHILD HILLER,Peacemaker,PC6T,Fixed-Wing,Turboprop/Turboshaft
FAIRCHILD HILLER,Raven,UH12,Helicopter,Piston
FAIRCHILD HILLER,SL3,UH12,Helicopter,Piston
FAIRCHILD HILLER,SL4,UH12,Helicopter,Piston
FAIRCHILD HILLER,UH-12E,UH12,Helicopter,Piston
FAIRCHILD SWEARINGEN,Expediter,SW4,Fixed-Wing,Turboprop/Turboshaft
FAIRCHILD SWEARINGEN,Fairchild 300,SW3,Fixed-Wing,Turboprop/Turboshaft
FAIRCHILD SWEARINGEN,Merlin 3,SW3,Fixed-Wing,Turboprop/Turboshaft
FAIRCHILD SWEARINGEN,Merlin 4,SW4,Fixed-Wing,Turboprop/Turboshaft
FAIRCHILD SWEARINGEN,Metro,SW4,Fixed-Wing,Turboprop/Turboshaft
FAIRCHILD SWEARINGEN,SA-226TB Merlin 3,SW3,Fixed-Wing,Turboprop/Turboshaft
FAIRCHILD SWEARINGEN,SA-226TC Metro,SW4,Fixed-Wing,Turboprop/Turboshaft
FAIRCHILD SWEARINGEN,SA-227AC Metro,SW4,Fixed-Wing,Turboprop/Turboshaft
FAIRCHILD SWEARINGEN,SA-227AT Expediter,SW4,Fixed-Wing,Turboprop/Turboshaft
FAIRCHILD SWEARINGEN,SA-227AT Merlin 4,SW4,Fixed-Wing,Turboprop/Turboshaft
FAIRCHILD SWEARINGEN,SA-227PC Metro,SW4,Fixed-Wing,Turboprop/Turboshaft
FAIRCHILD SWEARINGEN,SA-227TT Fairchild 300,SW3,Fixed-Wing,Turboprop/Turboshaft
FAIRCHILD SWEARINGEN,SA-227TT Merlin 3,SW3,Fixed-Wing,Turboprop/Turboshaft
FAIREY,Firefly,FFLY,Fixed-Wing,Piston
FAIREY,Gannet,GANT,Fixed-Wing,Turboprop/Turboshaft
FAIREY,Swordfish,SWOR,Fixed-Wing,Piston
FAIRTRAVEL,Linnet,CP30,Fixed-Wing,Piston
FAJR,F-3,FJR3,Fixed-Wing,Piston
FALCOMPOSITE,Furio,LN27,Fixed-Wing,Piston
FALCOMPOSITE,LN-27 Furio,LN27,Fixed-Wing,Piston
FALCON AIR,Falcon 402,F402,Fixed-Wing,Turboprop/Turboshaft
FALCON AIR,Falcon 421,F421,Fixed-Wing,Turboprop/Turboshaft
FALCONAR,AMF-S14 Maranda,RA14,Fixed-Wing,Piston
FALCONAR,Cruiser,D11,Fixed-Wing,Piston
FALCONAR,Cubmajor,MAJR,Fixed-Wing,Piston
FALCONAR,F-11,D11,Fixed-Wing,Piston
FALCONAR,F-11 Sporty,D11,Fixed-Wing,Piston
FALCONAR,F-12 Cruiser,D11,Fixed-Wing,Piston
FALCONAR,HM-380 Ladybug,HM38,Fixed-Wing,Piston
FALCONAR,Ladybug,HM38,Fixed-Wing,Piston
FALCONAR,Maranda,RA14,Fixed-Wing,Piston
FALCONAR,Mustang,FS51,Fixed-Wing,Piston
FALCONAR,SAL P-51D Mustang,FS51,Fixed-Wing,Piston
FALCONAR,Sporty,D11,Fixed-Wing,Piston
FAMA,K-209 KISS,K209,Helicopter,Turboprop/Turboshaft
FAMA,KISS,K209,Helicopter,Turboprop/Turboshaft
FANTASY AIR,Allegro,ALGR,Fixed-Wing,Piston
FARIGOUX,FG-01 Origan,FG01,Fixed-Wing,Piston
FARIGOUX,Origan,FG01,Fixed-Wing,Piston
FARNBOROUGH,F-1 Kestrel,KEST,Fixed-Wing,Turboprop/Turboshaft
FARNBOROUGH,Kestrel,KEST,Fixed-Wing,Turboprop/Turboshaft
FARRINGTON,Twinstar,TSTR,Gyrocopter,Piston
FD-COMPOSITES,ArrowCopter,AC10,Gyrocopter,Piston
FEUGRAY,Sirius,TR26,Fixed-Wing,Piston
FEUGRAY,TR-200,TR20,Fixed-Wing,Piston
FEUGRAY,TR-260 Sirius,TR26,Fixed-Wing,Piston
FFA,AS-202-15 Bravo,AS02,Fixed-Wing,Piston
FFA,AS-202-18 Bravo,AS02,Fixed-Wing,Piston
FFA,AS-202-18 Wren,AS02,Fixed-Wing,Piston
FFA,AS-202-26 Bravo,AS02,Fixed-Wing,Piston
FFA,AS-202-32TP Turbine Bravo,AS2T,Fixed-Wing,Turboprop/Turboshaft
FFA,Bravo,AS02,Fixed-Wing,Piston
FFA,Turbine Bravo,AS2T,Fixed-Wing,Turboprop/Turboshaft
FFA,Wren,AS02,Fixed-Wing,Piston
FFT,Eurotrainer 2000,EURT,Fixed-Wing,Piston
FFT,SC-01 Speed Canard,SC01,Fixed-Wing,Piston
FFT,Speed Canard,SC01,Fixed-Wing,Piston
FIAT,G-46,G46,Fixed-Wing,Piston
FIAT,G-59,G59,Fixed-Wing,Piston
FIESELER,Fi-156 Storch,F156,Fixed-Wing,Piston
FIESELER,Storch,F156,Fixed-Wing,Piston
FIGHTER ESCORT WINGS,P-51,FE51,Fixed-Wing,Piston
FIKE,D,FIKD,Fixed-Wing,Piston
FIKE,E,FIKE,Fixed-Wing,Piston
FINMECCANICA,AW-139,A139,Helicopter,Turboprop/Turboshaft
FINMECCANICA,AW-119 Koala,A119,Helicopter,Turboprop/Turboshaft
FINMECCANICA,Koala,A119,Helicopter,Turboprop/Turboshaft
FINMECCANICA,AW-189,A189,Helicopter,Turboprop/Turboshaft
FINMECCANICA,Falco,FLCO,Fixed-Wing,Piston
FINMECCANICA,AW-169,A169,Helicopter,Turboprop/Turboshaft
FINMECCANICA,ICH-47 Chinook,H47,Helicopter,Turboprop/Turboshaft
FINMECCANICA,Chinook,H47,Helicopter,Turboprop/Turboshaft
FINMECCANICA,AW-159 Lynx Wildcat,LYNX,Helicopter,Turboprop/Turboshaft
FINMECCANICA,Lynx Wildcat,LYNX,Helicopter,Turboprop/Turboshaft
FINMECCANICA,AW-159 Wildcat,LYNX,Helicopter,Turboprop/Turboshaft
FINMECCANICA,Wildcat,LYNX,Helicopter,Turboprop/Turboshaft
FINMECCANICA,AW-101,EH10,Helicopter,Turboprop/Turboshaft
FINMECCANICA,HH-101 Caesar,EH10,Helicopter,Turboprop/Turboshaft
FINMECCANICA,Caesar,EH10,Helicopter,Turboprop/Turboshaft
FINMECCANICA,AW-109 Power,A109,Helicopter,Turboprop/Turboshaft
FINMECCANICA,AW-109 GrandNew,A109,Helicopter,Turboprop/Turboshaft
FINMECCANICA,Power,A109,Helicopter,Turboprop/Turboshaft
FINMECCANICA,Grand,A109,Helicopter,Turboprop/Turboshaft
FISHER,Celebrity,CLBR,Fixed-Wing,Piston
FISHER,Dakota Hawk,DAKH,Fixed-Wing,Piston
FISHER,Horizon,HORZ,Fixed-Wing,Piston
FISHER,R-80 Tiger Moth,TMOT,Fixed-Wing,Piston
FISHER,RS-80 Tiger Moth,TMOT,Fixed-Wing,Piston
FISHER,Tiger Moth,TMOT,Fixed-Wing,Piston
FISHER AERO,Celebrity,CLBR,Fixed-Wing,Piston
FISHER AERO,Culex,CULX,Fixed-Wing,Piston
FISHER AERO,Horizon,HORZ,Fixed-Wing,Piston
FLAGLOR,Scooter,SCTR,Fixed-Wing,Piston
FLAIR,FU-24,FU24,Fixed-Wing,Piston
FLARIS,LAR-1,LAR1,Fixed-Wing,Jet
FLEET,2,FLE2,Fixed-Wing,Piston
FLEET,7,FLE7,Fixed-Wing,Piston
FLEET,7 Fawn,FLE7,Fixed-Wing,Piston
FLEET,10,FINC,Fixed-Wing,Piston
FLEET,11,FINC,Fixed-Wing,Piston
FLEET,16 Finch,FINC,Fixed-Wing,Piston
FLEET,60 Fort,FORT,Fixed-Wing,Piston
FLEET,80 Canuck,CNUK,Fixed-Wing,Piston
FLEET,Canuck,CNUK,Fixed-Wing,Piston
FLEET,Cornell,FA62,Fixed-Wing,Piston
FLEET,Fawn,FLE7,Fixed-Wing,Piston
FLEET,Finch,FINC,Fixed-Wing,Piston
FLEET,Fort,FORT,Fixed-Wing,Piston
FLEET,PT-23 Cornell,FA62,Fixed-Wing,Piston
FLEET,PT-26 Cornell,FA62,Fixed-Wing,Piston
FLEETWINGS,F-4 Sea Bird,FWSB,Amphibian,Piston
FLEETWINGS,Sea Bird,FWSB,Amphibian,Piston
FLETCHER,FU-24,FU24,Fixed-Wing,Piston
FLIGHT DESIGN,CT,FDCT,Fixed-Wing,Piston
FLIGHT DESIGN,MC,FDMC,Fixed-Wing,Piston
FLIGHT DESIGN,F-2,FDF2,Fixed-Wing,Piston
FLIGHT DESIGN,F-2e,FD2E,Fixed-Wing,Electric
FLIGHT DESIGN-VESSEL,KLA-100,KL10,Fixed-Wing,Piston
FLIGHT ENGINEERS,Airtruk,PL12,Fixed-Wing,Piston
FLIGHT ENGINEERS,PL-12 Airtruk,PL12,Fixed-Wing,Piston
FLIGHTWORKS,Capella,CAPL,Fixed-Wing,Piston
FLITZER,Flitzer,FLIZ,Fixed-Wing,Piston
FLITZER,Z-1 Flitzer,FLIZ,Fixed-Wing,Piston
FLITZER,Z-21 Flitzer,FLIZ,Fixed-Wing,Piston
FLS,OA-7 Optica,OPCA,Fixed-Wing,Piston
FLS,Optica,OPCA,Fixed-Wing,Piston
FLS,Sprint,SAH1,Fixed-Wing,Piston
FLSZ,Der Kricket,KRIC,Fixed-Wing,Piston
FLSZ,DK-1 Der Kricket,KRIC,Fixed-Wing,Piston
FLUG WERK,Fw-190 Replica,FW90,Fixed-Wing,Piston
FLY SYNTHESIS,Storch,STCH,Fixed-Wing,Piston
FLY SYNTHESIS,Texan,TEXA,Fixed-Wing,Piston
FLY SYNTHESIS,Wallaby,WLBY,Fixed-Wing,Piston
FLY SYNTHESIS,Syncro,SYNC,Fixed-Wing,Piston
FLY SYNTHESIS,Catalina,CTLN,Amphibian,Piston
FLYER,Flyer SS,FLSS,Fixed-Wing,Piston
FLYER,Flyer NG,FLSS,Fixed-Wing,Piston
FLYER,Pelican,PELI,Fixed-Wing,Piston
FLYGFABRIKEN,LN-3 Seagull,LN3,Amphibian,Piston
FLYGFABRIKEN,Seagull,LN3,Amphibian,Piston
FLYING MACHINES,FM-250 Vampire,FM25,Fixed-Wing,Piston
FLYING MACHINES,Vampire,FM25,Fixed-Wing,Piston
FLYITALIA,MD-3 Rider,MD3R,Fixed-Wing,Piston
FLYITALIA,Rider,MD3R,Fixed-Wing,Piston
FLYWHALE,FW-02 Flywhale,FW02,Amphibian,Piston
FLYWHALE,Flywhale,FW02,Amphibian,Piston
FLÄMING AIR,FA-01 Saphir,FA01,Fixed-Wing,Piston
FLÄMING AIR,FA-01 Smaragd,FA01,Fixed-Wing,Piston
FLÄMING AIR,FA-02 Smaragd VLA,FA02,Fixed-Wing,Piston
FLÄMING AIR,FA-03 Smaragd TMG,FA03,Fixed-Wing,Piston
FLÄMING AIR,Saphir,FA01,Fixed-Wing,Piston
FLÄMING AIR,Smaragd,FA01,Fixed-Wing,Piston
FLÄMING AIR,Smaragd TMG,FA03,Fixed-Wing,Piston
FLÄMING AIR,Smaragd VLA,FA02,Fixed-Wing,Piston
FLÄMING AIR,FA-04 Peregrine,FA04,Fixed-Wing,Piston
FLÄMING AIR,Peregrine,FA04,Fixed-Wing,Piston
FMA,20 El Boyero,EBOY,Fixed-Wing,Piston
FMA,El Boyero,EBOY,Fixed-Wing,Piston
FMA,A-150,C150,Fixed-Wing,Piston
FMA,A-182,C182,Fixed-Wing,Piston
FMA,A-A150 Aerobat,C150,Fixed-Wing,Piston
FMA,A-A188 AgTruck,C188,Fixed-Wing,Piston
FMA,Aerobat,C150,Fixed-Wing,Piston
FMA,AgTruck,C188,Fixed-Wing,Piston
FMA,Fw-44 Stieglitz,FW44,Fixed-Wing,Piston
FMA,Guarani 2,IA50,Fixed-Wing,Turboprop/Turboshaft
FMA,IA-50 Guarani 2,IA50,Fixed-Wing,Turboprop/Turboshaft
FMA,IA-51 Tehuelche,IA51,Fixed-Wing,Piston
FMA,IA-58 Pucará,IA58,Fixed-Wing,Turboprop/Turboshaft
FMA,IA-63 Pampa,IA63,Fixed-Wing,Jet
FMA,P-172,C172,Fixed-Wing,Piston
FMA,Pampa,IA63,Fixed-Wing,Jet
FMA,Pucará,IA58,Fixed-Wing,Turboprop/Turboshaft
FMA,Stieglitz,FW44,Fixed-Wing,Piston
FMA,Tehuelche,IA51,Fixed-Wing,Piston
FMA,AT-63 Pampa,IA63,Fixed-Wing,Jet
FMP,Qualt,QALT,Fixed-Wing,Piston
FOCKE-WULF,Fw-44 Stieglitz,FW44,Fixed-Wing,Piston
FOCKE-WULF,Fw-190 Replica,FW90,Fixed-Wing,Piston
FOCKE-WULF,FWP-149,P149,Fixed-Wing,Piston
FOCKE-WULF,Stieglitz,FW44,Fixed-Wing,Piston
FOKKER,50,F50,Fixed-Wing,Turboprop/Turboshaft
FOKKER,50 Fokker50Freighter,F50,Fixed-Wing,Turboprop/Turboshaft
FOKKER,50 Maritime Enforcer,F50,Fixed-Wing,Turboprop/Turboshaft
FOKKER,60,F60,Fixed-Wing,Turboprop/Turboshaft
FOKKER,70,F70,Fixed-Wing,Jet
FOKKER,100,F100,Fixed-Wing,Jet
FOKKER,C-31 Friendship,F27,Fixed-Wing,Turboprop/Turboshaft
FOKKER,D-7 Replica,D7,Fixed-Wing,Piston
FOKKER,D-8 Replica,D8,Fixed-Wing,Piston
FOKKER,Dr-1 Replica,DR1,Fixed-Wing,Piston
FOKKER,F-16 Fighting Falcon,F16,Fixed-Wing,Jet
FOKKER,F-27 Friendship,F27,Fixed-Wing,Turboprop/Turboshaft
FOKKER,F-27 Maritime,F27,Fixed-Wing,Turboprop/Turboshaft
FOKKER,F-27 Troopship,F27,Fixed-Wing,Turboprop/Turboshaft
FOKKER,F-28 Fellowship,F28,Fixed-Wing,Jet
FOKKER,Fellowship,F28,Fixed-Wing,Jet
FOKKER,Fighting Falcon,F16,Fixed-Wing,Jet
FOKKER,Fokker50Freighter,F50,Fixed-Wing,Turboprop/Turboshaft
FOKKER,Friendship,F27,Fixed-Wing,Turboprop/Turboshaft
FOKKER,Instructor,S11,Fixed-Wing,Piston
FOKKER,Maritime,F27,Fixed-Wing,Turboprop/Turboshaft
FOKKER,Maritime Enforcer,F50,Fixed-Wing,Turboprop/Turboshaft
FOKKER,S-11 Instructor,S11,Fixed-Wing,Piston
FOKKER,Super Universal,SUNV,Fixed-Wing,Piston
FOKKER,Troopship,F27,Fixed-Wing,Turboprop/Turboshaft
FOKKER,D-21 Replica,D21,Fixed-Wing,Piston
FOLLAND,Fo-144 Gnat,GNAT,Fixed-Wing,Jet
FOLLAND,Gnat,GNAT,Fixed-Wing,Jet
FORD,4-AT Tri-Motor,TRIM,Fixed-Wing,Piston
FORD,5-AT Tri-Motor,TRIM,Fixed-Wing,Piston
FORD,Tri-Motor,TRIM,Fixed-Wing,Piston
FORNAIRE,Aircoupe,ERCO,Fixed-Wing,Piston
FORNAIRE,F-1 Aircoupe,ERCO,Fixed-Wing,Piston
FORNEY,Aircoupe,ERCO,Fixed-Wing,Piston
FORNEY,F-1 Aircoupe,ERCO,Fixed-Wing,Piston
FOUGA,CM-170R Magister,FOUG,Fixed-Wing,Jet
FOUGA,Magister,FOUG,Fixed-Wing,Jet
FOUND,100 Centennial,CENT,Fixed-Wing,Piston
FOUND,Bush Hawk,FBA2,Fixed-Wing,Piston
FOUND,Centennial,CENT,Fixed-Wing,Piston
FOUND,FBA-2,FBA2,Fixed-Wing,Piston
FOUND,FBA-2 Bush Hawk,FBA2,Fixed-Wing,Piston
FOUND,FBA-2 Expedition E350,FBA2,Fixed-Wing,Piston
FOUND,Expedition E350,FBA2,Fixed-Wing,Piston
FOUR WINDS,192,FW19,Fixed-Wing,Piston
FOUR WINDS,FX-210,FW21,Fixed-Wing,Piston
FOURNIER,RF-3,RF3,Fixed-Wing,Piston
FOURNIER,RF-4,RF4,Fixed-Wing,Piston
FOURNIER,RF-5,RF5,Fixed-Wing,Piston
FOURNIER,RF-6,RF6,Fixed-Wing,Piston
FOURNIER,RF-9,RF9,Fixed-Wing,Piston
FOURNIER,RF-10,RF10,Fixed-Wing,Piston
FOURNIER,RF-47,RF47,Fixed-Wing,Piston
FOURNIER,TZ-5,RF5,Fixed-Wing,Piston
FOXCON,Terrier,TERR,Fixed-Wing,Piston
FRAKES,G-73T Turbo Mallard,G73T,Amphibian,Turboprop/Turboshaft
FRAKES,G-164 Turbo Cat,G64T,Fixed-Wing,Turboprop/Turboshaft
FRAKES,Mohawk 298,N262,Fixed-Wing,Turboprop/Turboshaft
FRAKES,Turbo Cat,G64T,Fixed-Wing,Turboprop/Turboshaft
FRAKES,Turbo Mallard,G73T,Amphibian,Turboprop/Turboshaft
FREE SPIRIT,Free Spirit,FREE,Fixed-Wing,Piston
FREE SPIRIT,RC-412 Free Spirit,FREE,Fixed-Wing,Piston
FREEDOM,Phoenix,PHNX,Fixed-Wing,Piston
FREEDOM MASTER,Air Shark,SHAK,Amphibian,Piston
FREEDOM MASTER,FM-2 Air Shark,SHAK,Amphibian,Piston
FREEWING,Freebird Mk5,FBIR,Fixed-Wing,Piston
FRONTIER,Frontier MD-2,FRON,Fixed-Wing,Piston
FRY,Esprit,VF2,Fixed-Wing,Piston
FRY,VF-2 Esprit,VF2,Fixed-Wing,Piston
FUJI,204,UH1,Helicopter,Turboprop/Turboshaft
FUJI,205,UH1,Helicopter,Turboprop/Turboshaft
FUJI,305 Bird Dog,O1,Fixed-Wing,Piston
FUJI,Aero Subaru,SUBA,Fixed-Wing,Piston
FUJI,AH-1 HueyCobra,HUCO,Helicopter,Turboprop/Turboshaft
FUJI,AH-64 Longbow Apache,H64,Helicopter,Turboprop/Turboshaft
FUJI,Bird Dog,O1,Fixed-Wing,Piston
FUJI,FA-200 Aero Subaru,SUBA,Fixed-Wing,Piston
FUJI,FA-300,RC70,Fixed-Wing,Piston
FUJI,HueyCobra,HUCO,Helicopter,Turboprop/Turboshaft
FUJI,KM-2,KM2,Fixed-Wing,Piston
FUJI,KM-2B Mentor,T34P,Fixed-Wing,Piston
FUJI,KM-2D,T5,Fixed-Wing,Turboprop/Turboshaft
FUJI,KM-2Kai,T5,Fixed-Wing,Turboprop/Turboshaft
FUJI,L-19 Bird Dog,O1,Fixed-Wing,Piston
FUJI,Longbow Apache,H64,Helicopter,Turboprop/Turboshaft
FUJI,Mentor,T34P,Fixed-Wing,Piston
FUJI,T-1,T1,Fixed-Wing,Jet
FUJI,T1F,T1,Fixed-Wing,Jet
FUJI,T-3 Mentor,T34P,Fixed-Wing,Piston
FUJI,T-3Kai,T34T,Fixed-Wing,Turboprop/Turboshaft
FUJI,T-5,T5,Fixed-Wing,Turboprop/Turboshaft
FUJI,T-7,T7,Fixed-Wing,Turboprop/Turboshaft
FUJI,T-34 Mentor,T34P,Fixed-Wing,Piston
FUJI,UH-1,UH1,Helicopter,Turboprop/Turboshaft
FUJI,LM-1 Nikko,KM2,Fixed-Wing,Piston
FUJI,LM-2 Nikko,KM2,Fixed-Wing,Piston
FUJI,Nikko,KM2,Fixed-Wing,Piston
FUNK,B,FNKB,Fixed-Wing,Piston
G1 AVIATION,G-1,G1,Fixed-Wing,Piston
G1 AVIATION,G-1 Gélinotte,G1,Fixed-Wing,Piston
G1 AVIATION,G-1 Goéland,G1,Fixed-Wing,Piston
G1 AVIATION,G-1 Grive,G1,Fixed-Wing,Piston
G1 AVIATION,G-1 Spyl,G1,Fixed-Wing,Piston
G1 AVIATION,Gélinotte,G1,Fixed-Wing,Piston
G1 AVIATION,Goéland,G1,Fixed-Wing,Piston
G1 AVIATION,Grive,G1,Fixed-Wing,Piston
G1 AVIATION,Spyl,G1,Fixed-Wing,Piston
GAF,Floatmaster,NOMA,Fixed-Wing,Turboprop/Turboshaft
GAF,Missionmaster,NOMA,Fixed-Wing,Turboprop/Turboshaft
GAF,N-2 Nomad,NOMA,Fixed-Wing,Turboprop/Turboshaft
GAF,N-22 Floatmaster,NOMA,Fixed-Wing,Turboprop/Turboshaft
GAF,N-22 Missionmaster,NOMA,Fixed-Wing,Turboprop/Turboshaft
GAF,ATF-18 Hornet,F18H,Fixed-Wing,Jet
GAF,N-22 Nomad,NOMA,Fixed-Wing,Turboprop/Turboshaft
GAF,N-22 Searchmaster,NOMA,Fixed-Wing,Turboprop/Turboshaft
GAF,N-24 Nomad,NOMA,Fixed-Wing,Turboprop/Turboshaft
GAF,Nomad,NOMA,Fixed-Wing,Turboprop/Turboshaft
GAF,Searchmaster,NOMA,Fixed-Wing,Turboprop/Turboshaft
GAF,AF-18 Hornet,F18H,Fixed-Wing,Jet
GAF,Hornet,F18H,Fixed-Wing,Jet
GALILEO,Falco,FLCO,Fixed-Wing,Piston
GAME COMPOSITES,GB-1 GameBird,GB1,Fixed-Wing,Piston
GAME COMPOSITES,GameBird,GB1,Fixed-Wing,Piston
GANNET,G-44 Super Widgeon,G44,Amphibian,Piston
GANNET,Super Widgeon,G44,Amphibian,Piston
GANZAVIA,Dinó,DINO,Fixed-Wing,Piston
GANZAVIA,GAK-22 Dinó,DINO,Fixed-Wing,Piston
GARDAN,Bagheera,GY10,Fixed-Wing,Piston
GARDAN,GY-80 Horizon,GY80,Fixed-Wing,Piston
GARDAN,GY-100 Bagheera,GY10,Fixed-Wing,Piston
GARDAN,Horizon,GY80,Fixed-Wing,Piston
GARLAND,Linnet,CP30,Fixed-Wing,Piston
GARRISON,Melmoth 2,MEL2,Fixed-Wing,Piston
GATARD,AG-02 Poussin,AG02,Fixed-Wing,Piston
GATARD,Poussin,AG02,Fixed-Wing,Piston
GATES LEARJET,24,LJ24,Fixed-Wing,Jet
GATES LEARJET,25,LJ25,Fixed-Wing,Jet
GATES LEARJET,28,LJ28,Fixed-Wing,Jet
GATES LEARJET,29,LJ28,Fixed-Wing,Jet
GATES LEARJET,31,LJ31,Fixed-Wing,Jet
GATES LEARJET,35,LJ35,Fixed-Wing,Jet
GATES LEARJET,36,LJ35,Fixed-Wing,Jet
GATES LEARJET,55,LJ55,Fixed-Wing,Jet
GATES LEARJET,C-21,LJ35,Fixed-Wing,Jet
GATES LEARJET,R-35,LJ35,Fixed-Wing,Jet
GATES LEARJET,RC-35,LJ35,Fixed-Wing,Jet
GATES LEARJET,RC-36,LJ35,Fixed-Wing,Jet
GATES LEARJET,U-36,LJ35,Fixed-Wing,Jet
GATES LEARJET,UC-35,LJ35,Fixed-Wing,Jet
GATES LEARJET,UC-36,LJ35,Fixed-Wing,Jet
GAVILAN,EL-1 Gavilan 358,GAVI,Fixed-Wing,Piston
GAVILAN,Gavilan 358,GAVI,Fixed-Wing,Piston
GENERAL AIRCRAFT,G1-80 Skyfarer,G180,Fixed-Wing,Piston
GENERAL AIRCRAFT,Skyfarer,G180,Fixed-Wing,Piston
GENERAL ATOMICS,MQ-1 Predator,Q1,Fixed-Wing,Piston
GENERAL ATOMICS,MQ-1 Warrior,Q1,Fixed-Wing,Piston
GENERAL ATOMICS,RQ-1 Predator,Q1,Fixed-Wing,Piston
GENERAL ATOMICS,MQ-1 Gray Eagle,Q1,Fixed-Wing,Piston
GENERAL ATOMICS,Predator,Q1,Fixed-Wing,Piston
GENERAL ATOMICS,Warrior,Q1,Fixed-Wing,Piston
GENERAL ATOMICS,Grey Eagle,Q1,Fixed-Wing,Piston
GENERAL ATOMICS,MQ-9 Reaper,Q9,Fixed-Wing,Turboprop/Turboshaft
GENERAL ATOMICS,MQ-9 Predator B,Q9,Fixed-Wing,Turboprop/Turboshaft
GENERAL ATOMICS,MQ-9 Guardian,Q9,Fixed-Wing,Turboprop/Turboshaft
GENERAL ATOMICS,MQ-9 Ikhana,Q9,Fixed-Wing,Turboprop/Turboshaft
GENERAL ATOMICS,Predator B,Q9,Fixed-Wing,Turboprop/Turboshaft
GENERAL ATOMICS,Reaper,Q9,Fixed-Wing,Turboprop/Turboshaft
GENERAL ATOMICS,Guardian,Q9,Fixed-Wing,Turboprop/Turboshaft
GENERAL ATOMICS,Ikhana,Q9,Fixed-Wing,Turboprop/Turboshaft
GENERAL AVIA,Airone,ARON,Fixed-Wing,Piston
GENERAL AVIA,Condor,CNDR,Fixed-Wing,Turboprop/Turboshaft
GENERAL AVIA,Delfino,PICO,Fixed-Wing,Piston
GENERAL AVIA,F-15 Delfino,PICO,Fixed-Wing,Piston
GENERAL AVIA,F-15 Picchio,PICO,Fixed-Wing,Piston
GENERAL AVIA,F-20 Pegaso,PEGA,Fixed-Wing,Piston
GENERAL AVIA,F-20TP Condor,CNDR,Fixed-Wing,Turboprop/Turboshaft
GENERAL AVIA,F-22 Pinguino,PINO,Fixed-Wing,Piston
GENERAL AVIA,F-22 Pinguino Sprint,PINO,Fixed-Wing,Piston
GENERAL AVIA,F-220 Airone,ARON,Fixed-Wing,Piston
GENERAL AVIA,F-1300 Jet Squalus,JSQA,Fixed-Wing,Jet
GENERAL AVIA,Jet Squalus,JSQA,Fixed-Wing,Jet
GENERAL AVIA,Pegaso,PEGA,Fixed-Wing,Piston
GENERAL AVIA,Picchio,PICO,Fixed-Wing,Piston
GENERAL AVIA,Pinguino,PINO,Fixed-Wing,Piston
GENERAL AVIA,Pinguino Sprint,PINO,Fixed-Wing,Piston
GENERAL DYNAMICS,Aardvark,F111,Fixed-Wing,Jet
GENERAL DYNAMICS,Barak,F16,Fixed-Wing,Jet
GENERAL DYNAMICS,Brakeet,F16,Fixed-Wing,Jet
GENERAL DYNAMICS,EF-111 Raven,F111,Fixed-Wing,Jet
GENERAL DYNAMICS,F-16 Barak,F16,Fixed-Wing,Jet
GENERAL DYNAMICS,F-16 Brakeet,F16,Fixed-Wing,Jet
GENERAL DYNAMICS,F-16 Netz,F16,Fixed-Wing,Jet
GENERAL DYNAMICS,F-111 Aardvark,F111,Fixed-Wing,Jet
GENERAL DYNAMICS,Netz,F16,Fixed-Wing,Jet
GENERAL DYNAMICS,NF-16 Fighting Falcon,F16,Fixed-Wing,Jet
GENERAL DYNAMICS,Raven,F111,Fixed-Wing,Jet
GENERAL DYNAMICS,RF-111 Aardvark,F111,Fixed-Wing,Jet
GENERAL DYNAMICS,TF-16 Fighting Falcon,F16,Fixed-Wing,Jet
GENERAL DYNAMICS,F-16 Fighting Falcon,F16,Fixed-Wing,Jet
GENERAL DYNAMICS,Fighting Falcon,F16,Fixed-Wing,Jet
GENERAL MOTORS,Avenger,TBM,Fixed-Wing,Piston
GENERAL MOTORS,FM Wildcat,WCAT,Fixed-Wing,Piston
GENERAL MOTORS,TBM Avenger,TBM,Fixed-Wing,Piston
GENERAL MOTORS,Wildcat,WCAT,Fixed-Wing,Piston
GENEVATION,GenPro,GPRO,Fixed-Wing,Piston
GERMAN BIANCO,MB-308,M308,Fixed-Wing,Piston
GILES,G-200,G200,Fixed-Wing,Piston
GILES,G-202,G202,Fixed-Wing,Piston
GILES,G-222,CP22,Fixed-Wing,Piston
GILES,G-300,G300,Fixed-Wing,Piston
GIPPSAERO,GA-10,GA10,Fixed-Wing,Turboprop/Turboshaft
GIPPSAERO,GA-8 Airvan,GA8,Fixed-Wing,Piston
GIPPSAERO,Airvan,GA8,Fixed-Wing,Piston
GIPPSLAND,Airvan,GA8,Fixed-Wing,Piston
GIPPSLAND,Fatman,GA20,Fixed-Wing,Piston
GIPPSLAND,GA-8 Airvan,GA8,Fixed-Wing,Piston
GIPPSLAND,GA-200 Fatman,GA20,Fixed-Wing,Piston
GLASAIR,GlaStar,GLST,Fixed-Wing,Piston
GLASAIR,Sportsman 2+2,GLST,Fixed-Wing,Piston
GLASAIR,Glasair,GLAS,Fixed-Wing,Piston
GLASER-DIRKS,DG-400,DG40,Fixed-Wing,Piston
GLASER-DIRKS,DG-500M,DG50,Fixed-Wing,Piston
GLASER-DIRKS,DG-600M,DG60,Fixed-Wing,Piston
GLASER-DIRKS,DG-800,DG80,Fixed-Wing,Piston
GLASS,SG-70 STOLGlass,SG70,Fixed-Wing,Piston
GLASS,STOLGlass,SG70,Fixed-Wing,Piston
GLASSIC,SQ-2000,SQ2T,Fixed-Wing,Piston
GLOBAL,Huey 800,UH1,Helicopter,Turboprop/Turboshaft
GLOBE,GC-1 Swift,GC1,Fixed-Wing,Piston
GLOBE,Swift,GC1,Fixed-Wing,Piston
GLOS AIR,Glos-Airtourer,TOUR,Fixed-Wing,Piston
GLOSTER,Gauntlet,GAUN,Fixed-Wing,Piston
GLOSTER,Gladiator,GLAD,Fixed-Wing,Piston
GLOSTER,Meteor,METR,Fixed-Wing,Jet
GM&T,GM&T Pretty Flight,PRET,Fixed-Wing,Piston
GOAIR,GT-1 Trainer,GOTR,Fixed-Wing,Piston
GOAIR,Trainer,GOTR,Fixed-Wing,Piston
GOBOSH,G-700,AAT4,Fixed-Wing,Piston
GOBOSH,G-800,VL3,Fixed-Wing,Piston
GOGETAIR,G-600,ONE,Fixed-Wing,Piston
GOGETAIR,G-750T,ONE,Fixed-Wing,Piston
GOLDEN CAR,F-30 Brio,F30,Fixed-Wing,Piston
GOLDEN CAR,Brio,F30,Fixed-Wing,Piston
GOLDEN CIRCLE,T-Bird 2 Cargo,TBR3,Fixed-Wing,Piston
GOLDEN CIRCLE,T-Bird 3,TBR3,Fixed-Wing,Piston
GOMOLZIG,RF-9,RF9,Fixed-Wing,Piston
GOODYEAR,Corsair,CORS,Fixed-Wing,Piston
GOODYEAR,FG Corsair,CORS,Fixed-Wing,Piston
GREAT LAKES,2T-1 Sport,G2T1,Fixed-Wing,Piston
GREAT LAKES,2T-1 Sport Trainer,G2T1,Fixed-Wing,Piston
GREAT LAKES,Sport,G2T1,Fixed-Wing,Piston
GREAT LAKES,Sport Trainer,G2T1,Fixed-Wing,Piston
GREAT PLAINS,Sonerai,SRAI,Fixed-Wing,Piston
GREGA,Aircamper,CAMP,Fixed-Wing,Piston
GREGA,GN-1 Aircamper,CAMP,Fixed-Wing,Piston
GRIFFON,Lionheart,LION,Fixed-Wing,Piston
GRIFFON AERO,Griffon,GRFN,Fixed-Wing,Piston
GRINVALDS,G-801 Orion,G800,Fixed-Wing,Piston
GRINVALDS,G-802 Orion,G800,Fixed-Wing,Piston
GRINVALDS,Orion,G800,Fixed-Wing,Piston
GROB,Acro,G15T,Fixed-Wing,Piston
GROB,Bavarian,G115,Fixed-Wing,Piston
GROB,D-500 Egrett 2,EGRT,Fixed-Wing,Turboprop/Turboshaft
GROB,Egrett 2,EGRT,Fixed-Wing,Turboprop/Turboshaft
GROB,G-103C Twin 3SL,G103,Fixed-Wing,Piston
GROB,G-109,G109,Fixed-Wing,Piston
GROB,G-109 Ranger,G109,Fixed-Wing,Piston
GROB,G-109 Vigilant,G109,Fixed-Wing,Piston
GROB,G-115,G115,Fixed-Wing,Piston
GROB,G-115A,G115,Fixed-Wing,Piston
GROB,G-115B,G115,Fixed-Wing,Piston
GROB,G-115C,G115,Fixed-Wing,Piston
GROB,G-115D,G115,Fixed-Wing,Piston
GROB,G-115D Bavarian,G115,Fixed-Wing,Piston
GROB,G-115D Heron,G115,Fixed-Wing,Piston
GROB,G-115E,G115,Fixed-Wing,Piston
GROB,G-115E Tutor,G115,Fixed-Wing,Piston
GROB,G-115T Acro,G15T,Fixed-Wing,Piston
GROB,G-120,G120,Fixed-Wing,Piston
GROB,G-120 Snunit,G120,Fixed-Wing,Piston
GROB,G-140TP,G140,Fixed-Wing,Turboprop/Turboshaft
GROB,G-160 Ranger,G160,Fixed-Wing,Turboprop/Turboshaft
GROB,G-180 SPn Utility Jet,GSPN,Fixed-Wing,Jet
GROB,G-520 Strato 1,EGRT,Fixed-Wing,Turboprop/Turboshaft
GROB,G-850 Strato 2C,G850,Fixed-Wing,Piston
GROB,GF-200,GF20,Fixed-Wing,Piston
GROB,Heron,G115,Fixed-Wing,Piston
GROB,Ranger (G-109),G109,Fixed-Wing,Piston
GROB,Ranger (G-160),G160,Fixed-Wing,Turboprop/Turboshaft
GROB,Snunit,G120,Fixed-Wing,Piston
GROB,SPn Utility Jet,GSPN,Fixed-Wing,Jet
GROB,Strato 1,EGRT,Fixed-Wing,Turboprop/Turboshaft
GROB,Strato 2C,G850,Fixed-Wing,Piston
GROB,Tutor,G115,Fixed-Wing,Piston
GROB,Twin 3SL,G103,Fixed-Wing,Piston
GROB,Vigilant,G109,Fixed-Wing,Piston
GROB,G-120TP,G12T,Fixed-Wing,Turboprop/Turboshaft
GROEN,H2X Hawk 3,HAW3,Gyrocopter,Piston
GROEN,Hawk 3,HAW3,Gyrocopter,Piston
GROEN,Hawk 4,HW4P,Gyrocopter,Piston
GROEN,Jet Hawk 4T,HW4T,Gyrocopter,Turboprop/Turboshaft
GROEN,Revcon 6G,REV6,Gyrocopter,Turboprop/Turboshaft
GROPPO,Trail,TRAL,Fixed-Wing,Piston
GROPPO,G-70,G70,Fixed-Wing,Piston
GROSSO,Easy Eagle,EAEA,Fixed-Wing,Piston
GROVE,GR-2 Whisper,WHIS,Fixed-Wing,Piston
GROVE,Whisper,WHIS,Fixed-Wing,Piston
GROVER,J-6 Karatoo,KTOO,Fixed-Wing,Piston
GROVER,Karatoo,KTOO,Fixed-Wing,Piston
GRUMMAN,A-6 Intruder,A6,Fixed-Wing,Jet
GRUMMAN,Academe,G159,Fixed-Wing,Turboprop/Turboshaft
GRUMMAN,Ag-Cat,G164,Fixed-Wing,Piston
GRUMMAN,Albatross,U16,Amphibian,Piston
GRUMMAN,AO-1 Mohawk,V1,Fixed-Wing,Turboprop/Turboshaft
GRUMMAN,Avenger,TBM,Fixed-Wing,Piston
GRUMMAN,Bearcat,BCAT,Fixed-Wing,Piston
GRUMMAN,C-1 Trader,G96,Fixed-Wing,Piston
GRUMMAN,C-2 Greyhound,C2,Fixed-Wing,Turboprop/Turboshaft
GRUMMAN,C-20J Gulfstream 2SP,GLF2,Fixed-Wing,Jet
GRUMMAN,Daya,E2,Fixed-Wing,Turboprop/Turboshaft
GRUMMAN,E-2 Daya,E2,Fixed-Wing,Turboprop/Turboshaft
GRUMMAN,E-2 Hawkeye,E2,Fixed-Wing,Turboprop/Turboshaft
GRUMMAN,E-8 J-Stars,B703,Fixed-Wing,Jet
GRUMMAN,EA-6 Prowler,A6,Fixed-Wing,Jet
GRUMMAN,EF-111 Raven,F111,Fixed-Wing,Jet
GRUMMAN,F3F Replica,F3F,Fixed-Wing,Piston
GRUMMAN,F4F Wildcat,WCAT,Fixed-Wing,Piston
GRUMMAN,F6F Hellcat,HCAT,Fixed-Wing,Piston
GRUMMAN,F7F Tigercat,TCAT,Fixed-Wing,Piston
GRUMMAN,F8F Bearcat,BCAT,Fixed-Wing,Piston
GRUMMAN,F9F Panther,F9F,Fixed-Wing,Jet
GRUMMAN,F-14 Tomcat,F14,Fixed-Wing,Jet
GRUMMAN,G-11 Replica,F3F,Fixed-Wing,Piston
GRUMMAN,G-21A Goose,G21,Amphibian,Piston
GRUMMAN,G-32 Replica,F3F,Fixed-Wing,Piston
GRUMMAN,G-36 Wildcat,WCAT,Fixed-Wing,Piston
GRUMMAN,G-38 Goose,G21,Amphibian,Piston
GRUMMAN,G-39 Goose,G21,Amphibian,Piston
GRUMMAN,G-40 Avenger,TBM,Fixed-Wing,Piston
GRUMMAN,G-44 Widgeon,G44,Amphibian,Piston
GRUMMAN,G-50 Hellcat,HCAT,Fixed-Wing,Piston
GRUMMAN,G-51 Tigercat,TCAT,Fixed-Wing,Piston
GRUMMAN,G-58 Bearcat,BCAT,Fixed-Wing,Piston
GRUMMAN,G-64 Albatross,U16,Amphibian,Piston
GRUMMAN,G-73 Mallard,G73,Amphibian,Piston
GRUMMAN,G-73T Turbo Mallard,G73T,Amphibian,Turboprop/Turboshaft
GRUMMAN,G-79 Panther,F9F,Fixed-Wing,Jet
GRUMMAN,G-89 Tracker,S2P,Fixed-Wing,Piston
GRUMMAN,G-96 Trader,G96,Fixed-Wing,Piston
GRUMMAN,G-111 Albatross,U16,Amphibian,Piston
GRUMMAN,G-128 Intruder,A6,Fixed-Wing,Jet
GRUMMAN,G-128 Prowler,A6,Fixed-Wing,Jet
GRUMMAN,G-134 Mohawk,V1,Fixed-Wing,Turboprop/Turboshaft
GRUMMAN,G-159 Gulfstream 1,G159,Fixed-Wing,Turboprop/Turboshaft
GRUMMAN,G-164 Ag-Cat,G164,Fixed-Wing,Piston
GRUMMAN,G-164 Super Ag-Cat,G164,Fixed-Wing,Piston
GRUMMAN,G-164 Turbo Ag-Cat,G64T,Fixed-Wing,Turboprop/Turboshaft
GRUMMAN,G-1159 Gulfstream 2,GLF2,Fixed-Wing,Jet
GRUMMAN,G-1159 Gulfstream 2SP,GLF2,Fixed-Wing,Jet
GRUMMAN,G-1159B Gulfstream 2B,GLF2,Fixed-Wing,Jet
GRUMMAN,Goose,G21,Amphibian,Piston
GRUMMAN,Greyhound,C2,Fixed-Wing,Turboprop/Turboshaft
GRUMMAN,Gulfstream 1,G159,Fixed-Wing,Turboprop/Turboshaft
GRUMMAN,Gulfstream 2,GLF2,Fixed-Wing,Jet
GRUMMAN,Gulfstream 2B,GLF2,Fixed-Wing,Jet
GRUMMAN,Gulfstream 2SP,GLF2,Fixed-Wing,Jet
GRUMMAN,Hawkeye,E2,Fixed-Wing,Turboprop/Turboshaft
GRUMMAN,Hellcat,HCAT,Fixed-Wing,Piston
GRUMMAN,HU-16 Albatross,U16,Amphibian,Piston
GRUMMAN,Intruder,A6,Fixed-Wing,Jet
GRUMMAN,J4F Widgeon,G44,Amphibian,Piston
GRUMMAN,JRF Goose,G21,Amphibian,Piston
GRUMMAN,J-Stars,B703,Fixed-Wing,Jet
GRUMMAN,KA-6 Intruder,A6,Fixed-Wing,Jet
GRUMMAN,Mallard,G73,Amphibian,Piston
GRUMMAN,Mohawk,V1,Fixed-Wing,Turboprop/Turboshaft
GRUMMAN,OV-1 Mohawk,V1,Fixed-Wing,Turboprop/Turboshaft
GRUMMAN,P-16 Tracker,S2P,Fixed-Wing,Piston
GRUMMAN,Panther,F9F,Fixed-Wing,Jet
GRUMMAN,Prowler,A6,Fixed-Wing,Jet
GRUMMAN,Raven,F111,Fixed-Wing,Jet
GRUMMAN,RV-1 Mohawk,V1,Fixed-Wing,Turboprop/Turboshaft
GRUMMAN,S-2 Tracker,S2P,Fixed-Wing,Piston
GRUMMAN,S-2 Turbo Tracker,S2T,Fixed-Wing,Turboprop/Turboshaft
GRUMMAN,S2F Tracker,S2P,Fixed-Wing,Piston
GRUMMAN,SA-16 Albatross,U16,Amphibian,Piston
GRUMMAN,Super Ag-Cat,G164,Fixed-Wing,Piston
GRUMMAN,TBF Avenger,TBM,Fixed-Wing,Piston
GRUMMAN,TC-4 Academe,G159,Fixed-Wing,Turboprop/Turboshaft
GRUMMAN,TE-2 Hawkeye,E2,Fixed-Wing,Turboprop/Turboshaft
GRUMMAN,TF Trader,G96,Fixed-Wing,Piston
GRUMMAN,Tigercat,TCAT,Fixed-Wing,Piston
GRUMMAN,Tomcat,F14,Fixed-Wing,Jet
GRUMMAN,Tracker,S2P,Fixed-Wing,Piston
GRUMMAN,Trader,G96,Fixed-Wing,Piston
GRUMMAN,Turbo Ag-Cat,G64T,Fixed-Wing,Turboprop/Turboshaft
GRUMMAN,Turbo Mallard,G73T,Amphibian,Turboprop/Turboshaft
GRUMMAN,Turbo Tracker,S2T,Fixed-Wing,Turboprop/Turboshaft
GRUMMAN,UF Albatross,U16,Amphibian,Piston
GRUMMAN,VC-4 Gulfstream 1,G159,Fixed-Wing,Turboprop/Turboshaft
GRUMMAN,VC-11 Gulfstream 2,GLF2,Fixed-Wing,Jet
GRUMMAN,Widgeon,G44,Amphibian,Piston
GRUMMAN,Wildcat,WCAT,Fixed-Wing,Piston
GRUMMAN AMERICAN,AA-1 Lynx,AA1,Fixed-Wing,Piston
GRUMMAN AMERICAN,AA-1 T-Cat,AA1,Fixed-Wing,Piston
GRUMMAN AMERICAN,AA-1 Tr2,AA1,Fixed-Wing,Piston
GRUMMAN AMERICAN,AA-1 Trainer,AA1,Fixed-Wing,Piston
GRUMMAN AMERICAN,AA-5 Cheetah,AA5,Fixed-Wing,Piston
GRUMMAN AMERICAN,AA-5 Tiger,AA5,Fixed-Wing,Piston
GRUMMAN AMERICAN,AA-5 Traveler,AA5,Fixed-Wing,Piston
GRUMMAN AMERICAN,Ag-Cat,G164,Fixed-Wing,Piston
GRUMMAN AMERICAN,Cheetah,AA5,Fixed-Wing,Piston
GRUMMAN AMERICAN,Cougar,GA7,Fixed-Wing,Piston
GRUMMAN AMERICAN,G-164 Ag-Cat,G164,Fixed-Wing,Piston
GRUMMAN AMERICAN,G-164 Super Ag-Cat,G164,Fixed-Wing,Piston
GRUMMAN AMERICAN,G-164 Turbo Ag-Cat,G64T,Fixed-Wing,Turboprop/Turboshaft
GRUMMAN AMERICAN,G-1159 Gulfstream 2,GLF2,Fixed-Wing,Jet
GRUMMAN AMERICAN,G-1159 Gulfstream 2SP,GLF2,Fixed-Wing,Jet
GRUMMAN AMERICAN,G-1159B Gulfstream 2B,GLF2,Fixed-Wing,Jet
GRUMMAN AMERICAN,G-1159TT Gulfstream 2TT,GLF2,Fixed-Wing,Jet
GRUMMAN AMERICAN,GA-7 Cougar,GA7,Fixed-Wing,Piston
GRUMMAN AMERICAN,Gulfstream 2,GLF2,Fixed-Wing,Jet
GRUMMAN AMERICAN,Gulfstream 2B,GLF2,Fixed-Wing,Jet
GRUMMAN AMERICAN,Gulfstream 2SP,GLF2,Fixed-Wing,Jet
GRUMMAN AMERICAN,Gulfstream 2TT,GLF2,Fixed-Wing,Jet
GRUMMAN AMERICAN,Lynx,AA1,Fixed-Wing,Piston
GRUMMAN AMERICAN,Super Ag-Cat,G164,Fixed-Wing,Piston
GRUMMAN AMERICAN,T-Cat,AA1,Fixed-Wing,Piston
GRUMMAN AMERICAN,Tiger,AA5,Fixed-Wing,Piston
GRUMMAN AMERICAN,Tr2,AA1,Fixed-Wing,Piston
GRUMMAN AMERICAN,Trainer,AA1,Fixed-Wing,Piston
GRUMMAN AMERICAN,Traveler,AA5,Fixed-Wing,Piston
GRUMMAN AMERICAN,Turbo Ag-Cat,G64T,Fixed-Wing,Turboprop/Turboshaft
GRYF,MD-3 Rider,MD3R,Fixed-Wing,Piston
GRYF,MD-3 SportRider,MD3R,Fixed-Wing,Piston
GRYF,Rider,MD3R,Fixed-Wing,Piston
GRYF,SportRider,MD3R,Fixed-Wing,Piston
GRYF,P-27 Skyster,P27,Fixed-Wing,Piston
GRYF,Skyster,P27,Fixed-Wing,Piston
GUERIN,G-1,G1,Fixed-Wing,Piston
GUIMBAL,Cabri,G2CA,Helicopter,Piston
GUIMBAL,G-2 Cabri,G2CA,Helicopter,Piston
GUIZHOU,F-6,MG19,Fixed-Wing,Jet
GUIZHOU,FT-7,MG21,Fixed-Wing,Jet
GUIZHOU,FTC-2000 Shanying,JL9,Fixed-Wing,Jet
GUIZHOU,J-6,MG19,Fixed-Wing,Jet
GUIZHOU,JJ-7,MG21,Fixed-Wing,Jet
GUIZHOU,JL-9 Shanying,JL9,Fixed-Wing,Jet
GUIZHOU,Shanying,JL9,Fixed-Wing,Jet
GULFSTREAM AEROSPACE,690 Jetprop Commander 840,AC90,Fixed-Wing,Turboprop/Turboshaft
GULFSTREAM AEROSPACE,690 Jetprop Commander 900,AC90,Fixed-Wing,Turboprop/Turboshaft
GULFSTREAM AEROSPACE,695 Jetprop Commander 980,AC95,Fixed-Wing,Turboprop/Turboshaft
GULFSTREAM AEROSPACE,695 Jetprop Commander 1000,AC95,Fixed-Wing,Turboprop/Turboshaft
GULFSTREAM AEROSPACE,C-20A Gulfstream 3,GLF3,Fixed-Wing,Jet
GULFSTREAM AEROSPACE,C-20B Gulfstream 3,GLF3,Fixed-Wing,Jet
GULFSTREAM AEROSPACE,C-20C Gulfstream 3,GLF3,Fixed-Wing,Jet
GULFSTREAM AEROSPACE,C-20D Gulfstream 3,GLF3,Fixed-Wing,Jet
GULFSTREAM AEROSPACE,C-20E Gulfstream 3,GLF3,Fixed-Wing,Jet
GULFSTREAM AEROSPACE,C-20F Gulfstream 4,GLF4,Fixed-Wing,Jet
GULFSTREAM AEROSPACE,C-20G Gulfstream 4,GLF4,Fixed-Wing,Jet
GULFSTREAM AEROSPACE,C-20H Gulfstream 4,GLF4,Fixed-Wing,Jet
GULFSTREAM AEROSPACE,C-37 Gulfstream 5,GLF5,Fixed-Wing,Jet
GULFSTREAM AEROSPACE,G-4 Gulfstream 4,GLF4,Fixed-Wing,Jet
GULFSTREAM AEROSPACE,G-4 Gulfstream 4SP,GLF4,Fixed-Wing,Jet
GULFSTREAM AEROSPACE,G-4 Gulfstream G300,GLF4,Fixed-Wing,Jet
GULFSTREAM AEROSPACE,G-4 Gulfstream G350,GLF4,Fixed-Wing,Jet
GULFSTREAM AEROSPACE,G-4 Gulfstream G400,GLF4,Fixed-Wing,Jet
GULFSTREAM AEROSPACE,G-4 Gulfstream SRA-4,GLF4,Fixed-Wing,Jet
GULFSTREAM AEROSPACE,G-4X Gulfstream G450,GLF4,Fixed-Wing,Jet
GULFSTREAM AEROSPACE,G-5 Gulfstream 5,GLF5,Fixed-Wing,Jet
GULFSTREAM AEROSPACE,G-5SP Gulfstream 5SP,GLF5,Fixed-Wing,Jet
GULFSTREAM AEROSPACE,G-5SP Gulfstream G500,GLF5,Fixed-Wing,Jet
GULFSTREAM AEROSPACE,G-5SP Gulfstream G550,GLF5,Fixed-Wing,Jet
GULFSTREAM AEROSPACE,G-1159A Gulfstream 3,GLF3,Fixed-Wing,Jet
GULFSTREAM AEROSPACE,G-1159A Gulfstream SRA-1,GLF3,Fixed-Wing,Jet
GULFSTREAM AEROSPACE,Shavit,GLF5,Fixed-Wing,Jet
GULFSTREAM AEROSPACE,G-5 Shavit,GLF5,Fixed-Wing,Jet
GULFSTREAM AEROSPACE,Gulfstream 3,GLF3,Fixed-Wing,Jet
GULFSTREAM AEROSPACE,Gulfstream 4,GLF4,Fixed-Wing,Jet
GULFSTREAM AEROSPACE,Gulfstream 4SP,GLF4,Fixed-Wing,Jet
GULFSTREAM AEROSPACE,Gulfstream 5,GLF5,Fixed-Wing,Jet
GULFSTREAM AEROSPACE,Gulfstream 5SP,GLF5,Fixed-Wing,Jet
GULFSTREAM AEROSPACE,Gulfstream G300,GLF4,Fixed-Wing,Jet
GULFSTREAM AEROSPACE,Gulfstream G350,GLF4,Fixed-Wing,Jet
GULFSTREAM AEROSPACE,Gulfstream G400,GLF4,Fixed-Wing,Jet
GULFSTREAM AEROSPACE,Gulfstream G450,GLF4,Fixed-Wing,Jet
GULFSTREAM AEROSPACE,Gulfstream G550,GLF5,Fixed-Wing,Jet
GULFSTREAM AEROSPACE,Gulfstream SRA-1,GLF3,Fixed-Wing,Jet
GULFSTREAM AEROSPACE,Gulfstream SRA-4,GLF4,Fixed-Wing,Jet
GULFSTREAM AEROSPACE,Jetprop Commander 840,AC90,Fixed-Wing,Turboprop/Turboshaft
GULFSTREAM AEROSPACE,Jetprop Commander 900,AC90,Fixed-Wing,Turboprop/Turboshaft
GULFSTREAM AEROSPACE,Jetprop Commander 980,AC95,Fixed-Wing,Turboprop/Turboshaft
GULFSTREAM AEROSPACE,Jetprop Commander 1000,AC95,Fixed-Wing,Turboprop/Turboshaft
GULFSTREAM AEROSPACE,S102 Gulfstream 4,GLF4,Fixed-Wing,Jet
GULFSTREAM AEROSPACE,G-5SP Eitam,GLF5,Fixed-Wing,Jet
GULFSTREAM AEROSPACE,Tp102 Gulfstream 4,GLF4,Fixed-Wing,Jet
GULFSTREAM AEROSPACE,U-4 Gulfstream 4,GLF4,Fixed-Wing,Jet
GULFSTREAM AEROSPACE,Eitam,GLF5,Fixed-Wing,Jet
GULFSTREAM AEROSPACE,Gulfstream G650,GLF6,Fixed-Wing,Jet
GULFSTREAM AEROSPACE,Gulfstream G280,G280,Fixed-Wing,Jet
GULFSTREAM AEROSPACE,Gulfstream G500 (G-5SP),GLF5,Fixed-Wing,Jet
GULFSTREAM AEROSPACE,Gulfstream G100,ASTR,Fixed-Wing,Jet
GULFSTREAM AEROSPACE,Gulfstream G150,G150,Fixed-Wing,Jet
GULFSTREAM AEROSPACE,Gulfstream G200,GALX,Fixed-Wing,Jet
GULFSTREAM AEROSPACE,Gulfstream G250,G250,Fixed-Wing,Jet
GULFSTREAM AEROSPACE,G-7 Gulfstream G500,GA5C,Fixed-Wing,Jet
GULFSTREAM AEROSPACE,G-7 Gulfstream G600,GA6C,Fixed-Wing,Jet
GULFSTREAM AEROSPACE,Gulfstream G500 (G-7),GA5C,Fixed-Wing,Jet
GULFSTREAM AEROSPACE,Gulfstream G600,GA6C,Fixed-Wing,Jet
GULFSTREAM AEROSPACE,G-8 Gulfstream G700,GA7C,Fixed-Wing,Jet
GULFSTREAM AEROSPACE,Gulfstream G700,GA7C,Fixed-Wing,Jet
GULFSTREAM AMERICAN,690 Jetprop Commander 840,AC90,Fixed-Wing,Turboprop/Turboshaft
GULFSTREAM AMERICAN,690 Jetprop Commander 900,AC90,Fixed-Wing,Turboprop/Turboshaft
GULFSTREAM AMERICAN,695 Jetprop Commander 980,AC95,Fixed-Wing,Turboprop/Turboshaft
GULFSTREAM AMERICAN,695 Jetprop Commander 1000,AC95,Fixed-Wing,Turboprop/Turboshaft
GULFSTREAM AMERICAN,AA-1 Lynx,AA1,Fixed-Wing,Piston
GULFSTREAM AMERICAN,AA-1 T-Cat,AA1,Fixed-Wing,Piston
GULFSTREAM AMERICAN,AA-5 Cheetah,AA5,Fixed-Wing,Piston
GULFSTREAM AMERICAN,AA-5 Tiger,AA5,Fixed-Wing,Piston
GULFSTREAM AMERICAN,Ag-Cat,G164,Fixed-Wing,Piston
GULFSTREAM AMERICAN,Cheetah,AA5,Fixed-Wing,Piston
GULFSTREAM AMERICAN,Cougar,GA7,Fixed-Wing,Piston
GULFSTREAM AMERICAN,G-164 Ag-Cat,G164,Fixed-Wing,Piston
GULFSTREAM AMERICAN,G-164 Super Ag-Cat,G164,Fixed-Wing,Piston
GULFSTREAM AMERICAN,G-164 Turbo Ag-Cat,G64T,Fixed-Wing,Turboprop/Turboshaft
GULFSTREAM AMERICAN,G-1159 Gulfstream 2,GLF2,Fixed-Wing,Jet
GULFSTREAM AMERICAN,G-1159 Gulfstream 2SP,GLF2,Fixed-Wing,Jet
GULFSTREAM AMERICAN,G-1159A Gulfstream 3,GLF3,Fixed-Wing,Jet
GULFSTREAM AMERICAN,G-1159A Gulfstream SMA-3,GLF3,Fixed-Wing,Jet
GULFSTREAM AMERICAN,G-1159B Gulfstream 2B,GLF2,Fixed-Wing,Jet
GULFSTREAM AMERICAN,G-1159TT Gulfstream 2TT,GLF2,Fixed-Wing,Jet
GULFSTREAM AMERICAN,GA-7 Cougar,GA7,Fixed-Wing,Piston
GULFSTREAM AMERICAN,Gulfstream 2,GLF2,Fixed-Wing,Jet
GULFSTREAM AMERICAN,Gulfstream 2B,GLF2,Fixed-Wing,Jet
GULFSTREAM AMERICAN,Gulfstream 2SP,GLF2,Fixed-Wing,Jet
GULFSTREAM AMERICAN,Gulfstream 2TT,GLF2,Fixed-Wing,Jet
GULFSTREAM AMERICAN,Gulfstream 3,GLF3,Fixed-Wing,Jet
GULFSTREAM AMERICAN,Gulfstream SMA-3,GLF3,Fixed-Wing,Jet
GULFSTREAM AMERICAN,Jetprop Commander 840,AC90,Fixed-Wing,Turboprop/Turboshaft
GULFSTREAM AMERICAN,Jetprop Commander 900,AC90,Fixed-Wing,Turboprop/Turboshaft
GULFSTREAM AMERICAN,Jetprop Commander 980,AC95,Fixed-Wing,Turboprop/Turboshaft
GULFSTREAM AMERICAN,Jetprop Commander 1000,AC95,Fixed-Wing,Turboprop/Turboshaft
GULFSTREAM AMERICAN,Lynx,AA1,Fixed-Wing,Piston
GULFSTREAM AMERICAN,Super Ag-Cat,G164,Fixed-Wing,Piston
GULFSTREAM AMERICAN,T-Cat,AA1,Fixed-Wing,Piston
GULFSTREAM AMERICAN,Tiger,AA5,Fixed-Wing,Piston
GULFSTREAM AMERICAN,Turbo Ag-Cat,G64T,Fixed-Wing,Turboprop/Turboshaft
GYROFLUG,SC-01 Speed Canard,SC01,Fixed-Wing,Piston
GYROFLUG,Speed Canard,SC01,Fixed-Wing,Piston
GÖTAVERKEN,GV-38,SPST,Fixed-Wing,Piston
HAGGLUND,Bestmann,BU81,Fixed-Wing,Piston
HAGGLUND,Bü-181 Bestmann,BU81,Fixed-Wing,Piston
HAINZ,CP-301 Emeraude,CP30,Fixed-Wing,Piston
HAINZ,Emeraude,CP30,Fixed-Wing,Piston
HALBERSTADT,D-4 Replica,HLD4,Fixed-Wing,Piston
HALL,WH-4 Harpoon,WH4,Fixed-Wing,Turboprop/Turboshaft
HALL,WH-6 Harpoon,WH4,Fixed-Wing,Turboprop/Turboshaft
HALL,Harpoon,WH4,Fixed-Wing,Turboprop/Turboshaft
HALLEY,Apollo Fox,AFOX,Fixed-Wing,Piston
HALSTED,Saffire,SAFF,Fixed-Wing,Piston
HAMILTON,Little Liner,BE18,Fixed-Wing,Piston
HAMILTON,Nomair,T28,Fixed-Wing,Piston
HAMILTON,T-28 Nomair,T28,Fixed-Wing,Piston
HAMILTON,Westwind 2,B18T,Fixed-Wing,Turboprop/Turboshaft
HAMILTON,Westwind 3,B18T,Fixed-Wing,Turboprop/Turboshaft
HANDLEY PAGE,HP-137 Jetstream 1,JS1,Fixed-Wing,Turboprop/Turboshaft
HANDLEY PAGE,HP-137 Jetstream 200,JS20,Fixed-Wing,Turboprop/Turboshaft
HANDLEY PAGE,Jetstream 1,JS1,Fixed-Wing,Turboprop/Turboshaft
HANDLEY PAGE,Jetstream 200,JS20,Fixed-Wing,Turboprop/Turboshaft
HANDLEY PAGE,Jetstream T.Mk.1,JS20,Fixed-Wing,Turboprop/Turboshaft
HANDLEY PAGE,Jetstream T.Mk.2,JS20,Fixed-Wing,Turboprop/Turboshaft
HAPI,Cygnet,SF2,Fixed-Wing,Piston
HAPI,SF-2 Cygnet,SF2,Fixed-Wing,Piston
HARBIN,H-5,IL28,Fixed-Wing,Jet
HARBIN,H-410 Haitun,AS65,Helicopter,Turboprop/Turboshaft
HARBIN,H-425 Haitun,AS65,Helicopter,Turboprop/Turboshaft
HARBIN,Haitun,AS65,Helicopter,Turboprop/Turboshaft
HARBIN,Harbinger,Y12,Fixed-Wing,Turboprop/Turboshaft
HARBIN,HC-120,EC20,Helicopter,Turboprop/Turboshaft
HARBIN,HJ-5,IL28,Fixed-Wing,Jet
HARBIN,HZ-5,IL28,Fixed-Wing,Jet
HARBIN,PS-5,SH5,SeaPlane,Turboprop/Turboshaft
HARBIN,SH-5,SH5,SeaPlane,Turboprop/Turboshaft
HARBIN,WZ-9 Haitun,AS65,Helicopter,Turboprop/Turboshaft
HARBIN,Xuanfeng,MI4,Helicopter,Piston
HARBIN,Y-11,Y11,Fixed-Wing,Piston
HARBIN,Z-5,MI4,Helicopter,Piston
HARBIN,Z-5 Xuanfeng,MI4,Helicopter,Piston
HARBIN,Z-9 Haitun,AS65,Helicopter,Turboprop/Turboshaft
HARBIN,EMB-145LI,E145,Fixed-Wing,Jet
HARBIN,ERJ-145LI,E145,Fixed-Wing,Jet
HARBIN,Y-12-2,Y12,Fixed-Wing,Turboprop/Turboshaft
HARBIN,Y-12-4,Y12,Fixed-Wing,Turboprop/Turboshaft
HARBIN,Aircar,Y12F,Fixed-Wing,Turboprop/Turboshaft
HARBIN,Y-12C,Y12,Fixed-Wing,Turboprop/Turboshaft
HARBIN,Y-12E Harbinger,Y12,Fixed-Wing,Turboprop/Turboshaft
HARBIN,Y-12F Aircar,Y12F,Fixed-Wing,Turboprop/Turboshaft
HARBIN,EMB-135BJ Legacy 650,E35L,Fixed-Wing,Jet
HARBIN,Legacy 650,E35L,Fixed-Wing,Jet
HARMON (1),1-2 Mister America,MRAM,Fixed-Wing,Piston
HARMON (1),Mister America,MRAM,Fixed-Wing,Piston
HARMON (2),Rocket,HROC,Fixed-Wing,Piston
HAT,LS-2,LS2,Fixed-Wing,Piston
HATZ,Biplane,CB1,Fixed-Wing,Piston
HATZ,CB-1 Biplane,CB1,Fixed-Wing,Piston
HAWKER,Cygnet,CYGT,Fixed-Wing,Piston
HAWKER,Cygnet Replica,CYGT,Fixed-Wing,Piston
HAWKER,Fury,FURY,Fixed-Wing,Piston
HAWKER,Hind,HIND,Fixed-Wing,Piston
HAWKER,Hunter,HUNT,Fixed-Wing,Jet
HAWKER,Hurricane,HURI,Fixed-Wing,Piston
HAWKER,Sea Fury,FURY,Fixed-Wing,Piston
HAWKER,Sea Hawk,SHAW,Fixed-Wing,Jet
HAWKER,Sea Hurricane,HURI,Fixed-Wing,Piston
HAWKER BEECHCRAFT,58 Baron,BE58,Fixed-Wing,Piston
HAWKER BEECHCRAFT,90 King Air 90,BE9L,Fixed-Wing,Turboprop/Turboshaft
HAWKER BEECHCRAFT,200 King Air 200,BE20,Fixed-Wing,Turboprop/Turboshaft
HAWKER BEECHCRAFT,300 (B300) King Air 350,B350,Fixed-Wing,Turboprop/Turboshaft
HAWKER BEECHCRAFT,390 Premier 1,PRM1,Fixed-Wing,Jet
HAWKER BEECHCRAFT,4000 Hawker 4000,HA4T,Fixed-Wing,Jet
HAWKER BEECHCRAFT,Baron,BE58,Fixed-Wing,Piston
HAWKER BEECHCRAFT,Hawker 750,H25B,Fixed-Wing,Jet
HAWKER BEECHCRAFT,Hawker 850,H25B,Fixed-Wing,Jet
HAWKER BEECHCRAFT,Hawker 900,H25B,Fixed-Wing,Jet
HAWKER BEECHCRAFT,Hawker 4000,HA4T,Fixed-Wing,Jet
HAWKER BEECHCRAFT,King Air 90,BE9L,Fixed-Wing,Turboprop/Turboshaft
HAWKER BEECHCRAFT,King Air 200,BE20,Fixed-Wing,Turboprop/Turboshaft
HAWKER BEECHCRAFT,King Air 350,B350,Fixed-Wing,Turboprop/Turboshaft
HAWKER BEECHCRAFT,Premier 1,PRM1,Fixed-Wing,Jet
HAWKER BEECHCRAFT,T-6 Texan 2,TEX2,Fixed-Wing,Turboprop/Turboshaft
HAWKER BEECHCRAFT,Texan 2,TEX2,Fixed-Wing,Turboprop/Turboshaft
HAWKER BEECHCRAFT,Hawker 800,H25B,Fixed-Wing,Jet
HAWKER BEECHCRAFT,390 Hawker 200,PRM1,Fixed-Wing,Jet
HAWKER BEECHCRAFT,Hawker 200,PRM1,Fixed-Wing,Jet
HAWKER BEECHCRAFT,300 (B300) Shadow,B350,Fixed-Wing,Turboprop/Turboshaft
HAWKER BEECHCRAFT,Shadow,B350,Fixed-Wing,Turboprop/Turboshaft
HAWKER BEECHCRAFT,AT-6 Texan 2,TEX2,Fixed-Wing,Turboprop/Turboshaft
HAWKER BEECHCRAFT,T-6 Efroni,TEX2,Fixed-Wing,Turboprop/Turboshaft
HAWKER BEECHCRAFT,Efroni,TEX2,Fixed-Wing,Turboprop/Turboshaft
HAWKER BEECHCRAFT,G36 Bonanza,BE36,Fixed-Wing,Piston
HAWKER BEECHCRAFT,Bonanza (G36),BE36,Fixed-Wing,Piston
HAWKER BEECHCRAFT,Hawker 400XP,BE40,Fixed-Wing,Jet
HAWKER BEECHCRAFT,Hawker 400XT,BE4W,Fixed-Wing,Jet
HAWKER BEECHCRAFT,Hawker 400XPR,BE4W,Fixed-Wing,Jet
HAWKER BEECHCRAFT,400XPR  Beechjet,BE4W,Fixed-Wing,Jet
HAWKER BEECHCRAFT,Beechjet (400XPR),BE4W,Fixed-Wing,Jet
HAWKER BEECHCRAFT,MC-12,B350,Fixed-Wing,Turboprop/Turboshaft
HAWKER DE HAVILLAND,Black Hawk,H60,Helicopter,Turboprop/Turboshaft
HAWKER DE HAVILLAND,PC-9,PC9,Fixed-Wing,Turboprop/Turboshaft
HAWKER DE HAVILLAND,S-70 Black Hawk,H60,Helicopter,Turboprop/Turboshaft
HAWKER SIDDELEY,Andover,A748,Fixed-Wing,Turboprop/Turboshaft
HAWKER SIDDELEY,AV-8 Harrier,HAR,Fixed-Wing,Jet
HAWKER SIDDELEY,Buccaneer,BUC,Fixed-Wing,Jet
HAWKER SIDDELEY,C-91,A748,Fixed-Wing,Turboprop/Turboshaft
HAWKER SIDDELEY,DH-104 Dove,DOVE,Fixed-Wing,Piston
HAWKER SIDDELEY,DH-114 Heron,HERN,Fixed-Wing,Piston
HAWKER SIDDELEY,Dominie,H25A,Fixed-Wing,Jet
HAWKER SIDDELEY,Dove,DOVE,Fixed-Wing,Piston
HAWKER SIDDELEY,EC-93,H25A,Fixed-Wing,Jet
HAWKER SIDDELEY,EU-93,H25A,Fixed-Wing,Jet
HAWKER SIDDELEY,Gnat,GNAT,Fixed-Wing,Jet
HAWKER SIDDELEY,Harrier,HAR,Fixed-Wing,Jet
HAWKER SIDDELEY,Hawk,HAWK,Fixed-Wing,Jet
HAWKER SIDDELEY,Heron,HERN,Fixed-Wing,Piston
HAWKER SIDDELEY,HS-125-1,H25A,Fixed-Wing,Jet
HAWKER SIDDELEY,HS-125-2 Dominie,H25A,Fixed-Wing,Jet
HAWKER SIDDELEY,HS-125-3,H25A,Fixed-Wing,Jet
HAWKER SIDDELEY,HS-125-400,H25A,Fixed-Wing,Jet
HAWKER SIDDELEY,HS-125-600,H25A,Fixed-Wing,Jet
HAWKER SIDDELEY,HS-125-700,H25B,Fixed-Wing,Jet
HAWKER SIDDELEY,HS-748,A748,Fixed-Wing,Turboprop/Turboshaft
HAWKER SIDDELEY,HS-748 Andover,A748,Fixed-Wing,Turboprop/Turboshaft
HAWKER SIDDELEY,HS-780 Andover,A748,Fixed-Wing,Turboprop/Turboshaft
HAWKER SIDDELEY,TAV-8 Harrier,HAR,Fixed-Wing,Jet
HAWKER SIDDELEY,VC-93,H25A,Fixed-Wing,Jet
HAWKER SIDDELEY,VU-93,H25A,Fixed-Wing,Jet
HB-AIRCRAFT,Fledger,H202,Fixed-Wing,Piston
HB-AIRCRAFT,HB-23 Hobbyliner,HB23,Fixed-Wing,Piston
HB-AIRCRAFT,HB-23 Scanliner,HB23,Fixed-Wing,Piston
HB-AIRCRAFT,HB-202 Fledger,H202,Fixed-Wing,Piston
HB-AIRCRAFT,Hobbyliner,HB23,Fixed-Wing,Piston
HB-AIRCRAFT,Scanliner,HB23,Fixed-Wing,Piston
HB-FLUGTECHNIK,Alfa,H207,Fixed-Wing,Piston
HB-FLUGTECHNIK,HB-23 Hobbyliner,HB23,Fixed-Wing,Piston
HB-FLUGTECHNIK,HB-23 Scanliner,HB23,Fixed-Wing,Piston
HB-FLUGTECHNIK,HB-204 Tornado,H204,Fixed-Wing,Piston
HB-FLUGTECHNIK,HB-207 Alfa,H207,Fixed-Wing,Piston
HB-FLUGTECHNIK,Hobbyliner,HB23,Fixed-Wing,Piston
HB-FLUGTECHNIK,Scanliner,HB23,Fixed-Wing,Piston
HB-FLUGTECHNIK,Tornado,H204,Fixed-Wing,Piston
HEINKEL,He-111,H111,Fixed-Wing,Piston
HEINTZ,CH-200 Zénith,CH20,Fixed-Wing,Piston
HEINTZ,Zénith,CH20,Fixed-Wing,Piston
HELI-SPORT,CH-7 Kompress,CH7,Helicopter,Piston
HELI-SPORT,Kompress,CH7,Helicopter,Piston
HELIBRAS,AS-365 Dauphin 2,AS65,Helicopter,Turboprop/Turboshaft
HELIBRAS,AS-565 Panther,AS65,Helicopter,Turboprop/Turboshaft
HELIBRAS,CH-55 Esquilo,AS55,Helicopter,Turboprop/Turboshaft
HELIBRAS,Dauphin 2,AS65,Helicopter,Turboprop/Turboshaft
HELIBRAS,Esquilo (HB-350),AS50,Helicopter,Turboprop/Turboshaft
HELIBRAS,Esquilo (HB-355),AS55,Helicopter,Turboprop/Turboshaft
HELIBRAS,Gaviao,LAMA,Helicopter,Turboprop/Turboshaft
HELIBRAS,HA-1 Esquilo,AS50,Helicopter,Turboprop/Turboshaft
HELIBRAS,HB-315 Gaviao,LAMA,Helicopter,Turboprop/Turboshaft
HELIBRAS,HB-350 Esquilo,AS50,Helicopter,Turboprop/Turboshaft
HELIBRAS,HB-355 Esquilo,AS55,Helicopter,Turboprop/Turboshaft
HELIBRAS,HM-1 Panther,AS65,Helicopter,Turboprop/Turboshaft
HELIBRAS,Panther,AS65,Helicopter,Turboprop/Turboshaft
HELIBRAS,UH-12 Esquilo,AS50,Helicopter,Turboprop/Turboshaft
HELIBRAS,UH-13 Esquilo,AS55,Helicopter,Turboprop/Turboshaft
HELIBRAS,VH-55 Esquilo,AS55,Helicopter,Turboprop/Turboshaft
HELIBRAS,H-50 Esquilo,AS50,Helicopter,Turboprop/Turboshaft
HELICOM,Commuter,COMU,Helicopter,Piston
HELICOM,H-1 Commuter,COMU,Helicopter,Piston
HELIO,AU-24 Stallion,STLN,Fixed-Wing,Turboprop/Turboshaft
HELIO,Courier,COUR,Fixed-Wing,Piston
HELIO,Courier 2,COUR,Fixed-Wing,Piston
HELIO,H-250 Courier 2,COUR,Fixed-Wing,Piston
HELIO,H-295 Super Courier,COUR,Fixed-Wing,Piston
HELIO,H-391 Courier,COUR,Fixed-Wing,Piston
HELIO,H-392 Strato-Courier,COUR,Fixed-Wing,Piston
HELIO,H-395 Courier,COUR,Fixed-Wing,Piston
HELIO,H-395 Super Courier,COUR,Fixed-Wing,Piston
HELIO,H-500 Twin Courier,TCOU,Fixed-Wing,Piston
HELIO,H-700 Courier,COUR,Fixed-Wing,Piston
HELIO,H-800 Courier,COUR,Fixed-Wing,Piston
HELIO,HST-550 Stallion,STLN,Fixed-Wing,Turboprop/Turboshaft
HELIO,HT-295 Super Courier,COUR,Fixed-Wing,Piston
HELIO,Stallion,STLN,Fixed-Wing,Turboprop/Turboshaft
HELIO,Strato-Courier,COUR,Fixed-Wing,Piston
HELIO,Super Courier,COUR,Fixed-Wing,Piston
HELIO,Twin Courier,TCOU,Fixed-Wing,Piston
HELIO,U-5 Twin Courier,TCOU,Fixed-Wing,Piston
HELIO,U-10 Super Courier,COUR,Fixed-Wing,Piston
HELIOPOLIS,Gomhouria,BU81,Fixed-Wing,Piston
HELIPRO,S-61 Shortsky,S61,Helicopter,Turboprop/Turboshaft
HELIPRO,Shortsky,S61,Helicopter,Turboprop/Turboshaft
HELIVERT,AW-139,A139,Helicopter,Turboprop/Turboshaft
HELOWERKS,HX-2 Wasp,HX2,Helicopter,Turboprop/Turboshaft
HELOWERKS,Wasp,HX2,Helicopter,Turboprop/Turboshaft
HELWAN,RF-5 Sperber,RF5,Fixed-Wing,Piston
HELWAN,Sperber,RF5,Fixed-Wing,Piston
HENDERSON,Little Bear,J3,Fixed-Wing,Piston
HESA,Faraz,A140,Fixed-Wing,Turboprop/Turboshaft
HESA,IRAN-140 Faraz,A140,Fixed-Wing,Turboprop/Turboshaft
HESA,Parastu,BE33,Fixed-Wing,Piston
HESA,S-68,PC7,Fixed-Wing,Turboprop/Turboshaft
HESA,Shahed 278,S278,Helicopter,Turboprop/Turboshaft
HESA,Shahed OH-78,S278,Helicopter,Turboprop/Turboshaft
HESA,Shahed 285,S285,Helicopter,Turboprop/Turboshaft
HESA,Shahed AH-85,S285,Helicopter,Turboprop/Turboshaft
HFB,Hansa,HF20,Fixed-Wing,Jet
HFB,HFB-320 Hansa,HF20,Fixed-Wing,Jet
HIGHER CLASS,Super Hornet,SHOR,Fixed-Wing,Piston
HIGHLANDER,Highlander,ARV1,Fixed-Wing,Piston
HILLBERG,EH1-01 Rotormouse,RMOU,Helicopter,Turboprop/Turboshaft
HILLBERG,Rotormouse,RMOU,Helicopter,Turboprop/Turboshaft
HILLER,FH-1100,FH11,Helicopter,Turboprop/Turboshaft
HILLER,H-23 Raven,UH12,Helicopter,Piston
HILLER,HTE Raven,UH12,Helicopter,Piston
HILLER,OH-23 Raven,UH12,Helicopter,Piston
HILLER,Raven,UH12,Helicopter,Piston
HILLER,UH-12B,UH12,Helicopter,Piston
HILLER,UH-12C,UH12,Helicopter,Piston
HILLER,UH-12E,UH12,Helicopter,Piston
HILLER,UH-12E3,UH12,Helicopter,Piston
HILLER,UH-12E3T,H12T,Helicopter,Turboprop/Turboshaft
HILLER,UH-12E4,UH12,Helicopter,Piston
HILLER,UH-12E4T,H12T,Helicopter,Turboprop/Turboshaft
HILLER,UH-12E5,UH12,Helicopter,Piston
HILLER,UH-12ET,H12T,Helicopter,Turboprop/Turboshaft
HILLER,UH-12L3,UH12,Helicopter,Piston
HILLER,UH-12L4,UH12,Helicopter,Piston
HILLER,UH-12SL3,UH12,Helicopter,Piston
HILLER,UH-12SL4,UH12,Helicopter,Piston
HINDUSTAN,228,D228,Fixed-Wing,Turboprop/Turboshaft
HINDUSTAN,748,A748,Fixed-Wing,Turboprop/Turboshaft
HINDUSTAN,ALH Dhruv,ALH,Helicopter,Turboprop/Turboshaft
HINDUSTAN,Bahadur,MG23,Fixed-Wing,Jet
HINDUSTAN,Basant,HA31,Fixed-Wing,Piston
HINDUSTAN,Cheetah,LAMA,Helicopter,Turboprop/Turboshaft
HINDUSTAN,Cheetal,LAMA,Helicopter,Turboprop/Turboshaft
HINDUSTAN,Chetak,ALO3,Helicopter,Turboprop/Turboshaft
HINDUSTAN,Chetan,ALO3,Helicopter,Turboprop/Turboshaft
HINDUSTAN,Deepak,HT32,Fixed-Wing,Piston
HINDUSTAN,Dhruv,ALH,Helicopter,Turboprop/Turboshaft
HINDUSTAN,HA-31 Basant,HA31,Fixed-Wing,Piston
HINDUSTAN,HJT-16 Kiran,HT16,Fixed-Wing,Jet
HINDUSTAN,HJT-36 Sitara,HT36,Fixed-Wing,Jet
HINDUSTAN,HPT-32 Deepak,HT32,Fixed-Wing,Piston
HINDUSTAN,HT-2,HT2,Fixed-Wing,Piston
HINDUSTAN,HTT-34,HT34,Fixed-Wing,Turboprop/Turboshaft
HINDUSTAN,HUL-26 Pushpak,AR11,Fixed-Wing,Piston
HINDUSTAN,Jaguar,JAGR,Fixed-Wing,Jet
HINDUSTAN,Kiran,HT16,Fixed-Wing,Jet
HINDUSTAN,Lancer,LAMA,Helicopter,Turboprop/Turboshaft
HINDUSTAN,MiG-21,MG21,Fixed-Wing,Jet
HINDUSTAN,MiG-27 Bahadur,MG23,Fixed-Wing,Jet
HINDUSTAN,Pushpak,AR11,Fixed-Wing,Piston
HINDUSTAN,SA-315 Cheetah,LAMA,Helicopter,Turboprop/Turboshaft
HINDUSTAN,SA-315 Cheetal,LAMA,Helicopter,Turboprop/Turboshaft
HINDUSTAN,SA-315 Lancer,LAMA,Helicopter,Turboprop/Turboshaft
HINDUSTAN,SA-316 Chetak,ALO3,Helicopter,Turboprop/Turboshaft
HINDUSTAN,SA-316 Chetan,ALO3,Helicopter,Turboprop/Turboshaft
HINDUSTAN,SE-3160 Chetak,ALO3,Helicopter,Turboprop/Turboshaft
HINDUSTAN,Shamsher,JAGR,Fixed-Wing,Jet
HINDUSTAN,Sitara,HT36,Fixed-Wing,Jet
HINDUSTAN,Su-30,SU27,Fixed-Wing,Jet
HINDUSTAN,Hawk,HAWK,Fixed-Wing,Jet
HINDUSTAN,LCA Tejas,LCA,Fixed-Wing,Jet
HINDUSTAN,Tejas,LCA,Fixed-Wing,Jet
HINDUSTAN,LCH,LCH,Helicopter,Turboprop/Turboshaft
HINDUSTAN,HTT-40,HT40,Fixed-Wing,Turboprop/Turboshaft
HIRTH,Acrostar,HI27,Fixed-Wing,Piston
HIRTH,Hi-27 Acrostar,HI27,Fixed-Wing,Piston
HISPANO,223 Flamingo,S223,Fixed-Wing,Piston
HISPANO,Buchon,ME09,Fixed-Wing,Piston
HISPANO,Flamingo,S223,Fixed-Wing,Piston
HISPANO,HA-200 Saeta,SATA,Fixed-Wing,Jet
HISPANO,HA-220 Super Saeta,SATA,Fixed-Wing,Jet
HISPANO,HA-1112 Buchon,ME09,Fixed-Wing,Piston
HISPANO,Saeta,SATA,Fixed-Wing,Jet
HISPANO,Super Saeta,SATA,Fixed-Wing,Jet
HISTORICAL AIRCRAFT,PZL P-11C,HPZL,Fixed-Wing,Piston
HISTORICAL AIRCRAFT,Ryan Trainer,HRYA,Fixed-Wing,Piston
HK,Wega,PULS,Fixed-Wing,Piston
HOAC,DV-20 Katana,DV20,Fixed-Wing,Piston
HOAC,HK-36 Super Dimona,DIMO,Fixed-Wing,Piston
HOAC,Katana,DV20,Fixed-Wing,Piston
HOAC,Super Dimona,DIMO,Fixed-Wing,Piston
HOFFMANN,Dimona,DIMO,Fixed-Wing,Piston
HOFFMANN,H-36 Dimona,DIMO,Fixed-Wing,Piston
HOFFMANN,H-40,H40,Fixed-Wing,Piston
HOLCOMB,Perigee,PGEE,Fixed-Wing,Piston
HOLLMANN,HA-2 Sportster,HA2,Gyrocopter,Piston
HOLLMANN,Sportster,HA2,Gyrocopter,Piston
HONDA,HA-420 HondaJet,HDJT,Fixed-Wing,Jet
HONDA,HondaJet,HDJT,Fixed-Wing,Jet
HONDA-MISSISSIPPI,MH-02,MH02,Fixed-Wing,Jet
HONGDU,A-5,Q5,Fixed-Wing,Jet
HONGDU,BT-6,CJ6,Fixed-Wing,Piston
HONGDU,CJ-6,CJ6,Fixed-Wing,Piston
HONGDU,K-8 Karakorum,K8,Fixed-Wing,Jet
HONGDU,Karakorum,K8,Fixed-Wing,Jet
HONGDU,N-5,N5,Fixed-Wing,Piston
HONGDU,Q-5,Q5,Fixed-Wing,Jet
HONGDU,JL-8,K8,Fixed-Wing,Jet
HONGDU,L-15 Lieying,L15,Fixed-Wing,Jet
HONGDU,Lieying,L15,Fixed-Wing,Jet
HONGDU MD HELICOPTERS,MD-600N,MD60,Helicopter,Turboprop/Turboshaft
HOVEY,Beta Bird,BBIR,Fixed-Wing,Piston
HOWARD (1),DGA-15,DG15,Fixed-Wing,Piston
HOWARD (1),GH Nightingale,DG15,Fixed-Wing,Piston
HOWARD (1),NH,DG15,Fixed-Wing,Piston
HOWARD (1),Nightingale,DG15,Fixed-Wing,Piston
HOWARD (2),250,L18,Fixed-Wing,Piston
HOWARD (2),350,L18,Fixed-Wing,Piston
HOWARD (2),500,L37,Fixed-Wing,Piston
HOWARD HUGHES,Australian LightWing   GR-912,LWIN,Fixed-Wing,Piston
HOWARD HUGHES,Australian LightWing  GA-912,LWIN,Fixed-Wing,Piston
HOWARD HUGHES,Australian LightWing GR-582,LWIN,Fixed-Wing,Piston
HOWARD HUGHES,Austalian LightWing Sport 2000,LWIN,Fixed-Wing,Piston
HOWARD HUGHES,Australian LightWing Speed SP-2000,LW20,Fixed-Wing,Piston
HOWARD HUGHES,Pocket Rocket PR-582,PRPR,Fixed-Wing,Piston
HOWARD HUGHES,Pocket Rocket PR-XP,PRPR,Fixed-Wing,Piston
HOWARD HUGHES,Pocket Rocket PR-Breeze,PRBR,Fixed-Wing,Piston
HOWARD HUGHES,Pocket Rocket PR-Bipe,PRBP,Fixed-Wing,Piston
HOWARD HUGHES,Australian LightWing Speed SP-4000,LW40,Fixed-Wing,Piston
HUGHES,269 Sky Knight,H269,Helicopter,Piston
HUGHES,280,H269,Helicopter,Piston
HUGHES,300,H269,Helicopter,Piston
HUGHES,300 Sky Knight,H269,Helicopter,Piston
HUGHES,369,H500,Helicopter,Turboprop/Turboshaft
HUGHES,500,H500,Helicopter,Turboprop/Turboshaft
HUGHES,500 Defender,H500,Helicopter,Turboprop/Turboshaft
HUGHES,530F,H500,Helicopter,Turboprop/Turboshaft
HUGHES,AH-6C,H500,Helicopter,Turboprop/Turboshaft
HUGHES,AH-6G,H500,Helicopter,Turboprop/Turboshaft
HUGHES,AH-64 Apache,H64,Helicopter,Turboprop/Turboshaft
HUGHES,Apache,H64,Helicopter,Turboprop/Turboshaft
HUGHES,Cayuse,H500,Helicopter,Turboprop/Turboshaft
HUGHES,Defender,H500,Helicopter,Turboprop/Turboshaft
HUGHES,Hkp5,H269,Helicopter,Piston
HUGHES,JAH-64 Apache,H64,Helicopter,Turboprop/Turboshaft
HUGHES,MH-6B,H500,Helicopter,Turboprop/Turboshaft
HUGHES,MH-6C,H500,Helicopter,Turboprop/Turboshaft
HUGHES,MH-6E,H500,Helicopter,Turboprop/Turboshaft
HUGHES,MH-6H,H500,Helicopter,Turboprop/Turboshaft
HUGHES,OH-6 Cayuse,H500,Helicopter,Turboprop/Turboshaft
HUGHES,Osage,H269,Helicopter,Piston
HUGHES,Sky Knight,H269,Helicopter,Piston
HUGHES,TH-55 Osage,H269,Helicopter,Piston
HUGHES,TH-300,H269,Helicopter,Piston
HUGHES,77 Apache,H64,Helicopter,Turboprop/Turboshaft
HUGHES,200,H269,Helicopter,Piston
HUGHES,269,H269,Helicopter,Piston
HUMBERT,Tetras,TTRS,Fixed-Wing,Piston
HUMBERT,Moto Du Ciel,MOTO,Fixed-Wing,Piston
HUMMEL,Hummel Bird,HUML,Fixed-Wing,Piston
HUNTING,Jet Provost,JPRO,Fixed-Wing,Jet
HUNTING,P-56 Provost,PPRO,Fixed-Wing,Piston
HUNTING,P-66 Pembroke,PEMB,Fixed-Wing,Piston
HUNTING,P-84 Jet Provost,JPRO,Fixed-Wing,Jet
HUNTING,Pembroke,PEMB,Fixed-Wing,Piston
HUNTING,Provost,PPRO,Fixed-Wing,Piston
HUNTING PERCIVAL,Jet Provost,JPRO,Fixed-Wing,Jet
HUNTING PERCIVAL,P-56 Provost,PPRO,Fixed-Wing,Piston
HUNTING PERCIVAL,P-66 Pembroke,PEMB,Fixed-Wing,Piston
HUNTING PERCIVAL,P-84 Jet Provost,JPRO,Fixed-Wing,Jet
HUNTING PERCIVAL,Pembroke,PEMB,Fixed-Wing,Piston
HUNTING PERCIVAL,Provost,PPRO,Fixed-Wing,Piston
HUREL-DUBOIS,HD-34,HD34,Fixed-Wing,Piston
HUZHOU TAIXIANG,Exec,EXEC,Helicopter,Piston
HYDROPLANE,Che-22 Corvette,CE22,Amphibian,Piston
HYDROPLANE,Che-22 Pelican,CE22,Amphibian,Piston
HYDROPLANE,Che-25,CE25,Amphibian,Piston
HYDROPLANE,Cicada,CICA,Fixed-Wing,Piston
HYDROPLANE,Corvette,CE22,Amphibian,Piston
HYDROPLANE,Pelican,CE22,Amphibian,Piston
HYDROPLANE,SkyWind,CICA,Fixed-Wing,Piston
HYNES,H-2,BRB2,Helicopter,Piston
HYUNDAI,BK-117,BK17,Helicopter,Turboprop/Turboshaft
IAI,101 Arava,ARVA,Fixed-Wing,Turboprop/Turboshaft
IAI,102 Arava,ARVA,Fixed-Wing,Turboprop/Turboshaft
IAI,201 Arava,ARVA,Fixed-Wing,Turboprop/Turboshaft
IAI,202 Arava,ARVA,Fixed-Wing,Turboprop/Turboshaft
IAI,707 Phalcon,B703,Fixed-Wing,Jet
IAI,1121 Commodore Jet,JCOM,Fixed-Wing,Jet
IAI,1123 Westwind,WW23,Fixed-Wing,Jet
IAI,1124 Sea Scan,WW24,Fixed-Wing,Jet
IAI,1124 Westwind,WW24,Fixed-Wing,Jet
IAI,1124 Westwind 1,WW24,Fixed-Wing,Jet
IAI,1124 Westwind 2,WW24,Fixed-Wing,Jet
IAI,1125 Astra,ASTR,Fixed-Wing,Jet
IAI,1125 Gulfstream G100,ASTR,Fixed-Wing,Jet
IAI,1126 Galaxy,GALX,Fixed-Wing,Jet
IAI,1126 Gulfstream G200,GALX,Fixed-Wing,Jet
IAI,Arava,ARVA,Fixed-Wing,Turboprop/Turboshaft
IAI,Astra,ASTR,Fixed-Wing,Jet
IAI,C-38 Astra,ASTR,Fixed-Wing,Jet
IAI,CM-170R Magister,FOUG,Fixed-Wing,Jet
IAI,CM-170R Tzukit,FOUG,Fixed-Wing,Jet
IAI,Commodore Jet,JCOM,Fixed-Wing,Jet
IAI,Dagger,MIRA,Fixed-Wing,Jet
IAI,F-4 Kurnass 2000,F4,Fixed-Wing,Jet
IAI,F-4 Phantom 2000,F4,Fixed-Wing,Jet
IAI,Galaxy,GALX,Fixed-Wing,Jet
IAI,Gulfstream G100,ASTR,Fixed-Wing,Jet
IAI,Gulfstream G150,G150,Fixed-Wing,Jet
IAI,Gulfstream G200,GALX,Fixed-Wing,Jet
IAI,Kfir,KFIR,Fixed-Wing,Jet
IAI,Kurnass 2000,F4,Fixed-Wing,Jet
IAI,Magister,FOUG,Fixed-Wing,Jet
IAI,Phalcon,B703,Fixed-Wing,Jet
IAI,Phantom 2000,F4,Fixed-Wing,Jet
IAI,S-2UP Turbo Tracker,S2T,Fixed-Wing,Turboprop/Turboshaft
IAI,Sea Scan,WW24,Fixed-Wing,Jet
IAI,Turbo Tracker,S2T,Fixed-Wing,Turboprop/Turboshaft
IAI,Tzukit,FOUG,Fixed-Wing,Jet
IAI,Westwind 1,WW24,Fixed-Wing,Jet
IAI,Westwind 2,WW24,Fixed-Wing,Jet
IAI,Westwind (1123),WW23,Fixed-Wing,Jet
IAI,Westwind (1124),WW24,Fixed-Wing,Jet
IAI,Gulfstream G280,G280,Fixed-Wing,Jet
IAI,Gulfstream G250,G250,Fixed-Wing,Jet
IAI,Heron,HRON,Fixed-Wing,Piston
IAI,Harfang,HRON,Fixed-Wing,Piston
IANNOTTA,I-66 San Francisco,I66,Fixed-Wing,Piston
IANNOTTA,San Francisco,I66,Fixed-Wing,Piston
IAR,IAR-46 Katty,IR46,Fixed-Wing,Piston
IAR,IAR-330 Puma,PUMA,Helicopter,Turboprop/Turboshaft
IAR,IS-28M2,IS28,Fixed-Wing,Piston
IAR,Katty,IR46,Fixed-Wing,Piston
IAR,Puma,PUMA,Helicopter,Turboprop/Turboshaft
IBIS (1),Ae-270 Propjet,A270,Fixed-Wing,Turboprop/Turboshaft
IBIS (1),Propjet,A270,Fixed-Wing,Turboprop/Turboshaft
IBIS (2),Grand Magic,GMGC,Fixed-Wing,Piston
IBIS (2),Urraco,URRA,Fixed-Wing,Piston
IBIS (2),Arrow,URRA,Fixed-Wing,Piston
IBIS (2),Magic,MAGC,Fixed-Wing,Piston
ICA,IAR-825TP Triumf,IR25,Fixed-Wing,Turboprop/Turboshaft
ICA,IAR-826,IR22,Fixed-Wing,Piston
ICA,IAR-827 Dacic,IR27,Fixed-Wing,Piston
ICA,IAR-828,I828,Fixed-Wing,Turboprop/Turboshaft
ICA,IAR-831 Pelican,IR31,Fixed-Wing,Piston
ICA,IS-28M2,IS28,Fixed-Wing,Piston
ICA,IS-28MA,IR28,Fixed-Wing,Piston
ICA,Ka-126,K126,Helicopter,Turboprop/Turboshaft
ICA,Pelican,IR31,Fixed-Wing,Piston
ICA,Puma,PUMA,Helicopter,Turboprop/Turboshaft
ICA,Triumf,IR25,Fixed-Wing,Turboprop/Turboshaft
ICA,Alouette 3,ALO3,Helicopter,Turboprop/Turboshaft
ICA,Dacic,IR27,Fixed-Wing,Piston
ICA,IAR-28MA,IR28,Fixed-Wing,Piston
ICA,IAR-316 Alouette 3,ALO3,Helicopter,Turboprop/Turboshaft
ICA,IAR-330 Puma,PUMA,Helicopter,Turboprop/Turboshaft
ICA,IAR-821,IR21,Fixed-Wing,Piston
ICA,IAR-822,IR22,Fixed-Wing,Piston
ICA,IAR-823,IR23,Fixed-Wing,Piston
ICA,IAR-824,IR24,Fixed-Wing,Piston
ICON,A-5,A5,Amphibian,Piston
ICP,Ventura,VNTR,Fixed-Wing,Piston
ICP,SA-2 Rampage,SA2,Fixed-Wing,Piston
ICP,Rampage,SA2,Fixed-Wing,Piston
ICP,MXP-740 Savannah,SVNH,Fixed-Wing,Piston
ICP,Savannah,SVNH,Fixed-Wing,Piston
ICP,SA-2 Vimana,SA2,Fixed-Wing,Piston
ICP,Vimana,SA2,Fixed-Wing,Piston
IDEA,Hydropteron,HPTR,Amphibian,Piston
IFB,E-Genius,GENI,Fixed-Wing,Electric
III,Sky Arrow,SKAR,Fixed-Wing,Piston
III,Speed Arrow,SPAR,Fixed-Wing,Piston
IKAR,Ai-10 Ikar,AI10,Fixed-Wing,Piston
IKAR,Ikar,AI10,Fixed-Wing,Piston
IKARUS,Bison,C42,Fixed-Wing,Piston
IKARUS,C-42,C42,Fixed-Wing,Piston
IKARUS,C-42 Bison,C42,Fixed-Wing,Piston
ILYUSHIN,A-50,A50,Fixed-Wing,Jet
ILYUSHIN,Be-976,A50,Fixed-Wing,Jet
ILYUSHIN,Bizon,IL18,Fixed-Wing,Turboprop/Turboshaft
ILYUSHIN,Gajaraj,IL76,Fixed-Wing,Jet
ILYUSHIN,Il-14,IL14,Fixed-Wing,Piston
ILYUSHIN,Il-18,IL18,Fixed-Wing,Turboprop/Turboshaft
ILYUSHIN,Il-18 Bizon,IL18,Fixed-Wing,Turboprop/Turboshaft
ILYUSHIN,Il-20,IL18,Fixed-Wing,Turboprop/Turboshaft
ILYUSHIN,Il-22 Zebra,IL18,Fixed-Wing,Turboprop/Turboshaft
ILYUSHIN,Il-24,IL18,Fixed-Wing,Turboprop/Turboshaft
ILYUSHIN,Il-28,IL28,Fixed-Wing,Jet
ILYUSHIN,Il-38,IL38,Fixed-Wing,Turboprop/Turboshaft
ILYUSHIN,Il-62,IL62,Fixed-Wing,Jet
ILYUSHIN,Il-76,IL76,Fixed-Wing,Jet
ILYUSHIN,Il-76 Gajaraj,IL76,Fixed-Wing,Jet
ILYUSHIN,Il-78,IL76,Fixed-Wing,Jet
ILYUSHIN,Il-82,IL76,Fixed-Wing,Jet
ILYUSHIN,Il-86,IL86,Fixed-Wing,Jet
ILYUSHIN,Il-87,IL86,Fixed-Wing,Jet
ILYUSHIN,Il-96,IL96,Fixed-Wing,Jet
ILYUSHIN,Il-103,I103,Fixed-Wing,Piston
ILYUSHIN,Il-114,I114,Fixed-Wing,Turboprop/Turboshaft
ILYUSHIN,Zebra,IL18,Fixed-Wing,Turboprop/Turboshaft
IMCO,Callair A-9,A9,Fixed-Wing,Piston
IMCO,Callair B-1,CLB1,Fixed-Wing,Piston
IMP,P-16 Turbo Tracker,S2T,Fixed-Wing,Turboprop/Turboshaft
IMP,S-2 Turbo Tracker,S2T,Fixed-Wing,Turboprop/Turboshaft
IMP,Turbo Tracker,S2T,Fixed-Wing,Turboprop/Turboshaft
IMPULSE,Impulse,IMPU,Fixed-Wing,Piston
IMPULSE,Xcite,IMPU,Fixed-Wing,Piston
IMPULSE,Xturn,IMPU,Fixed-Wing,Piston
INDAER CHILE,A-36 Halcón,C101,Fixed-Wing,Jet
INDAER CHILE,Aviojet,C101,Fixed-Wing,Jet
INDAER CHILE,C-101 Aviojet,C101,Fixed-Wing,Jet
INDAER CHILE,Dakota,P28B,Fixed-Wing,Piston
INDAER CHILE,Halcón,C101,Fixed-Wing,Jet
INDAER CHILE,PA-28-236 Dakota,P28B,Fixed-Wing,Piston
INDAER CHILE,Pillán,PILL,Fixed-Wing,Piston
INDAER CHILE,T-35 Pillán,PILL,Fixed-Wing,Piston
INDAER CHILE,T-36 Aviojet,C101,Fixed-Wing,Jet
INDAER PERU,Ag-Chuspi,AVID,Fixed-Wing,Piston
INDAER PERU,Chuspi,AVID,Fixed-Wing,Piston
INDAER PERU,IAP-001 Chuspi,AVID,Fixed-Wing,Piston
INDAER PERU,IAP-002 Ag-Chuspi,AVID,Fixed-Wing,Piston
INDEPENDENT,SeaDragon,JB1,Amphibian,Piston
INDEPENDENT,X-JB-1 SeaDragon,JB1,Amphibian,Piston
INDUS,Sky Skooter,T211,Fixed-Wing,Piston
INDUS,Sport E,T211,Fixed-Wing,Piston
INDUS,T-11 Sky Skooter,T211,Fixed-Wing,Piston
INDUS,T-211 Sport E,T211,Fixed-Wing,Piston
INDUS,T-211 Thorpedo,T211,Fixed-Wing,Piston
INDUS,Thorpedo,T211,Fixed-Wing,Piston
INNOVATION,Genesis,GSIS,Fixed-Wing,Piston
INNOVATION,Genesis Revelation,GSIS,Fixed-Wing,Piston
INNOVATION,SkyQuest,SQES,Fixed-Wing,Piston
INNOVAVIATION,FX-1,FX1,Fixed-Wing,Piston
INPAER,Conquest,INCQ,Fixed-Wing,Piston
INPAER,Excel,INEC,Fixed-Wing,Piston
INPAER,Explorer,INEX,Fixed-Wing,Piston
INSTYTUT LOTNICTWA,I-22 Iryda,I22,Fixed-Wing,Jet
INSTYTUT LOTNICTWA,I-23 Manager,I23,Fixed-Wing,Piston
INSTYTUT LOTNICTWA,Iryda,I22,Fixed-Wing,Jet
INSTYTUT LOTNICTWA,IS-2,IS2,Helicopter,Piston
INSTYTUT LOTNICTWA,Manager,I23,Fixed-Wing,Piston
INTER-AIR,14 Bellanca 260A,B14C,Fixed-Wing,Piston
INTER-AIR,14 Bellanca 260B,B14C,Fixed-Wing,Piston
INTER-AIR,14 Bellanca 260C,B14C,Fixed-Wing,Piston
INTER-AIR,Bellanca 260A,B14C,Fixed-Wing,Piston
INTER-AIR,Bellanca 260B,B14C,Fixed-Wing,Piston
INTER-AIR,Bellanca 260C,B14C,Fixed-Wing,Piston
INTERAVIA,I-1,SL90,Fixed-Wing,Piston
INTERAVIA,I-3,I3,Fixed-Wing,Piston
INTERNATIONAL HELICOPTERS,Commuter,COMU,Helicopter,Piston
INTERNATIONAL HELICOPTERS,H-1 Commuter,COMU,Helicopter,Piston
INTERPLANE,Skyboy,SBOY,Fixed-Wing,Piston
INTERSTATE,Arctic Tern,S1,Fixed-Wing,Piston
INTERSTATE,Cadet,S1,Fixed-Wing,Piston
INTERSTATE,L-6 Cadet,S1,Fixed-Wing,Piston
INTERSTATE,S-1,S1,Fixed-Wing,Piston
INTERSTATE,S-1 Arctic Tern,S1,Fixed-Wing,Piston
INTERSTATE,S-1 Cadet,S1,Fixed-Wing,Piston
INTRACOM,GM-17  Viper,GM17,Fixed-Wing,Turboprop/Turboshaft
INTRACOM,Viper,GM17,Fixed-Wing,Turboprop/Turboshaft
ION,Ion,ION,Fixed-Wing,Piston
IPAI,IPAI-26 Tuca,IP26,Fixed-Wing,Piston
IPAI,Tuca,IP26,Fixed-Wing,Piston
IPE,Curucaca,IP06,Fixed-Wing,Piston
IPE,IPE-04,CP10,Fixed-Wing,Piston
IPE,IPE-06 Curucaca,IP06,Fixed-Wing,Piston
IPE,IPE-06A,IP6A,Fixed-Wing,Piston
IPE,IPE-010,IP10,Fixed-Wing,Piston
IPT,IPT-16 Surubim,SURU,Fixed-Wing,Piston
IPT,Surubim,SURU,Fixed-Wing,Piston
IRGC,Shahed 274,S274,Helicopter,Turboprop/Turboshaft
IRIAF,JT-2-2 Tazarve,TZRV,Fixed-Wing,Jet
IRIAF,Tazarve,TZRV,Fixed-Wing,Jet
IRIAF,S-100 Saeghe,F5SA,Fixed-Wing,Jet
IRIAF,Saeghe,F5SA,Fixed-Wing,Jet
IRKUT,MC-21-300,MC23,Fixed-Wing,Jet
IRKUT,A-002,A002,Gyrocopter,Piston
IRMA,BN-2A Islander,BN2P,Fixed-Wing,Piston
IRMA,BN-2B Islander,BN2P,Fixed-Wing,Piston
IRMA,Islander,BN2P,Fixed-Wing,Piston
ISAACS,Fury,IFUR,Fixed-Wing,Piston
ISAACS,Spitfire,ISPT,Fixed-Wing,Piston
ISAE,Omega 2,OMGA,Fixed-Wing,Piston
ISLAND AIRCRAFT,ARV-1 Super 2,ARV1,Fixed-Wing,Piston
ISLAND AIRCRAFT,Super 2,ARV1,Fixed-Wing,Piston
ISSOIRE,APM-20 Lionceau,APM2,Fixed-Wing,Piston
ISSOIRE,APM-21 Lion,APM2,Fixed-Wing,Piston
ISSOIRE,APM-30 Lion,APM3,Fixed-Wing,Piston
ISSOIRE,Lion (APM-21),APM2,Fixed-Wing,Piston
ISSOIRE,Lion (APM-30),APM3,Fixed-Wing,Piston
ISSOIRE,Lionceau,APM2,Fixed-Wing,Piston
ISSOIRE,PIK-20E,PK20,Fixed-Wing,Piston
ISSOIRE,PIK-30,PK20,Fixed-Wing,Piston
ISSOIRE,APM-40 Simba,APM4,Fixed-Wing,Piston
ISSOIRE,Simba,APM4,Fixed-Wing,Piston
ISTRA,Ezhik,EZIK,Fixed-Wing,Piston
J & AS,Fregata,JAJ6,Fixed-Wing,Piston
J & AS,J-6 Fregata,JAJ6,Fixed-Wing,Piston
JABIRU,Jabiru J160,JAB2,Fixed-Wing,Piston
JABIRU,Jabiru J170,JAB2,Fixed-Wing,Piston
JABIRU,Jabiru J200,JAB4,Fixed-Wing,Piston
JABIRU,Jabiru J230,JAB4,Fixed-Wing,Piston
JABIRU,Jabiru J250,JAB4,Fixed-Wing,Piston
JABIRU,Jabiru J400,JAB4,Fixed-Wing,Piston
JABIRU,Jabiru J430,JAB4,Fixed-Wing,Piston
JABIRU,Jabiru J450,JAB4,Fixed-Wing,Piston
JABIRU,Jabiru LSA,JABI,Fixed-Wing,Piston
JABIRU,Jabiru SK,JABI,Fixed-Wing,Piston
JABIRU,Jabiru SP,JABI,Fixed-Wing,Piston
JABIRU,Jabiru SP-4,JABI,Fixed-Wing,Piston
JABIRU,Jabiru SP-6,JABI,Fixed-Wing,Piston
JABIRU,Jabiru SP-T,JABI,Fixed-Wing,Piston
JABIRU,Jabiru ST,JABI,Fixed-Wing,Piston
JABIRU,Jabiru ST-3,JABI,Fixed-Wing,Piston
JABIRU,Jabiru J120,JABI,Fixed-Wing,Piston
JACKAROO,Thruxton Jackaroo,JARO,Fixed-Wing,Piston
JAG HELICOPTER,JAG,JAG2,Helicopter,Turboprop/Turboshaft
JAMES,Fletcher FU-24,FU24,Fixed-Wing,Piston
JANOWSKI,J-5 Marco,JAJ5,Fixed-Wing,Piston
JANOWSKI,Marco,JAJ5,Fixed-Wing,Piston
JAVELIN,Wichawk,WICH,Fixed-Wing,Piston
JEFFAIR,Barracuda,BARC,Fixed-Wing,Piston
JETCRAFTERS,Taurus 90,BE9L,Fixed-Wing,Turboprop/Turboshaft
JETPROP,DLX,P46T,Fixed-Wing,Turboprop/Turboshaft
JETSTREAM,61,ATP,Fixed-Wing,Turboprop/Turboshaft
JETSTREAM,BAe-3200 Jetstream Super 31,JS32,Fixed-Wing,Turboprop/Turboshaft
JETSTREAM,BAe-4100 Jetstream 41,JS41,Fixed-Wing,Turboprop/Turboshaft
JETSTREAM,Jetstream 1,JS1,Fixed-Wing,Turboprop/Turboshaft
JETSTREAM,Jetstream 41,JS41,Fixed-Wing,Turboprop/Turboshaft
JETSTREAM,Jetstream 200,JS20,Fixed-Wing,Turboprop/Turboshaft
JETSTREAM,Jetstream Super 31,JS32,Fixed-Wing,Turboprop/Turboshaft
JETSTREAM,Jetstream T.Mk.1,JS20,Fixed-Wing,Turboprop/Turboshaft
JETSTREAM,Jetstream T.Mk.2,JS20,Fixed-Wing,Turboprop/Turboshaft
JIANGXI CHANGHE-AGUSTA,CA-109 Power,A109,Helicopter,Turboprop/Turboshaft
JIANGXI CHANGHE-AGUSTA,Power,A109,Helicopter,Turboprop/Turboshaft
JIHLAVAN,KP-2 Rapid 200,KP2,Fixed-Wing,Piston
JIHLAVAN,KP-5 Rapid 500,KP5,Fixed-Wing,Piston
JIHLAVAN,Rapid 200,KP2,Fixed-Wing,Piston
JIHLAVAN,Rapid 500,KP5,Fixed-Wing,Piston
JIHLAVAN,Skyleader GP One,GP1,Fixed-Wing,Piston
JIHLAVAN,KP-2 Skyleader 150,KP2,Fixed-Wing,Piston
JIHLAVAN,KP-2 Skyleader 200,KP2,Fixed-Wing,Piston
JIHLAVAN,KP-5 Skyleader 500,KP5,Fixed-Wing,Piston
JIHLAVAN,KP-5 Skyleader 600,KP5,Fixed-Wing,Piston
JIHLAVAN,Skyleader 150,KP2,Fixed-Wing,Piston
JIHLAVAN,Skyleader 200,KP2,Fixed-Wing,Piston
JIHLAVAN,Skyleader 500,KP5,Fixed-Wing,Piston
JIHLAVAN,Skyleader 600,KP5,Fixed-Wing,Piston
JMB AIRCRAFT,VL-3 Evolution,VL3,Fixed-Wing,Piston
JMB AIRCRAFT,Evolution,VL3,Fixed-Wing,Piston
JODEL,Abeille,D140,Fixed-Wing,Piston
JODEL,D-11,D11,Fixed-Wing,Piston
JODEL,D-18,D18,Fixed-Wing,Piston
JODEL,D-19,D18,Fixed-Wing,Piston
JODEL,D-20,D18,Fixed-Wing,Piston
JODEL,D-111,D11,Fixed-Wing,Piston
JODEL,D-112,D11,Fixed-Wing,Piston
JODEL,D-113,D11,Fixed-Wing,Piston
JODEL,D-114,D11,Fixed-Wing,Piston
JODEL,D-115,D11,Fixed-Wing,Piston
JODEL,D-116,D11,Fixed-Wing,Piston
JODEL,D-117,D11,Fixed-Wing,Piston
JODEL,D-118,D11,Fixed-Wing,Piston
JODEL,D-119,D11,Fixed-Wing,Piston
JODEL,D-120,D11,Fixed-Wing,Piston
JODEL,D-121,D11,Fixed-Wing,Piston
JODEL,D-122,D11,Fixed-Wing,Piston
JODEL,D-123,D11,Fixed-Wing,Piston
JODEL,D-124,D11,Fixed-Wing,Piston
JODEL,D-125,D11,Fixed-Wing,Piston
JODEL,D-126,D11,Fixed-Wing,Piston
JODEL,D-127,D11,Fixed-Wing,Piston
JODEL,D-128,D11,Fixed-Wing,Piston
JODEL,D-140 Abeille,D140,Fixed-Wing,Piston
JODEL,D-140 Mousquetaire,D140,Fixed-Wing,Piston
JODEL,D-150 Mascaret,D150,Fixed-Wing,Piston
JODEL,Mascaret,D150,Fixed-Wing,Piston
JODEL,Mousquetaire,D140,Fixed-Wing,Piston
JOHNSON,Rocket 185,R185,Fixed-Wing,Piston
JOHNSTON,Super Brave,PA36,Fixed-Wing,Piston
JONKER,JS-1TJ Revelation,TS1J,Fixed-Wing,Jet
JONKER,Revelation,TS1J,Fixed-Wing,Jet
JORDAN AEROSPACE,CH-8000 Shark,CH80,Fixed-Wing,Piston
JORDAN AEROSPACE,Shark,CH80,Fixed-Wing,Piston
JORDAN AEROSPACE,CH-2000 Sama,CH2T,Fixed-Wing,Piston
JORDAN AEROSPACE,CH-8000 Hawk 1,CH80,Fixed-Wing,Piston
JORDAN AEROSPACE,Hawk 1,CH80,Fixed-Wing,Piston
JORDAN AEROSPACE,Sama,CH2T,Fixed-Wing,Piston
JUNKERS,Ju-52/3m,JU52,Fixed-Wing,Piston
JUNKERS,F-13 Replica,F13,Fixed-Wing,Piston
JUNKERS PROFLY,Junka,KAK3,Fixed-Wing,Piston
JUNQUA,Ibis,RJ03,Fixed-Wing,Piston
JUNQUA,RJ-03 Ibis,RJ03,Fixed-Wing,Piston
JURCA,1-Nine-0,MJ8,Fixed-Wing,Piston
JURCA,Autan,MJ53,Fixed-Wing,Piston
JURCA,Biso,MJ55,Fixed-Wing,Piston
JURCA,Dart,MJ3,Fixed-Wing,Piston
JURCA,Focke-Wulf Fw-190 Replica,MJ80,Fixed-Wing,Piston
JURCA,Gnatsum (MJ-7),MJ7,Fixed-Wing,Piston
JURCA,Gnatsum (MJ-77),MJ77,Fixed-Wing,Piston
JURCA,Messerschmitt Bf-109 Replica,MJ90,Fixed-Wing,Piston
JURCA,MJ-2 Tempête,MJ2,Fixed-Wing,Piston
JURCA,MJ-3 Dart,MJ3,Fixed-Wing,Piston
JURCA,MJ-4 Shadow,MJ4,Fixed-Wing,Piston
JURCA,MJ-5 Sirocco,MJ5,Fixed-Wing,Piston
JURCA,MJ-7 Gnatsum,MJ7,Fixed-Wing,Piston
JURCA,MJ-8 1-Nine-0,MJ8,Fixed-Wing,Piston
JURCA,MJ-9,MJ9,Fixed-Wing,Piston
JURCA,MJ-10 Spit,MJ10,Fixed-Wing,Piston
JURCA,MJ-12 P-40,MJ12,Fixed-Wing,Piston
JURCA,MJ-20 Tempête,MJ2,Fixed-Wing,Piston
JURCA,MJ-22 Tempête,MJ2,Fixed-Wing,Piston
JURCA,MJ-53 Autan,MJ53,Fixed-Wing,Piston
JURCA,MJ-55 Biso,MJ55,Fixed-Wing,Piston
JURCA,MJ-77 Gnatsum,MJ77,Fixed-Wing,Piston
JURCA,MJ-80 Focke-Wulf Fw-190 Replica,MJ80,Fixed-Wing,Piston
JURCA,MJ-90 Messerschmitt Bf-109 Replica,MJ90,Fixed-Wing,Piston
JURCA,MJ-100 Spitfire Replica,MJ1H,Fixed-Wing,Piston
JURCA,P-40,MJ12,Fixed-Wing,Piston
JURCA,Shadow,MJ4,Fixed-Wing,Piston
JURCA,Sirocco,MJ5,Fixed-Wing,Piston
JURCA,Spit,MJ10,Fixed-Wing,Piston
JURCA,Spitfire Replica,MJ1H,Fixed-Wing,Piston
JURCA,Tempête,MJ2,Fixed-Wing,Piston
JUST,Escapade,ESCP,Fixed-Wing,Piston
JUST,Highlander,HIGH,Fixed-Wing,Piston
K & S,Cavalier (SA-102.5),SA02,Fixed-Wing,Piston
K & S,Cavalier (SA-103),SA03,Fixed-Wing,Piston
K & S,Cavalier (SA-104),SA04,Fixed-Wing,Piston
K & S,SA-102.5 Cavalier,SA02,Fixed-Wing,Piston
K & S,SA-103 Cavalier,SA03,Fixed-Wing,Piston
K & S,SA-104 Cavalier,SA04,Fixed-Wing,Piston
K & S,SA-105 Super Cavalier,SA05,Fixed-Wing,Piston
K & S,Super Cavalier,SA05,Fixed-Wing,Piston
KADER,Aeropony,BU81,Fixed-Wing,Piston
KADER,Bestmann,BU81,Fixed-Wing,Piston
KADER,G-10 Aeropony,BU81,Fixed-Wing,Piston
KADER,Gomhouria,BU81,Fixed-Wing,Piston
KAISER,Magic,MGIC,Fixed-Wing,Piston
KALINAUSKAS,RK-5,RK5,Fixed-Wing,Piston
KAMAN,H-43A,H43A,Helicopter,Piston
KAMAN,HH-43A,H43A,Helicopter,Piston
KAMAN,HH-43B Huskie,H43B,Helicopter,Turboprop/Turboshaft
KAMAN,HH-43F Huskie,H43B,Helicopter,Turboprop/Turboshaft
KAMAN,HOK,H43A,Helicopter,Piston
KAMAN,HUK,H43A,Helicopter,Piston
KAMAN,Huskie,H43B,Helicopter,Turboprop/Turboshaft
KAMAN,K-20 Seasprite,H2,Helicopter,Turboprop/Turboshaft
KAMAN,K-600,H43A,Helicopter,Piston
KAMAN,K-600-3 Huskie,H43B,Helicopter,Turboprop/Turboshaft
KAMAN,K-600-5 Huskie,H43B,Helicopter,Turboprop/Turboshaft
KAMAN,K-894 Super Seasprite,H2,Helicopter,Turboprop/Turboshaft
KAMAN,K-1200 K-Max,KMAX,Helicopter,Turboprop/Turboshaft
KAMAN,K-Max,KMAX,Helicopter,Turboprop/Turboshaft
KAMAN,OH-43,H43A,Helicopter,Piston
KAMAN,Seasprite,H2,Helicopter,Turboprop/Turboshaft
KAMAN,SH-2 Seasprite,H2,Helicopter,Turboprop/Turboshaft
KAMAN,SH-2 Super Seasprite,H2,Helicopter,Turboprop/Turboshaft
KAMAN,Super Seasprite,H2,Helicopter,Turboprop/Turboshaft
KAMAN,UH-43,H43A,Helicopter,Piston
KAMINSKAS,Jungster 1,1-Jun,Fixed-Wing,Piston
KAMINSKAS,Jungster 2,2-Jun,Fixed-Wing,Piston
KAMINSKAS,RK-1 Jungster 1,1-Jun,Fixed-Wing,Piston
KAMINSKAS,RK-2 Jungster 2,2-Jun,Fixed-Wing,Piston
KAMOV,Alligator,KA52,Helicopter,Turboprop/Turboshaft
KAMOV,Black Shark,KA50,Helicopter,Turboprop/Turboshaft
KAMOV,Chernaya Akula,KA50,Helicopter,Turboprop/Turboshaft
KAMOV,Ka-25,KA25,Helicopter,Turboprop/Turboshaft
KAMOV,Ka-26,KA26,Helicopter,Piston
KAMOV,Ka-27,KA27,Helicopter,Turboprop/Turboshaft
KAMOV,Ka-28,KA27,Helicopter,Turboprop/Turboshaft
KAMOV,Ka-29,KA27,Helicopter,Turboprop/Turboshaft
KAMOV,Ka-31,KA27,Helicopter,Turboprop/Turboshaft
KAMOV,Ka-32,KA27,Helicopter,Turboprop/Turboshaft
KAMOV,Ka-50 Black Shark,KA50,Helicopter,Turboprop/Turboshaft
KAMOV,Ka-50 Chernaya Akula,KA50,Helicopter,Turboprop/Turboshaft
KAMOV,Ka-50 Werewolf,KA50,Helicopter,Turboprop/Turboshaft
KAMOV,Ka-52 Alligator,KA52,Helicopter,Turboprop/Turboshaft
KAMOV,Ka-60 Kasatka,KA62,Helicopter,Turboprop/Turboshaft
KAMOV,Ka-62,KA62,Helicopter,Turboprop/Turboshaft
KAMOV,Ka-126,K126,Helicopter,Turboprop/Turboshaft
KAMOV,Ka-226 Sergei,K226,Helicopter,Turboprop/Turboshaft
KAMOV,Kasatka,KA62,Helicopter,Turboprop/Turboshaft
KAMOV,Sergei,K226,Helicopter,Turboprop/Turboshaft
KAMOV,Werewolf,KA50,Helicopter,Turboprop/Turboshaft
KAMOV,HH-32,KA27,Helicopter,Turboprop/Turboshaft
KAMOV,Ka-252,KA27,Helicopter,Turboprop/Turboshaft
KANPUR,748,A748,Fixed-Wing,Turboprop/Turboshaft
KAPPA,KP-2 Sova,KP2,Fixed-Wing,Piston
KAPPA,Sova,KP2,Fixed-Wing,Piston
KARI,Firefly,KAFI,Fixed-Wing,Piston
KARI,Twinbee,KATB,Fixed-Wing,Piston
KARI-KEEN,60 Coupe,KK60,Fixed-Wing,Piston
KARI-KEEN,Coupe,KK60,Fixed-Wing,Piston
KAWASAKI,47G,B47G,Helicopter,Piston
KAWASAKI,369,H500,Helicopter,Turboprop/Turboshaft
KAWASAKI,500,H500,Helicopter,Turboprop/Turboshaft
KAWASAKI,C-1,C1,Fixed-Wing,Jet
KAWASAKI,CH-47 Chinook,H47,Helicopter,Turboprop/Turboshaft
KAWASAKI,Chinook,H47,Helicopter,Turboprop/Turboshaft
KAWASAKI,EP-3 Orion,P3,Fixed-Wing,Turboprop/Turboshaft
KAWASAKI,Hkp4,H46,Helicopter,Turboprop/Turboshaft
KAWASAKI,KH-4,KH4,Helicopter,Piston
KAWASAKI,KHI-01,EH10,Helicopter,Turboprop/Turboshaft
KAWASAKI,KV-107,H46,Helicopter,Turboprop/Turboshaft
KAWASAKI,OH-1,OH1,Helicopter,Turboprop/Turboshaft
KAWASAKI,OH-6,H500,Helicopter,Turboprop/Turboshaft
KAWASAKI,Orion,P3,Fixed-Wing,Turboprop/Turboshaft
KAWASAKI,P-3 Orion,P3,Fixed-Wing,Turboprop/Turboshaft
KAWASAKI,T-4,T4,Fixed-Wing,Jet
KAWASAKI,T-33,T33,Fixed-Wing,Jet
KAWASAKI,TH-55,H269,Helicopter,Piston
KAWASAKI,UP-3 Orion,P3,Fixed-Wing,Turboprop/Turboshaft
KAWASAKI,C-2,KC2,Fixed-Wing,Jet
KAWASAKI,P-1,P1,Fixed-Wing,Jet
KAWASAKI,UP-1,P1,Fixed-Wing,Jet
KAWASAKI,CH-101,EH10,Helicopter,Turboprop/Turboshaft
KAWASAKI,MCH-101,EH10,Helicopter,Turboprop/Turboshaft
KAWASAKI,XC-2,KC2,Fixed-Wing,Jet
KAWASAKI,EC-1,C1,Fixed-Wing,Jet
KAWASAKI,RC-2,KC2,Fixed-Wing,Jet
KAZAN,Ansat,ANST,Helicopter,Turboprop/Turboshaft
KAZAN,Ansat 2RT,A2RT,Helicopter,Turboprop/Turboshaft
KELEHER,Lark,KELA,Fixed-Wing,Piston
KELLY,D,KELD,Fixed-Wing,Piston
KELOWNA,CV-5800,CVLT,Fixed-Wing,Turboprop/Turboshaft
KESTREL (1),K-250,K250,Fixed-Wing,Piston
KESTREL (2),Float Hawk,KEHA,Fixed-Wing,Piston
KESTREL (2),Sport Hawk,KEHA,Fixed-Wing,Piston
KEUTHAN,Buccaneer,BUCA,Amphibian,Piston
KEUTHAN,Sabre 2,SAB2,Fixed-Wing,Piston
KEUTHAN,Zephyr 2,ZEP2,Fixed-Wing,Piston
KEYSTONE,S-76,S76,Helicopter,Turboprop/Turboshaft
KHRUNICHEV,Aist,T411,Fixed-Wing,Piston
KHRUNICHEV,Snegir,T415,Fixed-Wing,Piston
KHRUNICHEV,T-411 Aist,T411,Fixed-Wing,Piston
KHRUNICHEV,T-411 Wolverine,T411,Fixed-Wing,Piston
KHRUNICHEV,T-415 Snegir,T415,Fixed-Wing,Piston
KHRUNICHEV,Wolverine,T411,Fixed-Wing,Piston
KHRUNICHEV,AT-3,KAT3,Fixed-Wing,Turboprop/Turboshaft
KHRUNICHEV,AT-419 Strekoza,T419,Fixed-Wing,Piston
KHRUNICHEV,Strekoza,T419,Fixed-Wing,Piston
KIEGER,AK-1,KAK1,Fixed-Wing,Piston
KIEGER,AK-3,KAK3,Fixed-Wing,Piston
KILLINGSWORTH,DSK-1 Hawk,DSK,Fixed-Wing,Piston
KILLINGSWORTH,DSK-2 Golden Hawk,DSK,Fixed-Wing,Piston
KILLINGSWORTH,Golden Hawk,DSK,Fixed-Wing,Piston
KILLINGSWORTH,Hawk,DSK,Fixed-Wing,Piston
KIMBALL,DR-109 Rhino,R109,Fixed-Wing,Piston
KIMBALL,Macho Stinker,PTMS,Fixed-Wing,Piston
KIMBALL,McCullocoupe,MCUL,Fixed-Wing,Piston
KIMBALL,Rhino,R109,Fixed-Wing,Piston
KIMBALL,S-12 Macho Stinker,PTMS,Fixed-Wing,Piston
KIMBALL,S-12 Super Stinker,PTMS,Fixed-Wing,Piston
KIMBALL,Super Stinker,PTMS,Fixed-Wing,Piston
KIMBALL,Ti-12,PTMS,Fixed-Wing,Piston
KIMBALL,S-12 Python,PTMS,Fixed-Wing,Piston
KIMBALL,Python,PTMS,Fixed-Wing,Piston
KIMBREL,Dormoy Bathtub,BTUB,Fixed-Wing,Piston
KINETIC,Mountain Goat,MOGO,Fixed-Wing,Piston
KING'S,44 Angel,ANGL,Fixed-Wing,Piston
KING'S,Angel,ANGL,Fixed-Wing,Piston
KITFOX,Kitfox,FOX,Fixed-Wing,Piston
KITPLANES FOR AFRICA,Bushbaby,KFAB,Fixed-Wing,Piston
KITPLANES FOR AFRICA,Explorer,KFAB,Fixed-Wing,Piston
KITPLANES FOR AFRICA,Safari,KFAS,Fixed-Wing,Piston
KLEMM,Kl-35,KL35,Fixed-Wing,Piston
KLEMM,Kl-107,KL07,Fixed-Wing,Piston
KLEMM,L-25,KL25,Fixed-Wing,Piston
KLN,VL-3,VL3,Fixed-Wing,Piston
KLN,VL-3 Flamingo,VL3,Fixed-Wing,Piston
KLN,Flamingo,VL3,Fixed-Wing,Piston
KLS COMPOSITES,SQ-2000,SQ2T,Fixed-Wing,Piston
KOLB,King Colbra,KLBR,Fixed-Wing,Piston
KOLB,Laser,KOLL,Fixed-Wing,Piston
KOLB,Pelican,PELI,Fixed-Wing,Piston
KOLB,Flyer SS,FLSS,Fixed-Wing,Piston
KOPTER,SH-09,SH09,Helicopter,Turboprop/Turboshaft
KOREA AEROSPACE,A-50 Golden Eagle,K50,Fixed-Wing,Jet
KOREA AEROSPACE,BO-105,B105,Helicopter,Turboprop/Turboshaft
KOREA AEROSPACE,F-16 Fighting Falcon,F16,Fixed-Wing,Jet
KOREA AEROSPACE,Fighting Falcon,F16,Fixed-Wing,Jet
KOREA AEROSPACE,Golden Eagle,K50,Fixed-Wing,Jet
KOREA AEROSPACE,KO-1 Woong-Bee,KT1,Fixed-Wing,Turboprop/Turboshaft
KOREA AEROSPACE,KT-1 Woong-Bee,KT1,Fixed-Wing,Turboprop/Turboshaft
KOREA AEROSPACE,KTX-1 Woong-Bee,KT1,Fixed-Wing,Turboprop/Turboshaft
KOREA AEROSPACE,SB-427,B427,Helicopter,Turboprop/Turboshaft
KOREA AEROSPACE,T-50 Golden Eagle,K50,Fixed-Wing,Jet
KOREA AEROSPACE,Woong-Bee,KT1,Fixed-Wing,Turboprop/Turboshaft
KOREA AEROSPACE,XKO-1 Woong-Bee,KT1,Fixed-Wing,Turboprop/Turboshaft
KOREA AEROSPACE,XKT-1 Woong-Bee,KT1,Fixed-Wing,Turboprop/Turboshaft
KOREA AEROSPACE,KA-1 Woong-Bee,KT1,Fixed-Wing,Turboprop/Turboshaft
KOREA AEROSPACE,F/A-50 Golden Eagle,K50,Fixed-Wing,Jet
KOREA AEROSPACE,T/A-50 Golden Eagle,K50,Fixed-Wing,Jet
KOREA AEROSPACE,Surion,SURN,Helicopter,Turboprop/Turboshaft
KOREAN AIR,369,H500,Helicopter,Turboprop/Turboshaft
KOREAN AIR,500,H500,Helicopter,Turboprop/Turboshaft
KOREAN AIR,500 Defender,H500,Helicopter,Turboprop/Turboshaft
KOREAN AIR,520MK Black Tiger,H500,Helicopter,Turboprop/Turboshaft
KOREAN AIR,Black Hawk,H60,Helicopter,Turboprop/Turboshaft
KOREAN AIR,Black Tiger,H500,Helicopter,Turboprop/Turboshaft
KOREAN AIR,Chang-Gong 91,CHGO,Fixed-Wing,Piston
KOREAN AIR,Chegoong-Ho,F5,Fixed-Wing,Jet
KOREAN AIR,CHK-91 Chang-Gong 91,CHGO,Fixed-Wing,Piston
KOREAN AIR,Defender,H500,Helicopter,Turboprop/Turboshaft
KOREAN AIR,F-5 Chegoong-Ho,F5,Fixed-Wing,Jet
KOREAN AIR,F-5 Tiger 2,F5,Fixed-Wing,Jet
KOREAN AIR,Tiger 2,F5,Fixed-Wing,Jet
KOREAN AIR,UH-60 Black Hawk,H60,Helicopter,Turboprop/Turboshaft
KOVACH-ELMENDORF,Doc's RX,DOCX,Fixed-Wing,Piston
KOVACH-ELMENDORF,ES-3 Doc's RX,DOCX,Fixed-Wing,Piston
KOVACS,K-51 Peregrino,K51,Fixed-Wing,Piston
KOVACS,Peregrino,K51,Fixed-Wing,Piston
KREIDER-REISNER,C-4 Challenger,KR34,Fixed-Wing,Piston
KREIDER-REISNER,C-2 Challenger,KR31,Fixed-Wing,Piston
KREIDER-REISNER,Challenger (C-2),KR31,Fixed-Wing,Piston
KREIDER-REISNER,C-6 Challenger,KR21,Fixed-Wing,Piston
KREIDER-REISNER,Challenger (C-6),KR21,Fixed-Wing,Piston
KREIDER-REISNER,Challenger (C-4),KR34,Fixed-Wing,Piston
KUBICEK,M-2 Scout,M2,Fixed-Wing,Piston
KUBICEK,Scout,M2,Fixed-Wing,Piston
LA FRANCE,Cadet STF,CUCA,Fixed-Wing,Piston
LAIRD,Commercial,LCB,Fixed-Wing,Piston
LAIRD,LC-B Commercial,LCB,Fixed-Wing,Piston
LAIRD,LC-1B Commercial,LCB,Fixed-Wing,Piston
LAIRD,LC-R Speedwing,LCR,Fixed-Wing,Piston
LAIRD,Speedwing,LCR,Fixed-Wing,Piston
LAK,LAK-17AT,LK17,Fixed-Wing,Piston
LAK,LAK-19T,LK19,Fixed-Wing,Piston
LAK,LAK-20M,LK20,Fixed-Wing,Piston
LAKE,Buccaneer,LA4,Amphibian,Piston
LAKE,LA-4,LA4,Amphibian,Piston
LAKE,LA-4 Buccaneer,LA4,Amphibian,Piston
LAKE,LA-200,LA4,Amphibian,Piston
LAKE,LA-250 Renegade,LA25,Amphibian,Piston
LAKE,LA-250 Seafury,LA25,Amphibian,Piston
LAKE,LA-250 Seawolf,LA25,Amphibian,Piston
LAKE,LA-250 Turbo Renegade,LA25,Amphibian,Piston
LAKE,LA-270 Turbo Renegade,LA25,Amphibian,Piston
LAKE,LA-270 Turbo Seafury,LA25,Amphibian,Piston
LAKE,Renegade,LA25,Amphibian,Piston
LAKE,Seafury,LA25,Amphibian,Piston
LAKE,Seawolf,LA25,Amphibian,Piston
LAKE,Turbo Renegade,LA25,Amphibian,Piston
LAKE,Turbo Seafury,LA25,Amphibian,Piston
LAMBACH,HL-2 Replica,HL2,Fixed-Wing,Piston
LAMBERT,M-106 Mission,M106,Fixed-Wing,Piston
LAMBERT,M-212 Mission,M212,Fixed-Wing,Piston
LAMBERT,Mission (M-106),M106,Fixed-Wing,Piston
LAMBERT,Mission (M-212),M212,Fixed-Wing,Piston
LAMBERT,M-108 Mission,M108,Fixed-Wing,Piston
LAMBERT,Mission (M-108),M108,Fixed-Wing,Piston
LAMMER GEYER,Jupiter,JUPI,Fixed-Wing,Piston
LANCAIR,Columbia 300,COL3,Fixed-Wing,Piston
LANCAIR,Columbia 350,COL3,Fixed-Wing,Piston
LANCAIR,Columbia 400,COL4,Fixed-Wing,Piston
LANCAIR,Lancair 4,LNC4,Fixed-Wing,Piston
LANCAIR,Lancair 200,LNC2,Fixed-Wing,Piston
LANCAIR,Lancair 235,LNC2,Fixed-Wing,Piston
LANCAIR,Lancair 320,LNC2,Fixed-Wing,Piston
LANCAIR,Lancair 360,LNC2,Fixed-Wing,Piston
LANCAIR,Lancair ES,LNCE,Fixed-Wing,Piston
LANCAIR,Lancair PropJet 4,LNP4,Fixed-Wing,Turboprop/Turboshaft
LANCAIR,Lancair Super ES,LNCE,Fixed-Wing,Piston
LANCAIR,LC-40 Columbia 300,COL3,Fixed-Wing,Piston
LANCAIR,LC-41 Columbia 400,COL4,Fixed-Wing,Piston
LANCAIR,LC-42 Columbia 350,COL3,Fixed-Wing,Piston
LANCAIR,Sentry 4T,LNT4,Fixed-Wing,Turboprop/Turboshaft
LANCAIR,Tigress,TGRS,Fixed-Wing,Piston
LANCAIR,Synergy,SNGY,Fixed-Wing,Piston
LANCAIR,T-90 Calima,SNGY,Fixed-Wing,Piston
LANCAIR,Calima,SNGY,Fixed-Wing,Piston
LANCAIR,Evolution Piston,EVOP,Fixed-Wing,Piston
LANCAIR,Evolution Turbine,EVOT,Fixed-Wing,Turboprop/Turboshaft
LANCAIR,Lancair ES-P,LESP,Fixed-Wing,Piston
LANCAIR,Mako,MAKO,Fixed-Wing,Piston
LANCAIR,Legacy,LEG2,Fixed-Wing,Piston
LANCASHIRE,EP-9 Prospector,EP9,Fixed-Wing,Piston
LANCASHIRE,Prospector,EP9,Fixed-Wing,Piston
LANGE,E-1 Antares 20E,LAE1,Fixed-Wing,Electric
LANGE,E-1 Antares DLR-H2,DLH2,Fixed-Wing,Electric
LANGE,Antares DLR-H2,DLH2,Fixed-Wing,Electric
LANGE,Antares 20E,LAE1,Fixed-Wing,Electric
LANSHE,LA-250 Renegade 2,LA25,Amphibian,Piston
LANSHE,LA-250 Seafury,LA25,Amphibian,Piston
LANSHE,LA-250 Seawolf,LA25,Amphibian,Piston
LANSHE,Renegade 2,LA25,Amphibian,Piston
LANSHE,Seafury,LA25,Amphibian,Piston
LANSHE,Seawolf,LA25,Amphibian,Piston
LANSHE,SP-26,SP20,Fixed-Wing,Piston
LASER,Akro Z,LAKR,Fixed-Wing,Piston
LAVEN,LACO-125,LACO,Fixed-Wing,Piston
LAVEN,LACO-145,LACO,Fixed-Wing,Piston
LAVERDA,F-8L Falco,F8L,Fixed-Wing,Piston
LAVERDA,Falco,F8L,Fixed-Wing,Piston
LAVIASA,PA-25 Puelche,PA25,Fixed-Wing,Piston
LAVIASA,Puelche,PA25,Fixed-Wing,Piston
LAVIASA,LAV-51 Master,LV51,Fixed-Wing,Piston
LAVIASA,LAV-51 Super Master,LV51,Fixed-Wing,Piston
LAVIASA,Master,LV51,Fixed-Wing,Piston
LAVIASA,Super Master,LV51,Fixed-Wing,Piston
LEAR,Learstar,L18,Fixed-Wing,Piston
LEAR JET,23,LJ23,Fixed-Wing,Jet
LEAR JET,24,LJ24,Fixed-Wing,Jet
LEAR JET,25,LJ25,Fixed-Wing,Jet
LEARJET,31,LJ31,Fixed-Wing,Jet
LEARJET,35,LJ35,Fixed-Wing,Jet
LEARJET,36,LJ35,Fixed-Wing,Jet
LEARJET,40,LJ40,Fixed-Wing,Jet
LEARJET,45,LJ45,Fixed-Wing,Jet
LEARJET,55,LJ55,Fixed-Wing,Jet
LEARJET,60,LJ60,Fixed-Wing,Jet
LEARJET,C-21,LJ35,Fixed-Wing,Jet
LEARJET,RC-35,LJ35,Fixed-Wing,Jet
LEARJET,U-36,LJ35,Fixed-Wing,Jet
LEARJET,UC-36,LJ35,Fixed-Wing,Jet
LEARJET,VU-35,LJ35,Fixed-Wing,Jet
LEARJET,VU-55,LJ55,Fixed-Wing,Jet
LEARJET,70,LJ70,Fixed-Wing,Jet
LEARJET,75,LJ75,Fixed-Wing,Jet
LEARJET,85,LJ85,Fixed-Wing,Jet
LEARJET,75 Liberty,LJ75,Fixed-Wing,Jet
LEARJET,Liberty,LJ75,Fixed-Wing,Jet
LEAVENS,80 Canuck,CNUK,Fixed-Wing,Piston
LEAVENS,Canuck,CNUK,Fixed-Wing,Piston
LEDERLIN,380 Ladybug,L380,Fixed-Wing,Piston
LEDERLIN,Ladybug,L380,Fixed-Wing,Piston
LEGEND,Turbine Legend,TLEG,Fixed-Wing,Turboprop/Turboshaft
LEGEND FLYERS,Me-262,ME62,Fixed-Wing,Jet
LEGER,Super-Chipmunk,CHIP,Fixed-Wing,Piston
LEONARDO,AW-109 GrandNew,A109,Helicopter,Turboprop/Turboshaft
LEONARDO,AW-109 Trekker,A109,Helicopter,Turboprop/Turboshaft
LEONARDO,Trekker,A109,Helicopter,Turboprop/Turboshaft
LEONARDO,AW-101,EH10,Helicopter,Turboprop/Turboshaft
LEONARDO,HH-101 Caesar,EH10,Helicopter,Turboprop/Turboshaft
LEONARDO,Caesar,EH10,Helicopter,Turboprop/Turboshaft
LEONARDO,AW-159 Lynx Wildcat,LYNX,Helicopter,Turboprop/Turboshaft
LEONARDO,Lynx Wildcat,LYNX,Helicopter,Turboprop/Turboshaft
LEONARDO,AW-159 Wildcat,LYNX,Helicopter,Turboprop/Turboshaft
LEONARDO,Wildcat,LYNX,Helicopter,Turboprop/Turboshaft
LEONARDO,ICH-47 Chinook,H47,Helicopter,Turboprop/Turboshaft
LEONARDO,Chinook,H47,Helicopter,Turboprop/Turboshaft
LEONARDO,M-345,M345,Fixed-Wing,Jet
LEONARDO,T-345,M345,Fixed-Wing,Jet
LEONARDO,Falco,FLCO,Fixed-Wing,Piston
LEONARDO,MH-139 Grey Wolf,A139,Helicopter,Turboprop/Turboshaft
LEONARDO,Grey Wolf,A139,Helicopter,Turboprop/Turboshaft
LEONARDO,AW-189,A189,Helicopter,Turboprop/Turboshaft
LEONARDO,AW-119 Koala,A119,Helicopter,Turboprop/Turboshaft
LEONARDO,Koala,A119,Helicopter,Turboprop/Turboshaft
LEONARDO,AW-139,A139,Helicopter,Turboprop/Turboshaft
LEONARDO,AW-149,A149,Helicopter,Turboprop/Turboshaft
LEONARDO,AW-169,A169,Helicopter,Turboprop/Turboshaft
LEONARDO-FINMECCANICA,Falco,FLCO,Fixed-Wing,Piston
LET,Aero 45,AE45,Fixed-Wing,Piston
LET,Blanik (single-engine conversions),L13M,Fixed-Wing,Piston
LET,C-11,YK11,Fixed-Wing,Piston
LET,Cmelák,Z37P,Fixed-Wing,Piston
LET,L-13 Blanik (single-engine conversions),L13M,Fixed-Wing,Piston
LET,L-200 Morava,L200,Fixed-Wing,Piston
LET,L-410 Turbolet,L410,Fixed-Wing,Turboprop/Turboshaft
LET,L-420 Turbolet,L410,Fixed-Wing,Turboprop/Turboshaft
LET,L-610,L610,Fixed-Wing,Turboprop/Turboshaft
LET,Morava,L200,Fixed-Wing,Piston
LET,Sparka,Z37P,Fixed-Wing,Piston
LET,Super Aero 145,AE45,Fixed-Wing,Piston
LET,Turbolet,L410,Fixed-Wing,Turboprop/Turboshaft
LET,Z-37 Cmelák,Z37P,Fixed-Wing,Piston
LET,Z-37 Sparka,Z37P,Fixed-Wing,Piston
LET,Z-37A Cmelák,Z37P,Fixed-Wing,Piston
LET,Z-37C Cmelák,Z37P,Fixed-Wing,Piston
LET,Z-237 Cmelák,Z37P,Fixed-Wing,Piston
LEZA,Air Cam,ACAM,Fixed-Wing,Piston
LEZA-LOCKWOOD,Air Cam,ACAM,Fixed-Wing,Piston
LH AVIATION,Ellipse,LH10,Fixed-Wing,Piston
LH AVIATION,LH-10 Ellipse,LH10,Fixed-Wing,Piston
LIBERTY (1),Bellaire,LIBE,Fixed-Wing,Piston
LIBERTY (2),XL-2,XL2,Fixed-Wing,Piston
LICHTWERK,Alouette 3,ALO3,Helicopter,Turboprop/Turboshaft
LICHTWERK,SE-3160 Alouette 3,ALO3,Helicopter,Turboprop/Turboshaft
LIGHT AERO,Avid Amphibian,AVAM,Amphibian,Piston
LIGHT AERO,Avid Flyer,AVID,Fixed-Wing,Piston
LIGHT MINIATURE,LM-5 Super Cub,LM5X,Fixed-Wing,Piston
LIGHT MINIATURE,Super Cub,LM5X,Fixed-Wing,Piston
LIGHT WING,AC-4,AC4,Fixed-Wing,Piston
LIGHTNING BUG,Lightning Bug,LBUG,Fixed-Wing,Piston
LILIENTHAL,Bekas (X-32),LX32,Fixed-Wing,Piston
LILIENTHAL,Bekas (X-34),LX34,Fixed-Wing,Piston
LILIENTHAL,X-32 Bekas,LX32,Fixed-Wing,Piston
LILIENTHAL,X-34 Bekas,LX34,Fixed-Wing,Piston
LILIENTHAL,100,LX32,Fixed-Wing,Piston
LILIENTHAL,Sintal,LX32,Fixed-Wing,Piston
LILIENTHAL,S-2 Sintal,LX32,Fixed-Wing,Piston
LIPNUR,Gawron,PZ01,Fixed-Wing,Piston
LIPNUR,Gelatik,PZ04,Fixed-Wing,Piston
LIPNUR,PZL-101 Gawron,PZ01,Fixed-Wing,Piston
LISA,Akoya,AKOY,Amphibian,Piston
LISUNOV,Li-2,DC3,Fixed-Wing,Piston
LITTLE WING,LW-4 Roto-Pup,RPUP,Gyrocopter,Piston
LITTLE WING,LW-5 Roto-Pup,RPUP,Gyrocopter,Piston
LITTLE WING,Roto-Pup,RPUP,Gyrocopter,Piston
LMAASA,AT-63 Pampa,IA63,Fixed-Wing,Jet
LMAASA,IA-63 Pampa,IA63,Fixed-Wing,Jet
LMAASA,Pampa,IA63,Fixed-Wing,Jet
LOAD RANGER,2000,LR2T,Helicopter,Turboprop/Turboshaft
LOCKHEED,AC-130 Spectre,C130,Fixed-Wing,Turboprop/Turboshaft
LOCKHEED,AP-3 Orion,P3,Fixed-Wing,Turboprop/Turboshaft
LOCKHEED,Arcturus,P3,Fixed-Wing,Turboprop/Turboshaft
LOCKHEED,AT-33,T33,Fixed-Wing,Jet
LOCKHEED,Aurora,P3,Fixed-Wing,Turboprop/Turboshaft
LOCKHEED,Aya,C130,Fixed-Wing,Turboprop/Turboshaft
LOCKHEED,B-34 Lexington,L37,Fixed-Wing,Piston
LOCKHEED,C-40 Electra Junior,L12,Fixed-Wing,Piston
LOCKHEED,C-56 Lodestar,L18,Fixed-Wing,Piston
LOCKHEED,C-57 Lodestar,L18,Fixed-Wing,Piston
LOCKHEED,C-59 Lodestar,L18,Fixed-Wing,Piston
LOCKHEED,C-60 Lodestar,L18,Fixed-Wing,Piston
LOCKHEED,C-121 Constellation,CONI,Fixed-Wing,Piston
LOCKHEED,C-130 Karnaf,C130,Fixed-Wing,Turboprop/Turboshaft
LOCKHEED,C-130A Hercules,C130,Fixed-Wing,Turboprop/Turboshaft
LOCKHEED,C-130B Hercules,C130,Fixed-Wing,Turboprop/Turboshaft
LOCKHEED,C-130E Hercules,C130,Fixed-Wing,Turboprop/Turboshaft
LOCKHEED,C-130F Hercules,C130,Fixed-Wing,Turboprop/Turboshaft
LOCKHEED,C-130H Hercules,C130,Fixed-Wing,Turboprop/Turboshaft
LOCKHEED,C-130K Hercules,C130,Fixed-Wing,Turboprop/Turboshaft
LOCKHEED,C-141 Starlifter,C141,Fixed-Wing,Jet
LOCKHEED,CC-130 Hercules,C130,Fixed-Wing,Turboprop/Turboshaft
LOCKHEED,Constellation,CONI,Fixed-Wing,Piston
LOCKHEED,CP-140 Arcturus,P3,Fixed-Wing,Turboprop/Turboshaft
LOCKHEED,CP-140 Aurora,P3,Fixed-Wing,Turboprop/Turboshaft
LOCKHEED,DC-130 Hercules,C130,Fixed-Wing,Turboprop/Turboshaft
LOCKHEED,EC-121 Constellation,CONI,Fixed-Wing,Piston
LOCKHEED,EC-130 Aya,C130,Fixed-Wing,Turboprop/Turboshaft
LOCKHEED,EC-130 Sapeer,C130,Fixed-Wing,Turboprop/Turboshaft
LOCKHEED,EC-130E Hercules,C130,Fixed-Wing,Turboprop/Turboshaft
LOCKHEED,EC-130G Hercules,C130,Fixed-Wing,Turboprop/Turboshaft
LOCKHEED,EC-130H Hercules,C130,Fixed-Wing,Turboprop/Turboshaft
LOCKHEED,EC-130Q Hercules,C130,Fixed-Wing,Turboprop/Turboshaft
LOCKHEED,Electra (L-10),L10,Fixed-Wing,Piston
LOCKHEED,Electra (L-188),L188,Fixed-Wing,Turboprop/Turboshaft
LOCKHEED,Electra Junior,L12,Fixed-Wing,Piston
LOCKHEED,EP-3 Orion,P3,Fixed-Wing,Turboprop/Turboshaft
LOCKHEED,ER-2,U2,Fixed-Wing,Jet
LOCKHEED,F-5 Lightning,P38,Fixed-Wing,Piston
LOCKHEED,F-16 Fighting Falcon,F16,Fixed-Wing,Jet
LOCKHEED,F-104 Starfighter,F104,Fixed-Wing,Jet
LOCKHEED,F-117 Nighthawk,F117,Fixed-Wing,Jet
LOCKHEED,Fighting Falcon,F16,Fixed-Wing,Jet
LOCKHEED,Harpoon,L37,Fixed-Wing,Piston
LOCKHEED,HC-130 Hercules,C130,Fixed-Wing,Turboprop/Turboshaft
LOCKHEED,Hercules (T-56 engines),C130,Fixed-Wing,Turboprop/Turboshaft
LOCKHEED,Hudson,L14,Fixed-Wing,Piston
LOCKHEED,JC-130 Hercules,C130,Fixed-Wing,Turboprop/Turboshaft
LOCKHEED,Jetstar 2,L29B,Fixed-Wing,Jet
LOCKHEED,Jetstar 6,L29A,Fixed-Wing,Jet
LOCKHEED,Jetstar 8,L29A,Fixed-Wing,Jet
LOCKHEED,Jetstar 731,L29B,Fixed-Wing,Jet
LOCKHEED,JO Electra Junior,L12,Fixed-Wing,Piston
LOCKHEED,Karnaf,C130,Fixed-Wing,Turboprop/Turboshaft
LOCKHEED,KC-130 Karnaf,C130,Fixed-Wing,Turboprop/Turboshaft
LOCKHEED,KC-130B Hercules,C130,Fixed-Wing,Turboprop/Turboshaft
LOCKHEED,KC-130F Hercules,C130,Fixed-Wing,Turboprop/Turboshaft
LOCKHEED,KC-130H Hercules,C130,Fixed-Wing,Turboprop/Turboshaft
LOCKHEED,KC-130R Hercules,C130,Fixed-Wing,Turboprop/Turboshaft
LOCKHEED,KC-130T Hercules,C130,Fixed-Wing,Turboprop/Turboshaft
LOCKHEED,L-10 Electra,L10,Fixed-Wing,Piston
LOCKHEED,L-12 Electra Junior,L12,Fixed-Wing,Piston
LOCKHEED,L-14 Hudson,L14,Fixed-Wing,Piston
LOCKHEED,L-14 Super Electra,L14,Fixed-Wing,Piston
LOCKHEED,L-15 Harpoon,L37,Fixed-Wing,Piston
LOCKHEED,L-18 Lodestar,L18,Fixed-Wing,Piston
LOCKHEED,L-049 Constellation,CONI,Fixed-Wing,Piston
LOCKHEED,L-100 Hercules,C130,Fixed-Wing,Turboprop/Turboshaft
LOCKHEED,L-137 Ventura,L37,Fixed-Wing,Piston
LOCKHEED,L-185 Orion,P3,Fixed-Wing,Turboprop/Turboshaft
LOCKHEED,L-188 Electra,L188,Fixed-Wing,Turboprop/Turboshaft
LOCKHEED,L-222 Lightning,P38,Fixed-Wing,Piston
LOCKHEED,L-237 Ventura,L37,Fixed-Wing,Piston
LOCKHEED,L-285 Orion,P3,Fixed-Wing,Turboprop/Turboshaft
LOCKHEED,L-300 Starlifter,C141,Fixed-Wing,Jet
LOCKHEED,L-322 Lightning,P38,Fixed-Wing,Piston
LOCKHEED,L-394 Viking,S3,Fixed-Wing,Jet
LOCKHEED,L-422 Lightning,P38,Fixed-Wing,Piston
LOCKHEED,L-426 Neptune,P2,Fixed-Wing,Piston
LOCKHEED,L-580 Shooting Star,T33,Fixed-Wing,Jet
LOCKHEED,L-580 T-Bird,T33,Fixed-Wing,Jet
LOCKHEED,L-583 Starfighter,F104,Fixed-Wing,Jet
LOCKHEED,L-683 Starfighter,F104,Fixed-Wing,Jet
LOCKHEED,L-685 Orion,P3,Fixed-Wing,Turboprop/Turboshaft
LOCKHEED,L-726 Neptune,P2,Fixed-Wing,Piston
LOCKHEED,L-749 Constellation,CONI,Fixed-Wing,Piston
LOCKHEED,L-785 Orion,P3,Fixed-Wing,Turboprop/Turboshaft
LOCKHEED,L-826 Neptune,P2,Fixed-Wing,Piston
LOCKHEED,L-1011 TriStar,L101,Fixed-Wing,Jet
LOCKHEED,L-1049 Super Constellation,CONI,Fixed-Wing,Piston
LOCKHEED,L-1329 Jetstar 2,L29B,Fixed-Wing,Jet
LOCKHEED,L-1329 Jetstar 6,L29A,Fixed-Wing,Jet
LOCKHEED,L-1329 Jetstar 8,L29A,Fixed-Wing,Jet
LOCKHEED,L-1329 Jetstar 731,L29B,Fixed-Wing,Jet
LOCKHEED,LASA-60,LA60,Fixed-Wing,Piston
LOCKHEED,LC-130 Hercules,C130,Fixed-Wing,Turboprop/Turboshaft
LOCKHEED,Lightning,P38,Fixed-Wing,Piston
LOCKHEED,Lodestar,L18,Fixed-Wing,Piston
LOCKHEED,MC-130 Hercules,C130,Fixed-Wing,Turboprop/Turboshaft
LOCKHEED,NC-130 Hercules,C130,Fixed-Wing,Turboprop/Turboshaft
LOCKHEED,Neptune,P2,Fixed-Wing,Piston
LOCKHEED,Nighthawk,F117,Fixed-Wing,Jet
LOCKHEED,NP-3 Orion,P3,Fixed-Wing,Turboprop/Turboshaft
LOCKHEED,NT-33,T33,Fixed-Wing,Jet
LOCKHEED,Orion,P3,Fixed-Wing,Turboprop/Turboshaft
LOCKHEED,P-2 Neptune,P2,Fixed-Wing,Piston
LOCKHEED,P2V Neptune,P2,Fixed-Wing,Piston
LOCKHEED,P-3 Orion,P3,Fixed-Wing,Turboprop/Turboshaft
LOCKHEED,P-38 Lightning,P38,Fixed-Wing,Piston
LOCKHEED,PV-1 Ventura,L37,Fixed-Wing,Piston
LOCKHEED,PV-2 Harpoon,L37,Fixed-Wing,Piston
LOCKHEED,R5O Lodestar,L18,Fixed-Wing,Piston
LOCKHEED,R7V Constellation,CONI,Fixed-Wing,Piston
LOCKHEED,RC-121 Constellation,CONI,Fixed-Wing,Piston
LOCKHEED,RC-130 Hercules,C130,Fixed-Wing,Turboprop/Turboshaft
LOCKHEED,RF-104 Starfighter,F104,Fixed-Wing,Jet
LOCKHEED,RP-3 Orion,P3,Fixed-Wing,Turboprop/Turboshaft
LOCKHEED,RT-33,T33,Fixed-Wing,Jet
LOCKHEED,S-3 Viking,S3,Fixed-Wing,Jet
LOCKHEED,Sapeer,C130,Fixed-Wing,Turboprop/Turboshaft
LOCKHEED,Shooting Star,T33,Fixed-Wing,Jet
LOCKHEED,SP-2 Neptune,P2,Fixed-Wing,Piston
LOCKHEED,Spectre,C130,Fixed-Wing,Turboprop/Turboshaft
LOCKHEED,Starfighter,F104,Fixed-Wing,Jet
LOCKHEED,Starlifter,C141,Fixed-Wing,Jet
LOCKHEED,Super Constellation,CONI,Fixed-Wing,Piston
LOCKHEED,Super Electra,L14,Fixed-Wing,Piston
LOCKHEED,T-33 Shooting Star,T33,Fixed-Wing,Jet
LOCKHEED,T-33 T-Bird,T33,Fixed-Wing,Jet
LOCKHEED,T-Bird,T33,Fixed-Wing,Jet
LOCKHEED,TC-130 Hercules,C130,Fixed-Wing,Turboprop/Turboshaft
LOCKHEED,TF-104 Starfighter,F104,Fixed-Wing,Jet
LOCKHEED,TP-3 Orion,P3,Fixed-Wing,Turboprop/Turboshaft
LOCKHEED,Tp84 Hercules,C130,Fixed-Wing,Turboprop/Turboshaft
LOCKHEED,TriStar,L101,Fixed-Wing,Jet
LOCKHEED,U-2,U2,Fixed-Wing,Jet
LOCKHEED,UP-3 Orion,P3,Fixed-Wing,Turboprop/Turboshaft
LOCKHEED,VC-121 Constellation,CONI,Fixed-Wing,Piston
LOCKHEED,VC-130 Hercules,C130,Fixed-Wing,Turboprop/Turboshaft
LOCKHEED,Ventura,L37,Fixed-Wing,Piston
LOCKHEED,Viking,S3,Fixed-Wing,Jet
LOCKHEED,VP-3 Orion,P3,Fixed-Wing,Turboprop/Turboshaft
LOCKHEED,Warning Star,CONI,Fixed-Wing,Piston
LOCKHEED,WC-130E Hercules,C130,Fixed-Wing,Turboprop/Turboshaft
LOCKHEED,WC-130H Hercules,C130,Fixed-Wing,Turboprop/Turboshaft
LOCKHEED,WP-3 Orion,P3,Fixed-Wing,Turboprop/Turboshaft
LOCKHEED,WV Warning Star,CONI,Fixed-Wing,Piston
LOCKHEED,XR2O Electra,L10,Fixed-Wing,Piston
LOCKHEED,XR5O Lodestar,L18,Fixed-Wing,Piston
LOCKHEED,YF-117 Nighthawk,F117,Fixed-Wing,Jet
LOCKHEED,YO-3,O3,Fixed-Wing,Piston
LOCKHEED,Super Galaxy,C5M,Fixed-Wing,Jet
LOCKHEED,C-5 Super Galaxy,C5M,Fixed-Wing,Jet
LOCKHEED,182 Hercules,C130,Fixed-Wing,Turboprop/Turboshaft
LOCKHEED,282 Hercules,C130,Fixed-Wing,Turboprop/Turboshaft
LOCKHEED,382 Hercules,C130,Fixed-Wing,Turboprop/Turboshaft
LOCKHEED MARTIN,382C Hercules,C130,Fixed-Wing,Turboprop/Turboshaft
LOCKHEED MARTIN,Hercules,C130,Fixed-Wing,Turboprop/Turboshaft
LOCKHEED MARTIN,382J Super Hercules,C30J,Fixed-Wing,Turboprop/Turboshaft
LOCKHEED MARTIN,382U Super Hercules,C30J,Fixed-Wing,Turboprop/Turboshaft
LOCKHEED MARTIN,382V Super Hercules,C30J,Fixed-Wing,Turboprop/Turboshaft
LOCKHEED MARTIN,C-130J Super Hercules,C30J,Fixed-Wing,Turboprop/Turboshaft
LOCKHEED MARTIN,CC-130J Super Hercules,C30J,Fixed-Wing,Turboprop/Turboshaft
LOCKHEED MARTIN,EC-130J Super Hercules,C30J,Fixed-Wing,Turboprop/Turboshaft
LOCKHEED MARTIN,HC-130J Super Hercules,C30J,Fixed-Wing,Turboprop/Turboshaft
LOCKHEED MARTIN,KC-130J Super Hercules,C30J,Fixed-Wing,Turboprop/Turboshaft
LOCKHEED MARTIN,MC-130J Super Hercules,C30J,Fixed-Wing,Turboprop/Turboshaft
LOCKHEED MARTIN,WC-130J Super Hercules,C30J,Fixed-Wing,Turboprop/Turboshaft
LOCKHEED MARTIN,LM-100J Super Hercules,C30J,Fixed-Wing,Turboprop/Turboshaft
LOCKHEED MARTIN,Super Hercules,C30J,Fixed-Wing,Turboprop/Turboshaft
LOCKHEED MARTIN,F-35A Lightning 2,F35,Fixed-Wing,Jet
LOCKHEED MARTIN,F-35B Lightning 2,VF35,Fixed-Wing,Jet
LOCKHEED MARTIN,F-35C Lightning 2,F35,Fixed-Wing,Jet
LOCKHEED MARTIN,Lightning 2 (F-35A/C),F35,Fixed-Wing,Jet
LOCKHEED MARTIN,Lightning 2 (F-35B),VF35,Fixed-Wing,Jet
LOCKHEED MARTIN,C-130H Hercules,C130,Fixed-Wing,Turboprop/Turboshaft
LOCKHEED MARTIN,Desert Falcon,F16,Fixed-Wing,Jet
LOCKHEED MARTIN,F-16  Sufa,F16,Fixed-Wing,Jet
LOCKHEED MARTIN,F-16 Desert Falcon,F16,Fixed-Wing,Jet
LOCKHEED MARTIN,F-16 Fighting Falcon,F16,Fixed-Wing,Jet
LOCKHEED MARTIN,F-22 Raptor,F22,Fixed-Wing,Jet
LOCKHEED MARTIN,Fighting Falcon,F16,Fixed-Wing,Jet
LOCKHEED MARTIN,L-285 Orion,P3,Fixed-Wing,Turboprop/Turboshaft
LOCKHEED MARTIN,L-645 Raptor,F22,Fixed-Wing,Jet
LOCKHEED MARTIN,LC-130 Hercules,C130,Fixed-Wing,Turboprop/Turboshaft
LOCKHEED MARTIN,Orion,P3,Fixed-Wing,Turboprop/Turboshaft
LOCKHEED MARTIN,P-3 Orion,P3,Fixed-Wing,Turboprop/Turboshaft
LOCKHEED MARTIN,Raptor,F22,Fixed-Wing,Jet
LOCKHEED MARTIN,Sufa,F16,Fixed-Wing,Jet
LOCKHEED-AZCARATE,LASA-60 Santa Maria,LA60,Fixed-Wing,Piston
LOCKHEED-AZCARATE,Santa Maria,LA60,Fixed-Wing,Piston
LOCKWOOD,Air Cam,ACAM,Fixed-Wing,Piston
LOEHLE,Spitfire Elite,SPEL,Fixed-Wing,Piston
LOMBARDI,Aviastar,LM5,Fixed-Wing,Piston
LOMBARDI,Aviastarlet,FL3,Fixed-Wing,Piston
LOMBARDI,F-4 Rondone,ROND,Fixed-Wing,Piston
LOMBARDI,FL-3 Aviastarlet,FL3,Fixed-Wing,Piston
LOMBARDI,LM-5 Aviastar,LM5,Fixed-Wing,Piston
LOMBARDI,LM-7,LM7,Fixed-Wing,Piston
LOMBARDI,Rondone,ROND,Fixed-Wing,Piston
LONG,Midget Mustang,MIMU,Fixed-Wing,Piston
LONG,MM-1 Midget Mustang,MIMU,Fixed-Wing,Piston
LONGREN,Centaur,L13,Fixed-Wing,Piston
LONGREN,L-13 Centaur,L13,Fixed-Wing,Piston
LOPRESTI,Fury,LP1,Fixed-Wing,Piston
LOPRESTI,LP-1 Fury,LP1,Fixed-Wing,Piston
LORAVIA,Falke,SF25,Fixed-Wing,Piston
LORAVIA,SF-25 Falke,SF25,Fixed-Wing,Piston
LOT,AS-350 Ecureuil,AS50,Helicopter,Turboprop/Turboshaft
LOT,Ecureuil,AS50,Helicopter,Turboprop/Turboshaft
LOVING-WAYNE,Love,LOVE,Fixed-Wing,Piston
LOVING-WAYNE,WR-1 Love,LOVE,Fixed-Wing,Piston
LSA AMERICA,Allegro,ALGR,Fixed-Wing,Piston
LTV,F-8 Crusader,F8,Fixed-Wing,Jet
LUCAS,L-5,LUL5,Fixed-Wing,Piston
LUCAS,L-6,LUL6,Fixed-Wing,Piston
LUCAS,L-7,LUL7,Fixed-Wing,Piston
LUCAS,L-8,LUL8,Fixed-Wing,Piston
LUCEAIR,W-5 Buttercup Replica,W5BC,Fixed-Wing,Piston
LUCEAIR,Buttercup Replica,W5BC,Fixed-Wing,Piston
LUNDS TEKNISKE,SA-60 Silhouette,SILH,Fixed-Wing,Piston
LUNDS TEKNISKE,Silhouette,SILH,Fixed-Wing,Piston
LUNDY,Graflite,GRAF,Fixed-Wing,Piston
LUSCOMBE,8,L8,Fixed-Wing,Piston
LUSCOMBE,8 Master,L8,Fixed-Wing,Piston
LUSCOMBE,8 Silvaire,L8,Fixed-Wing,Piston
LUSCOMBE,8 Trainer,L8,Fixed-Wing,Piston
LUSCOMBE,11A Sedan,L11,Fixed-Wing,Piston
LUSCOMBE,50,L8,Fixed-Wing,Piston
LUSCOMBE,Master,L8,Fixed-Wing,Piston
LUSCOMBE,Observer,L8,Fixed-Wing,Piston
LUSCOMBE,Sedan,L11,Fixed-Wing,Piston
LUSCOMBE,Silvaire,L8,Fixed-Wing,Piston
LUSCOMBE,T8 Observer,L8,Fixed-Wing,Piston
LUSCOMBE,Trainer,L8,Fixed-Wing,Piston
LUSCOMBE,11E,L11E,Fixed-Wing,Piston
LUSCOMBE,11E Spartan 185,L11E,Fixed-Wing,Piston
LUSCOMBE,Spartan 185,L11E,Fixed-Wing,Piston
LUSCOMBE-SILVAIRE,LSA-8 Renai,L8,Fixed-Wing,Piston
LUSCOMBE-SILVAIRE,Renai,L8,Fixed-Wing,Piston
LUTON,LA-5 Major,MAJR,Fixed-Wing,Piston
LUTON,Major,MAJR,Fixed-Wing,Piston
LYAVIN,Delfin,DELF,Fixed-Wing,Piston
M & D FLUGZEUGBAU,AVO-68 Samburo,AV68,Fixed-Wing,Piston
M & D FLUGZEUGBAU,Samburo,AV68,Fixed-Wing,Piston
MACAIR,Merlin,MAME,Fixed-Wing,Piston
MACCHI,AL-60,LA60,Fixed-Wing,Piston
MACCHI,MB-308,M308,Fixed-Wing,Piston
MACCHI,MB-326,M326,Fixed-Wing,Jet
MACDONALD,S-21,S21,Fixed-Wing,Piston
MACHEN,Superstar,AEST,Fixed-Wing,Piston
MACKEY,SQ-2,MSQ2,Fixed-Wing,Piston
MAD MAX AERO,Mad Max,MMAX,Gyrocopter,Piston
MAGNI,M-14 Scout,MM14,Gyrocopter,Piston
MAGNI,M-16 Tandem Trainer,MM16,Gyrocopter,Piston
MAGNI,M-19 Shark,MM19,Gyrocopter,Piston
MAGNI,M-21,MM21,Gyrocopter,Piston
MAGNI,M-22 Voyager,MM22,Gyrocopter,Piston
MAGNI,Scout,MM14,Gyrocopter,Piston
MAGNI,Shark,MM19,Gyrocopter,Piston
MAGNI,Tandem Trainer,MM16,Gyrocopter,Piston
MAGNI,Voyager,MM22,Gyrocopter,Piston
MAGNI,Orion,MM24,Gyrocopter,Piston
MAGNI,M-24 Orion,MM24,Gyrocopter,Piston
MAGNUS,MG-11 Fusion,FUSI,Fixed-Wing,Piston
MAGNUS,Fusion,FUSI,Fixed-Wing,Piston
MAGNUS,MG-11 eFusion,EFUS,Fixed-Wing,Electric
MAGNUS,eFusion,EFUS,Fixed-Wing,Electric
MAKELAN,Hatz Classic,CB1,Fixed-Wing,Piston
MALMO,Junior,JUNR,Fixed-Wing,Piston
MALMO,MFI-9 Junior,JUNR,Fixed-Wing,Piston
MALMO,MFI-10 Vipan,MF10,Fixed-Wing,Piston
MALMO,Vipan,MF10,Fixed-Wing,Piston
MAPO,I-1,SL90,Fixed-Wing,Piston
MAPO,MiG-29,MG29,Fixed-Wing,Jet
MAPO,MiG-31,MG31,Fixed-Wing,Jet
MAPO,MiG-33,MG29,Fixed-Wing,Jet
MAPO,MiG-AT,MGAT,Fixed-Wing,Jet
MAPO,SL-39,SL39,Fixed-Wing,Piston
MARA WING,1-L Malamut,MMUT,Fixed-Wing,Piston
MARA WING,L-1 Malamut,MMUT,Fixed-Wing,Piston
MARA WING,Malamut,MMUT,Fixed-Wing,Piston
MARANDA,BM-1 Loisirs,RA14,Fixed-Wing,Piston
MARANDA,BM-1 Super Loisirs,RA14,Fixed-Wing,Piston
MARANDA,BM-3,RA17,Fixed-Wing,Piston
MARANDA,BM-4,GY20,Fixed-Wing,Piston
MARANDA,BM-6 Lark,BM6,Fixed-Wing,Piston
MARANDA,Lark,BM6,Fixed-Wing,Piston
MARANDA,Loisirs,RA14,Fixed-Wing,Piston
MARANDA,Super Loisirs,RA14,Fixed-Wing,Piston
MARCO,J-5 Marco,JAJ5,Fixed-Wing,Piston
MARCO,Marco,JAJ5,Fixed-Wing,Piston
MARGANSKI,Bielik,EM10,Fixed-Wing,Jet
MARGANSKI,EM-10 Bielik,EM10,Fixed-Wing,Jet
MARGANSKI,EM-11 Orka,EM11,Fixed-Wing,Piston
MARGANSKI,Orka,EM11,Fixed-Wing,Piston
MARIE,JPM-01 Medoc,JPM1,Fixed-Wing,Piston
MARIE,JPM-01 Tanagra,JPM1,Fixed-Wing,Piston
MARIE,Medoc,JPM1,Fixed-Wing,Piston
MARIE,Tanagra,JPM1,Fixed-Wing,Piston
MARQUART,Charger,MA5,Fixed-Wing,Piston
MARQUART,MA-5 Charger,MA5,Fixed-Wing,Piston
MARSDEN,Skylark,DV1,Fixed-Wing,Piston
MARSH,G-164 Turbo Cat,G64T,Fixed-Wing,Turboprop/Turboshaft
MARSH,TS-2F Turbo Tracker,S2T,Fixed-Wing,Turboprop/Turboshaft
MARSH,Turbo Cat,G64T,Fixed-Wing,Turboprop/Turboshaft
MARSH,Turbo Thrush,SS2T,Fixed-Wing,Turboprop/Turboshaft
MARSH,Turbo Tracker,S2T,Fixed-Wing,Turboprop/Turboshaft
MARTIN,170 Mars,MARS,SeaPlane,Piston
MARTIN,179 Marauder,B26M,Fixed-Wing,Piston
MARTIN,272,WB57,Fixed-Wing,Jet
MARTIN,404,M404,Fixed-Wing,Piston
MARTIN,B-26 Marauder,B26M,Fixed-Wing,Piston
MARTIN,JRM Mars,MARS,SeaPlane,Piston
MARTIN,Marauder,B26M,Fixed-Wing,Piston
MARTIN,Mars,MARS,SeaPlane,Piston
MARTIN,WB-57,WB57,Fixed-Wing,Jet
MATRA,M-360 Jupiter,M36J,Fixed-Wing,Piston
MATRA,Jupiter,M36J,Fixed-Wing,Piston
MAULE,Astro Rocket,M4,Fixed-Wing,Piston
MAULE,Bee Dee,M4,Fixed-Wing,Piston
MAULE,Comet,M7,Fixed-Wing,Piston
MAULE,Jetasen,M4,Fixed-Wing,Piston
MAULE,Lunar Rocket,M5,Fixed-Wing,Piston
MAULE,M-4,M4,Fixed-Wing,Piston
MAULE,M-4 Astro Rocket,M4,Fixed-Wing,Piston
MAULE,M-4 Bee Dee,M4,Fixed-Wing,Piston
MAULE,M-4 Jetasen,M4,Fixed-Wing,Piston
MAULE,M-4 Rocket,M4,Fixed-Wing,Piston
MAULE,M-4 Sport 100,M4,Fixed-Wing,Piston
MAULE,M-4 Strata Rocket,M4,Fixed-Wing,Piston
MAULE,M-5,M5,Fixed-Wing,Piston
MAULE,M-5 Lunar Rocket,M5,Fixed-Wing,Piston
MAULE,M-5 Patroller,M5,Fixed-Wing,Piston
MAULE,M-5 Strata Rocket,M5,Fixed-Wing,Piston
MAULE,M-6 Super Rocket,M6,Fixed-Wing,Piston
MAULE,M-7-235 Orion,M7,Fixed-Wing,Piston
MAULE,M-7-235 Super Rocket,M7,Fixed-Wing,Piston
MAULE,M-7-260 Orion,M7,Fixed-Wing,Piston
MAULE,M-7-260 Super Rocket,M7,Fixed-Wing,Piston
MAULE,M-7-420,M7T,Fixed-Wing,Turboprop/Turboshaft
MAULE,M-7-420 Star Craft,M7T,Fixed-Wing,Turboprop/Turboshaft
MAULE,M-8,M8,Fixed-Wing,Piston
MAULE,M-9,M9,Fixed-Wing,Piston
MAULE,Millenium,M7,Fixed-Wing,Piston
MAULE,MT-7-235 Super Rocket,M7,Fixed-Wing,Piston
MAULE,MT-7-260 Super Rocket,M7,Fixed-Wing,Piston
MAULE,MT-7-420,M7T,Fixed-Wing,Turboprop/Turboshaft
MAULE,MX-7-160 Sportplane,M7,Fixed-Wing,Piston
MAULE,MX-7-180,M7,Fixed-Wing,Piston
MAULE,MX-7-180 Millenium,M7,Fixed-Wing,Piston
MAULE,MX-7-180 Sportplane,M7,Fixed-Wing,Piston
MAULE,MX-7-180 Star Rocket,M7,Fixed-Wing,Piston
MAULE,MX-7-235 Star Rocket,M7,Fixed-Wing,Piston
MAULE,MX-7-420 Star Craft,M7T,Fixed-Wing,Turboprop/Turboshaft
MAULE,MXT-7-160 Comet,M7,Fixed-Wing,Piston
MAULE,MXT-7-180 Comet,M7,Fixed-Wing,Piston
MAULE,MXT-7-180 Star Craft,M7,Fixed-Wing,Piston
MAULE,MXT-7-180 Star Rocket,M7,Fixed-Wing,Piston
MAULE,MXT-7-420,M7T,Fixed-Wing,Turboprop/Turboshaft
MAULE,Orion,M7,Fixed-Wing,Piston
MAULE,Patroller,M5,Fixed-Wing,Piston
MAULE,Rocket,M4,Fixed-Wing,Piston
MAULE,Sport 100,M4,Fixed-Wing,Piston
MAULE,Sportplane,M7,Fixed-Wing,Piston
MAULE,Star Craft (piston),M7,Fixed-Wing,Piston
MAULE,Star Craft (turbine),M7T,Fixed-Wing,Turboprop/Turboshaft
MAULE,Star Rocket,M7,Fixed-Wing,Piston
MAULE,Strata Rocket (M-4),M4,Fixed-Wing,Piston
MAULE,Strata Rocket (M-5),M5,Fixed-Wing,Piston
MAULE,Super Rocket (M-6),M6,Fixed-Wing,Piston
MAULE,Super Rocket (M-7/MT-7),M7,Fixed-Wing,Piston
MAUPIN,Windrose,ROSE,Fixed-Wing,Piston
MAVERICK,Leader,TJET,Fixed-Wing,Jet
MAVERICK,TJ-1500 Leader,TJET,Fixed-Wing,Jet
MAVERICK,TJ-1500 TwinJet,TJET,Fixed-Wing,Jet
MAVERICK,TwinJet,TJET,Fixed-Wing,Jet
MAX HOLSTE,Broussard,BROU,Fixed-Wing,Piston
MAX HOLSTE,MH-260 Super Broussard,N260,Fixed-Wing,Turboprop/Turboshaft
MAX HOLSTE,MH-1521 Broussard,BROU,Fixed-Wing,Piston
MAX HOLSTE,Super Broussard,N260,Fixed-Wing,Turboprop/Turboshaft
MBB,223 Flamingo,S223,Fixed-Wing,Piston
MBB,BO-105,B105,Helicopter,Turboprop/Turboshaft
MBB,BO-105 Twin Jet,B105,Helicopter,Turboprop/Turboshaft
MBB,BO-209 Monsun,B209,Fixed-Wing,Piston
MBB,Flamingo,S223,Fixed-Wing,Piston
MBB,Hansa,HF20,Fixed-Wing,Jet
MBB,HFB-320 Hansa,HF20,Fixed-Wing,Jet
MBB,Hkp9,B105,Helicopter,Turboprop/Turboshaft
MBB,Monsun,B209,Fixed-Wing,Piston
MBB,Tornado,TOR,Fixed-Wing,Jet
MBB,Twin Jet,B105,Helicopter,Turboprop/Turboshaft
MBB-KAWASAKI,BK-117,BK17,Helicopter,Turboprop/Turboshaft
MCCARLEY,Mini-Mac,MMAC,Fixed-Wing,Piston
MCDONNELL,C-12 Phantom 2,F4,Fixed-Wing,Jet
MCDONNELL,CR-12 Phantom 2,F4,Fixed-Wing,Jet
MCDONNELL,F-4 Phantom 2,F4,Fixed-Wing,Jet
MCDONNELL,Phantom 2,F4,Fixed-Wing,Jet
MCDONNELL,RF-4 Phantom 2,F4,Fixed-Wing,Jet
MCDONNELL DOUGLAS,A-4 Skyhawk,A4,Fixed-Wing,Jet
MCDONNELL DOUGLAS,AH-6G,H500,Helicopter,Turboprop/Turboshaft
MCDONNELL DOUGLAS,AH-6J,MD52,Helicopter,Turboprop/Turboshaft
MCDONNELL DOUGLAS,AH-64 Apache,H64,Helicopter,Turboprop/Turboshaft
MCDONNELL DOUGLAS,AH-64 Longbow Apache,H64,Helicopter,Turboprop/Turboshaft
MCDONNELL DOUGLAS,AH-64 Pethen,H64,Helicopter,Turboprop/Turboshaft
MCDONNELL DOUGLAS,Akef,F15,Fixed-Wing,Jet
MCDONNELL DOUGLAS,Apache,H64,Helicopter,Turboprop/Turboshaft
MCDONNELL DOUGLAS,AV-8 Harrier,HAR,Fixed-Wing,Jet
MCDONNELL DOUGLAS,Baz,F15,Fixed-Wing,Jet
MCDONNELL DOUGLAS,C-9 Nightingale,DC93,Fixed-Wing,Jet
MCDONNELL DOUGLAS,C-9 Skytrain 2,DC93,Fixed-Wing,Jet
MCDONNELL DOUGLAS,C-17 Globemaster 3,C17,Fixed-Wing,Jet
MCDONNELL DOUGLAS,KAF-18 Hornet,F18H,Fixed-Wing,Jet
MCDONNELL DOUGLAS,Super Hornet,F18S,Fixed-Wing,Jet
MCDONNELL DOUGLAS,FA-18E Super Hornet,F18S,Fixed-Wing,Jet
MCDONNELL DOUGLAS,FA-18F Super Hornet,F18S,Fixed-Wing,Jet
MCDONNELL DOUGLAS,CF-18 Hornet,F18H,Fixed-Wing,Jet
MCDONNELL DOUGLAS,CF-188 Hornet,F18H,Fixed-Wing,Jet
MCDONNELL DOUGLAS,EF-18 Hornet,F18H,Fixed-Wing,Jet
MCDONNELL DOUGLAS,Combat Explorer,EXPL,Helicopter,Turboprop/Turboshaft
MCDONNELL DOUGLAS,DC-8-50,DC85,Fixed-Wing,Jet
MCDONNELL DOUGLAS,DC-8-50 Jet Trader,DC85,Fixed-Wing,Jet
MCDONNELL DOUGLAS,DC-8-60,DC86,Fixed-Wing,Jet
MCDONNELL DOUGLAS,DC-8-70,DC87,Fixed-Wing,Jet
MCDONNELL DOUGLAS,DC-9-10,DC91,Fixed-Wing,Jet
MCDONNELL DOUGLAS,DC-9-20,DC92,Fixed-Wing,Jet
MCDONNELL DOUGLAS,DC-9-30,DC93,Fixed-Wing,Jet
MCDONNELL DOUGLAS,DC-9-40,DC94,Fixed-Wing,Jet
MCDONNELL DOUGLAS,DC-9-50,DC95,Fixed-Wing,Jet
MCDONNELL DOUGLAS,DC-10,DC10,Fixed-Wing,Jet
MCDONNELL DOUGLAS,Defender,H500,Helicopter,Turboprop/Turboshaft
MCDONNELL DOUGLAS,Eagle,F15,Fixed-Wing,Jet
MCDONNELL DOUGLAS,EAV-8 Matador,HAR,Fixed-Wing,Jet
MCDONNELL DOUGLAS,Enforcer,EXPL,Helicopter,Turboprop/Turboshaft
MCDONNELL DOUGLAS,Explorer,EXPL,Helicopter,Turboprop/Turboshaft
MCDONNELL DOUGLAS,Extender,DC10,Fixed-Wing,Jet
MCDONNELL DOUGLAS,F-4 Kurnass,F4,Fixed-Wing,Jet
MCDONNELL DOUGLAS,F-4 Phantom 2,F4,Fixed-Wing,Jet
MCDONNELL DOUGLAS,F-15 Akef,F15,Fixed-Wing,Jet
MCDONNELL DOUGLAS,FA-18A Hornet,F18H,Fixed-Wing,Jet
MCDONNELL DOUGLAS,FA-18B Hornet,F18H,Fixed-Wing,Jet
MCDONNELL DOUGLAS,F-15 Baz,F15,Fixed-Wing,Jet
MCDONNELL DOUGLAS,F-15 Eagle,F15,Fixed-Wing,Jet
MCDONNELL DOUGLAS,F-15 Ra'am,F15,Fixed-Wing,Jet
MCDONNELL DOUGLAS,Globemaster 3,C17,Fixed-Wing,Jet
MCDONNELL DOUGLAS,Goshawk,HAWK,Fixed-Wing,Jet
MCDONNELL DOUGLAS,Harrier,HAR,Fixed-Wing,Jet
MCDONNELL DOUGLAS,JAH-64 Apache,H64,Helicopter,Turboprop/Turboshaft
MCDONNELL DOUGLAS,Jet Trader,DC85,Fixed-Wing,Jet
MCDONNELL DOUGLAS,KC-10 Extender,DC10,Fixed-Wing,Jet
MCDONNELL DOUGLAS,KDC-10,DC10,Fixed-Wing,Jet
MCDONNELL DOUGLAS,Kurnass,F4,Fixed-Wing,Jet
MCDONNELL DOUGLAS,Lifter,H500,Helicopter,Turboprop/Turboshaft
MCDONNELL DOUGLAS,Longbow Apache,H64,Helicopter,Turboprop/Turboshaft
MCDONNELL DOUGLAS,Matador,HAR,Fixed-Wing,Jet
MCDONNELL DOUGLAS,MD-10,DC10,Fixed-Wing,Jet
MCDONNELL DOUGLAS,MD-11,MD11,Fixed-Wing,Jet
MCDONNELL DOUGLAS,MD-81,MD81,Fixed-Wing,Jet
MCDONNELL DOUGLAS,MD-82,MD82,Fixed-Wing,Jet
MCDONNELL DOUGLAS,MD-83,MD83,Fixed-Wing,Jet
MCDONNELL DOUGLAS,FA-18C Hornet,F18H,Fixed-Wing,Jet
MCDONNELL DOUGLAS,FA-18D Hornet,F18H,Fixed-Wing,Jet
MCDONNELL DOUGLAS,MD-87,MD87,Fixed-Wing,Jet
MCDONNELL DOUGLAS,MD-88,MD88,Fixed-Wing,Jet
MCDONNELL DOUGLAS,MD-90,MD90,Fixed-Wing,Jet
MCDONNELL DOUGLAS,MD-500,H500,Helicopter,Turboprop/Turboshaft
MCDONNELL DOUGLAS,MD-500 Defender,H500,Helicopter,Turboprop/Turboshaft
MCDONNELL DOUGLAS,MD-500 Nightfox,H500,Helicopter,Turboprop/Turboshaft
MCDONNELL DOUGLAS,MD-520N,MD52,Helicopter,Turboprop/Turboshaft
MCDONNELL DOUGLAS,MD-530F Lifter,H500,Helicopter,Turboprop/Turboshaft
MCDONNELL DOUGLAS,MD-530MG Defender,H500,Helicopter,Turboprop/Turboshaft
MCDONNELL DOUGLAS,MD-530MG Nightfox,H500,Helicopter,Turboprop/Turboshaft
MCDONNELL DOUGLAS,MD-530N,MD52,Helicopter,Turboprop/Turboshaft
MCDONNELL DOUGLAS,MD-600N,MD60,Helicopter,Turboprop/Turboshaft
MCDONNELL DOUGLAS,MD-900 Combat Explorer,EXPL,Helicopter,Turboprop/Turboshaft
MCDONNELL DOUGLAS,MD-900 Explorer,EXPL,Helicopter,Turboprop/Turboshaft
MCDONNELL DOUGLAS,MD-902 Explorer,EXPL,Helicopter,Turboprop/Turboshaft
MCDONNELL DOUGLAS,MH-6H,H500,Helicopter,Turboprop/Turboshaft
MCDONNELL DOUGLAS,MH-6J,MD52,Helicopter,Turboprop/Turboshaft
MCDONNELL DOUGLAS,MH-90 Enforcer,EXPL,Helicopter,Turboprop/Turboshaft
MCDONNELL DOUGLAS,Nightfox,H500,Helicopter,Turboprop/Turboshaft
MCDONNELL DOUGLAS,Nightingale,DC93,Fixed-Wing,Jet
MCDONNELL DOUGLAS,OA-4 Skyhawk,A4,Fixed-Wing,Jet
MCDONNELL DOUGLAS,Pethen,H64,Helicopter,Turboprop/Turboshaft
MCDONNELL DOUGLAS,Phantom 2,F4,Fixed-Wing,Jet
MCDONNELL DOUGLAS,QF-4 Phantom 2,F4,Fixed-Wing,Jet
MCDONNELL DOUGLAS,Ra'am,F15,Fixed-Wing,Jet
MCDONNELL DOUGLAS,RF-4 Kurnass,F4,Fixed-Wing,Jet
MCDONNELL DOUGLAS,RF-4 Phantom 2,F4,Fixed-Wing,Jet
MCDONNELL DOUGLAS,Skyhawk,A4,Fixed-Wing,Jet
MCDONNELL DOUGLAS,Skytrain 2,DC93,Fixed-Wing,Jet
MCDONNELL DOUGLAS,T-45 Goshawk,HAWK,Fixed-Wing,Jet
MCDONNELL DOUGLAS,TA-4 Skyhawk,A4,Fixed-Wing,Jet
MCDONNELL DOUGLAS,TAV-8 Harrier,HAR,Fixed-Wing,Jet
MCDONNELL DOUGLAS,VC-9,DC93,Fixed-Wing,Jet
MCDONNELL DOUGLAS,YC-15,C15,Fixed-Wing,Jet
MCDONNELL DOUGLAS,Hornet,F18H,Fixed-Wing,Jet
MCDONNELL DOUGLAS,ATF-18 Hornet,F18H,Fixed-Wing,Jet
MCDONNELL DOUGLAS,TAV-8 Matador,HAR,Fixed-Wing,Jet
MCKINNON,G-21C Goose,G21M,Amphibian,Piston
MCKINNON,G-21D Goose,G21M,Amphibian,Piston
MCKINNON,G-21E Turbo Goose,G21T,Amphibian,Turboprop/Turboshaft
MCKINNON,G-21G Turbo Goose,G21T,Amphibian,Turboprop/Turboshaft
MCKINNON,G-44 Super Widgeon,G44,Amphibian,Piston
MCKINNON,Goose,G21M,Amphibian,Piston
MCKINNON,Super Widgeon,G44,Amphibian,Piston
MCKINNON,Turbo Goose,G21T,Amphibian,Turboprop/Turboshaft
MD HELICOPTERS,Defender,H500,Helicopter,Turboprop/Turboshaft
MD HELICOPTERS,Explorer,EXPL,Helicopter,Turboprop/Turboshaft
MD HELICOPTERS,Lifter,H500,Helicopter,Turboprop/Turboshaft
MD HELICOPTERS,MD-500,H500,Helicopter,Turboprop/Turboshaft
MD HELICOPTERS,AH-6I,H500,Helicopter,Turboprop/Turboshaft
MD HELICOPTERS,MD-500 Defender,H500,Helicopter,Turboprop/Turboshaft
MD HELICOPTERS,MD-500 Nightfox,H500,Helicopter,Turboprop/Turboshaft
MD HELICOPTERS,MD-520N,MD52,Helicopter,Turboprop/Turboshaft
MD HELICOPTERS,MD-530F Lifter,H500,Helicopter,Turboprop/Turboshaft
MD HELICOPTERS,MD-530MG Defender,H500,Helicopter,Turboprop/Turboshaft
MD HELICOPTERS,MD-530MG Nightfox,H500,Helicopter,Turboprop/Turboshaft
MD HELICOPTERS,MD-600N,MD60,Helicopter,Turboprop/Turboshaft
MD HELICOPTERS,MD-902 Explorer,EXPL,Helicopter,Turboprop/Turboshaft
MD HELICOPTERS,Nightfox,H500,Helicopter,Turboprop/Turboshaft
MDB,MD-3 Swiss Trainer,MD3,Fixed-Wing,Piston
MDB,Swiss Trainer,MD3,Fixed-Wing,Piston
MEAD,Adventure,MEAD,Fixed-Wing,Piston
MELBOURNE,MA-2 Mamba,MAMB,Fixed-Wing,Piston
MELBOURNE,Mamba,MAMB,Fixed-Wing,Piston
MELEX,T-45 Turbine Dromader,M18T,Fixed-Wing,Turboprop/Turboshaft
MELEX,Turbine Dromader,M18T,Fixed-Wing,Turboprop/Turboshaft
MERCURY,Shoestring,SHOE,Fixed-Wing,Piston
MERIDIONALI,CH-47 Chinook,H47,Helicopter,Turboprop/Turboshaft
MERIDIONALI,Chinook,H47,Helicopter,Turboprop/Turboshaft
MERLIN,Explorer,MEXP,Fixed-Wing,Piston
MERLIN,E-Z Flyer,EZFL,Fixed-Wing,Piston
MERLIN,Merlin,MAME,Fixed-Wing,Piston
MESSERSCHMITT,Bf-108 Taifun,ME08,Fixed-Wing,Piston
MESSERSCHMITT,Bf-109,ME09,Fixed-Wing,Piston
MESSERSCHMITT,Me-262 Replica,ME62,Fixed-Wing,Jet
MESSERSCHMITT,Taifun,ME08,Fixed-Wing,Piston
MESSERSCHMITT-BOLKOW,223 Flamingo,S223,Fixed-Wing,Piston
MESSERSCHMITT-BOLKOW,BO-105,B105,Helicopter,Turboprop/Turboshaft
MESSERSCHMITT-BOLKOW,BO-209 Monsun,B209,Fixed-Wing,Piston
MESSERSCHMITT-BOLKOW,Flamingo,S223,Fixed-Wing,Piston
MESSERSCHMITT-BOLKOW,Monsun,B209,Fixed-Wing,Piston
METEOR,FL-53,FL53,Fixed-Wing,Piston
METEOR,FL-54,FL54,Fixed-Wing,Piston
METEOR,FL-55,FL55,Fixed-Wing,Piston
MEYER,Little Toot,TOOT,Fixed-Wing,Piston
MEYERS,200,M200,Fixed-Wing,Piston
MEYERS,MAC-145,MC45,Fixed-Wing,Piston
MICCO,SP-20,SP20,Fixed-Wing,Piston
MICCO,SP-26,SP20,Fixed-Wing,Piston
MICROLEVE,Corsario,CRIO,Amphibian,Piston
MID-CONTINENT,G-164 King Cat,G164,Fixed-Wing,Piston
MID-CONTINENT,King Cat,G164,Fixed-Wing,Piston
MIDWEST AEROSPORT,Formula GT,FGT,Fixed-Wing,Piston
MIGNET,HM-380,HM38,Fixed-Wing,Piston
MIKOYAN,Baaz,MG29,Fixed-Wing,Jet
MIKOYAN,Bahadur,MG23,Fixed-Wing,Jet
MIKOYAN,MiG 1-44,MG44,Fixed-Wing,Jet
MIKOYAN,MiG-15,MG15,Fixed-Wing,Jet
MIKOYAN,MiG-17,MG17,Fixed-Wing,Jet
MIKOYAN,MiG-19,MG19,Fixed-Wing,Jet
MIKOYAN,MiG-21,MG21,Fixed-Wing,Jet
MIKOYAN,MiG-23,MG23,Fixed-Wing,Jet
MIKOYAN,MiG-25,MG25,Fixed-Wing,Jet
MIKOYAN,MiG-27,MG23,Fixed-Wing,Jet
MIKOYAN,MiG-27 Bahadur,MG23,Fixed-Wing,Jet
MIKOYAN,MiG-29,MG29,Fixed-Wing,Jet
MIKOYAN,MiG-29 Baaz,MG29,Fixed-Wing,Jet
MIKOYAN,MiG-31,MG31,Fixed-Wing,Jet
MIKOYAN,MiG-33,MG29,Fixed-Wing,Jet
MIKOYAN,MiG-AT,MGAT,Fixed-Wing,Jet
MIKOYAN,MiG-35,MG29,Fixed-Wing,Jet
MIL,AH-2 Sabre,MI24,Helicopter,Turboprop/Turboshaft
MIL,Sabre,MI24,Helicopter,Turboprop/Turboshaft
MIL,Mi-35 Caribe,MI24,Helicopter,Turboprop/Turboshaft
MIL,Caribe,MI24,Helicopter,Turboprop/Turboshaft
MIL,Mi-2,MI2,Helicopter,Turboprop/Turboshaft
MIL,Mi-4,MI4,Helicopter,Piston
MIL,Mi-6,MI6,Helicopter,Turboprop/Turboshaft
MIL,Mi-8,MI8,Helicopter,Turboprop/Turboshaft
MIL,Mi-9,MI8,Helicopter,Turboprop/Turboshaft
MIL,Mi-10,MI10,Helicopter,Turboprop/Turboshaft
MIL,Mi-14,MI14,Helicopter,Turboprop/Turboshaft
MIL,Mi-17,MI8,Helicopter,Turboprop/Turboshaft
MIL,Mi-19,MI8,Helicopter,Turboprop/Turboshaft
MIL,Mi-22,MI6,Helicopter,Turboprop/Turboshaft
MIL,Mi-24,MI24,Helicopter,Turboprop/Turboshaft
MIL,Mi-25,MI24,Helicopter,Turboprop/Turboshaft
MIL,Mi-26,MI26,Helicopter,Turboprop/Turboshaft
MIL,Mi-28,MI28,Helicopter,Turboprop/Turboshaft
MIL,Mi-34,MI34,Helicopter,Piston
MIL,Mi-35,MI24,Helicopter,Turboprop/Turboshaft
MIL,Mi-38,MI38,Helicopter,Turboprop/Turboshaft
MIL,Mi-171,MI8,Helicopter,Turboprop/Turboshaft
MIL,Mi-172,MI8,Helicopter,Turboprop/Turboshaft
MILES,Falcon Major,FALM,Fixed-Wing,Piston
MILES,Gemini,GEMI,Fixed-Wing,Piston
MILES,Hawk Major,M2HK,Fixed-Wing,Piston
MILES,Hawk Speed Six,M2HK,Fixed-Wing,Piston
MILES,M-2 Hawk Major,M2HK,Fixed-Wing,Piston
MILES,M-2 Hawk Speed Six,M2HK,Fixed-Wing,Piston
MILES,M-3 Falcon Major,FALM,Fixed-Wing,Piston
MILES,M-11 Whitney Straight,WHIT,Fixed-Wing,Piston
MILES,M-14 Magister,MAGI,Fixed-Wing,Piston
MILES,M-17 Monarch,MONA,Fixed-Wing,Piston
MILES,M-38 Messenger,MESS,Fixed-Wing,Piston
MILES,M-65 Gemini,GEMI,Fixed-Wing,Piston
MILES,Magister,MAGI,Fixed-Wing,Piston
MILES,Messenger,MESS,Fixed-Wing,Piston
MILES,Monarch,MONA,Fixed-Wing,Piston
MILES,Whitney Straight,WHIT,Fixed-Wing,Piston
MILLER (1),Jet Profile,PA23,Fixed-Wing,Piston
MILLER (1),Twin Comanche 200,PA30,Fixed-Wing,Piston
MILLER (2),WM-2,WM2,Fixed-Wing,Piston
MILLICER,AirTourer,TOUR,Fixed-Wing,Piston
MILLICER,M-10 AirTourer,TOUR,Fixed-Wing,Piston
MINI-IMP,Mini-Imp,MIMP,Fixed-Wing,Piston
MIRAGE,Celerity,CELR,Fixed-Wing,Piston
MIRAGE,Marathon,MRTN,Fixed-Wing,Piston
MITCHELL-PROCTER,Kittiwake,KITI,Fixed-Wing,Piston
MITSUBISHI,A6M Zero,ZERO,Fixed-Wing,Piston
MITSUBISHI,Diamond,MU30,Fixed-Wing,Jet
MITSUBISHI,Eagle,F15,Fixed-Wing,Jet
MITSUBISHI,F-1,F1,Fixed-Wing,Jet
MITSUBISHI,F-2,F2,Fixed-Wing,Jet
MITSUBISHI,F-4 Phantom 2,F4,Fixed-Wing,Jet
MITSUBISHI,F-15 Eagle,F15,Fixed-Wing,Jet
MITSUBISHI,F-86 Sabre,F86,Fixed-Wing,Jet
MITSUBISHI,HSS-2,S61,Helicopter,Turboprop/Turboshaft
MITSUBISHI,LR-1,MU2,Fixed-Wing,Turboprop/Turboshaft
MITSUBISHI,Marquise,MU2,Fixed-Wing,Turboprop/Turboshaft
MITSUBISHI,MH-2000,MH20,Helicopter,Turboprop/Turboshaft
MITSUBISHI,MU-2,MU2,Fixed-Wing,Turboprop/Turboshaft
MITSUBISHI,MU-2 Marquise,MU2,Fixed-Wing,Turboprop/Turboshaft
MITSUBISHI,MU-2 Solitaire,MU2,Fixed-Wing,Turboprop/Turboshaft
MITSUBISHI,MU-300 Diamond,MU30,Fixed-Wing,Jet
MITSUBISHI,Phantom 2,F4,Fixed-Wing,Jet
MITSUBISHI,RF-4 Phantom 2,F4,Fixed-Wing,Jet
MITSUBISHI,RP-1,RP1,Helicopter,Turboprop/Turboshaft
MITSUBISHI,S-61A,S61,Helicopter,Turboprop/Turboshaft
MITSUBISHI,S-61B,S61,Helicopter,Turboprop/Turboshaft
MITSUBISHI,S-70 Seahawk,H60,Helicopter,Turboprop/Turboshaft
MITSUBISHI,Sabre,F86,Fixed-Wing,Jet
MITSUBISHI,Seahawk,H60,Helicopter,Turboprop/Turboshaft
MITSUBISHI,SH-60 Seahawk,H60,Helicopter,Turboprop/Turboshaft
MITSUBISHI,Solitaire,MU2,Fixed-Wing,Turboprop/Turboshaft
MITSUBISHI,T-2,MT2,Fixed-Wing,Jet
MITSUBISHI,UH-60,H60,Helicopter,Turboprop/Turboshaft
MITSUBISHI,YS-11,YS11,Fixed-Wing,Turboprop/Turboshaft
MITSUBISHI,Zero,ZERO,Fixed-Wing,Piston
MITSUBISHI,MRJ-70,MRJ7,Fixed-Wing,Jet
MITSUBISHI,MRJ-90,MRJ9,Fixed-Wing,Jet
MITSUBISHI,USH-60 Seahawk,H60,Helicopter,Turboprop/Turboshaft
MOLNIYA,1,MOL1,Fixed-Wing,Piston
MONG,Sport,MOSP,Fixed-Wing,Piston
MONIOT,APM-20 Lionceau,APM2,Fixed-Wing,Piston
MONIOT,APM-21 Lion,APM2,Fixed-Wing,Piston
MONIOT,Lion,APM2,Fixed-Wing,Piston
MONIOT,Lionceau,APM2,Fixed-Wing,Piston
MONNETT,Monerai P,MRAI,Fixed-Wing,Piston
MONNETT,Moni,MONI,Fixed-Wing,Piston
MONNETT,Sonerai,SRAI,Fixed-Wing,Piston
MONOCOUPE,90,MC90,Fixed-Wing,Piston
MONOCOUPE,110 Special,M110,Fixed-Wing,Piston
MONOCOUPE,Special,M110,Fixed-Wing,Piston
MONTAER,MC-01,MC01,Fixed-Wing,Piston
MONTAGNE,Mountain Goat,MOGO,Fixed-Wing,Piston
MONTANA,Coyote,MCOY,Fixed-Wing,Piston
MOONEY,201,M20P,Fixed-Wing,Piston
MOONEY,205,M20P,Fixed-Wing,Piston
MOONEY,231,M20T,Fixed-Wing,Piston
MOONEY,252TSE,M20T,Fixed-Wing,Piston
MOONEY,A-2 Aircoupe,ERCO,Fixed-Wing,Piston
MOONEY,Aircoupe,ERCO,Fixed-Wing,Piston
MOONEY,Allegro,M20P,Fixed-Wing,Piston
MOONEY,ATS,M20P,Fixed-Wing,Piston
MOONEY,Bravo,M20T,Fixed-Wing,Piston
MOONEY,Cadet,M10,Fixed-Wing,Piston
MOONEY,Chaparral,M20P,Fixed-Wing,Piston
MOONEY,Eagle,M20P,Fixed-Wing,Piston
MOONEY,Encore,M20T,Fixed-Wing,Piston
MOONEY,Executive,M20P,Fixed-Wing,Piston
MOONEY,M-10 Cadet,M10,Fixed-Wing,Piston
MOONEY,M-18 Mite,MITE,Fixed-Wing,Piston
MOONEY,M-18 Wee Scotsman,MITE,Fixed-Wing,Piston
MOONEY,M-20,M20P,Fixed-Wing,Piston
MOONEY,M-20A,M20P,Fixed-Wing,Piston
MOONEY,M-20B Mark 21,M20P,Fixed-Wing,Piston
MOONEY,M-20C Mark 21,M20P,Fixed-Wing,Piston
MOONEY,M-20C Ranger,M20P,Fixed-Wing,Piston
MOONEY,M-20D Master,M20P,Fixed-Wing,Piston
MOONEY,M-20E Chaparral,M20P,Fixed-Wing,Piston
MOONEY,M-20E Super 21,M20P,Fixed-Wing,Piston
MOONEY,M-20F Executive,M20P,Fixed-Wing,Piston
MOONEY,M-20G Statesman,M20P,Fixed-Wing,Piston
MOONEY,M-20J 201,M20P,Fixed-Wing,Piston
MOONEY,M-20J 205,M20P,Fixed-Wing,Piston
MOONEY,M-20J Allegro,M20P,Fixed-Wing,Piston
MOONEY,M-20J ATS,M20P,Fixed-Wing,Piston
MOONEY,M-20J MSE,M20P,Fixed-Wing,Piston
MOONEY,M-20K 231,M20T,Fixed-Wing,Piston
MOONEY,M-20K 252TSE,M20T,Fixed-Wing,Piston
MOONEY,M-20K Encore,M20T,Fixed-Wing,Piston
MOONEY,M-20L PFM,M20P,Fixed-Wing,Piston
MOONEY,M-20M Bravo,M20T,Fixed-Wing,Piston
MOONEY,M-20M TLS,M20T,Fixed-Wing,Piston
MOONEY,M-20R Ovation,M20P,Fixed-Wing,Piston
MOONEY,M-20S Eagle,M20P,Fixed-Wing,Piston
MOONEY,M-22,M22,Fixed-Wing,Piston
MOONEY,M-22 Mustang,M22,Fixed-Wing,Piston
MOONEY,Mark 21,M20P,Fixed-Wing,Piston
MOONEY,Master,M20P,Fixed-Wing,Piston
MOONEY,Mite,MITE,Fixed-Wing,Piston
MOONEY,MSE,M20P,Fixed-Wing,Piston
MOONEY,Mustang,M22,Fixed-Wing,Piston
MOONEY,Ovation,M20P,Fixed-Wing,Piston
MOONEY,PFM,M20P,Fixed-Wing,Piston
MOONEY,Ranger,M20P,Fixed-Wing,Piston
MOONEY,Statesman,M20P,Fixed-Wing,Piston
MOONEY,Super 21,M20P,Fixed-Wing,Piston
MOONEY,TLS,M20T,Fixed-Wing,Piston
MOONEY,Wee Scotsman,MITE,Fixed-Wing,Piston
MOONEY,M-20TN Acclaim,M20T,Fixed-Wing,Piston
MOONEY,Acclaim,M20T,Fixed-Wing,Piston
MOONEY,M-20U Ovation Ultra,M20P,Fixed-Wing,Piston
MOONEY,Ovation Ultra,M20P,Fixed-Wing,Piston
MOONEY,M-20R Ovation 2,M20P,Fixed-Wing,Piston
MOONEY,Ovation 2,M20P,Fixed-Wing,Piston
MOONEY,M-20R Ovation 3,M20P,Fixed-Wing,Piston
MOONEY,Ovation 3,M20P,Fixed-Wing,Piston
MOONEY,M-20V Acclaim Ultra,M20T,Fixed-Wing,Piston
MOONEY,Acclaim Ultra,M20T,Fixed-Wing,Piston
MOONEY,M-20TN Acclaim Type S,M20T,Fixed-Wing,Piston
MOONEY,Acclaim Type S,M20T,Fixed-Wing,Piston
MOONEY,M-10J,M10R,Fixed-Wing,Piston
MOONEY,M-10T,M10F,Fixed-Wing,Piston
MORANE-SAULNIER,AI,MSAI,Fixed-Wing,Piston
MORANE-SAULNIER,Alcyon,MS73,Fixed-Wing,Piston
MORANE-SAULNIER,Criquet,F156,Fixed-Wing,Piston
MORANE-SAULNIER,MoS-27,MSAI,Fixed-Wing,Piston
MORANE-SAULNIER,MoS-29,MSAI,Fixed-Wing,Piston
MORANE-SAULNIER,MoS-30,MSAI,Fixed-Wing,Piston
MORANE-SAULNIER,MS-230,MS23,Fixed-Wing,Piston
MORANE-SAULNIER,MS-315,MS31,Fixed-Wing,Piston
MORANE-SAULNIER,MS-317,MS31,Fixed-Wing,Piston
MORANE-SAULNIER,MS-500 Criquet,F156,Fixed-Wing,Piston
MORANE-SAULNIER,MS-501 Criquet,F156,Fixed-Wing,Piston
MORANE-SAULNIER,MS-502 Criquet,F156,Fixed-Wing,Piston
MORANE-SAULNIER,MS-504 Criquet,F156,Fixed-Wing,Piston
MORANE-SAULNIER,MS-505 Criquet,F156,Fixed-Wing,Piston
MORANE-SAULNIER,MS-506 Criquet,F156,Fixed-Wing,Piston
MORANE-SAULNIER,MS-733 Alcyon,MS73,Fixed-Wing,Piston
MORANE-SAULNIER,MS-760 Paris,MS76,Fixed-Wing,Jet
MORANE-SAULNIER,MS-880 Rallye Club,RALL,Fixed-Wing,Piston
MORANE-SAULNIER,MS-881 Rallye 105,RALL,Fixed-Wing,Piston
MORANE-SAULNIER,MS-882 Rallye Club,RALL,Fixed-Wing,Piston
MORANE-SAULNIER,MS-885 Super Rallye,RALL,Fixed-Wing,Piston
MORANE-SAULNIER,MS-886 Super Rallye,RALL,Fixed-Wing,Piston
MORANE-SAULNIER,MS-890 Rallye Commodore,RALL,Fixed-Wing,Piston
MORANE-SAULNIER,MS-892 Rallye Commodore,RALL,Fixed-Wing,Piston
MORANE-SAULNIER,MS-893 Rallye Commodore,RALL,Fixed-Wing,Piston
MORANE-SAULNIER,Paris,MS76,Fixed-Wing,Jet
MORANE-SAULNIER,Rallye 105,RALL,Fixed-Wing,Piston
MORANE-SAULNIER,Rallye Club,RALL,Fixed-Wing,Piston
MORANE-SAULNIER,Rallye Commodore,RALL,Fixed-Wing,Piston
MORANE-SAULNIER,Super Rallye,RALL,Fixed-Wing,Piston
MORAVAN,Agro Turbo,Z37T,Fixed-Wing,Turboprop/Turboshaft
MORAVAN,Akrobat,Z26,Fixed-Wing,Piston
MORAVAN,Bohatyr,Z26,Fixed-Wing,Piston
MORAVAN,Cmelák,Z37P,Fixed-Wing,Piston
MORAVAN,Condor,Z26,Fixed-Wing,Piston
MORAVAN,Firnas 142,Z42,Fixed-Wing,Piston
MORAVAN,Rhino,SM92,Fixed-Wing,Piston
MORAVAN,Safir 43,Z43,Fixed-Wing,Piston
MORAVAN,Skydevil,Z26,Fixed-Wing,Piston
MORAVAN,Sparka,Z37P,Fixed-Wing,Piston
MORAVAN,Trener,Z26,Fixed-Wing,Piston
MORAVAN,Trener 2,Z26,Fixed-Wing,Piston
MORAVAN,Trener 6,Z26,Fixed-Wing,Piston
MORAVAN,Trener Master,Z26,Fixed-Wing,Piston
MORAVAN,Universal,Z26,Fixed-Wing,Piston
MORAVAN,Z-37 Cmelák,Z37P,Fixed-Wing,Piston
MORAVAN,Z-37 Sparka,Z37P,Fixed-Wing,Piston
MORAVAN,Z-37A Cmelák,Z37P,Fixed-Wing,Piston
MORAVAN,Z-37C Cmelák,Z37P,Fixed-Wing,Piston
MORAVAN,Z-37T Agro Turbo,Z37T,Fixed-Wing,Turboprop/Turboshaft
MORAVAN,Z-137 Agro Turbo,Z37T,Fixed-Wing,Turboprop/Turboshaft
MORAVAN,Z-237 Cmelák,Z37P,Fixed-Wing,Piston
MORAVAN,Zlin C-5 Trener,Z26,Fixed-Wing,Piston
MORAVAN,Zlin Z-22 Junak,Z22,Fixed-Wing,Piston
MORAVAN,Zlin Z-26 Trener,Z26,Fixed-Wing,Piston
MORAVAN,Zlin Z-42,Z42,Fixed-Wing,Piston
MORAVAN,Zlin Z-43,Z43,Fixed-Wing,Piston
MORAVAN,Zlin Z-50,Z50,Fixed-Wing,Piston
MORAVAN,Zlin Z-126 Trener 2,Z26,Fixed-Wing,Piston
MORAVAN,Zlin Z-142,Z42,Fixed-Wing,Piston
MORAVAN,Zlin Z-143,Z43,Fixed-Wing,Piston
MORAVAN,Zlin Z-226 Akrobat,Z26,Fixed-Wing,Piston
MORAVAN,Zlin Z-226 Bohatyr,Z26,Fixed-Wing,Piston
MORAVAN,Zlin Z-226 Trener 6,Z26,Fixed-Wing,Piston
MORAVAN,Zlin Z-242,Z42,Fixed-Wing,Piston
MORAVAN,Zlin Z-326 Akrobat,Z26,Fixed-Wing,Piston
MORAVAN,Zlin Z-326 Trener Master,Z26,Fixed-Wing,Piston
MORAVAN,Zlin Z-400 Rhino,SM92,Fixed-Wing,Piston
MORAVAN,Zlin Z-526 Akrobat,Z26,Fixed-Wing,Piston
MORAVAN,Zlin Z-526 Condor,Z26,Fixed-Wing,Piston
MORAVAN,Zlin Z-526 Skydevil,Z26,Fixed-Wing,Piston
MORAVAN,Zlin Z-526 Trener Master,Z26,Fixed-Wing,Piston
MORAVAN,Zlin Z-626,Z26,Fixed-Wing,Piston
MORAVAN,Zlin Z-726 Universal,Z26,Fixed-Wing,Piston
MORRISEY,2000 Nifty,MOR2,Fixed-Wing,Piston
MORRISEY,2150,MOR2,Fixed-Wing,Piston
MORRISEY,Bravo,OM1,Fixed-Wing,Piston
MORRISEY,Nifty,MOR2,Fixed-Wing,Piston
MORRISEY,OM-1 Bravo,OM1,Fixed-Wing,Piston
MORSE,364 Prowler,PROW,Fixed-Wing,Piston
MORSE,Prowler,PROW,Fixed-Wing,Piston
MOURA,Esqualo,ESQL,Fixed-Wing,Piston
MRAZ,Cap,F156,Fixed-Wing,Piston
MRAZ,K-65 Cap,F156,Fixed-Wing,Piston
MRAZ,M-1 Sokol,SOKL,Fixed-Wing,Piston
MRAZ,Sokol,SOKL,Fixed-Wing,Piston
MSW,Votec 322,V322,Fixed-Wing,Piston
MSW,Votec 351,V351,Fixed-Wing,Piston
MSW,Votec 252,V252,Fixed-Wing,Piston
MSW,Votec 452,V452,Fixed-Wing,Turboprop/Turboshaft
MSW,Votec 221,V221,Fixed-Wing,Piston
MUDRY,CAP-10,CP10,Fixed-Wing,Piston
MUDRY,CAP-20,CP20,Fixed-Wing,Piston
MUDRY,CAP-21,CP21,Fixed-Wing,Piston
MUDRY,CAP-230,CP23,Fixed-Wing,Piston
MUDRY,CAP-231,CP23,Fixed-Wing,Piston
MUDRY,CAP-232,CP23,Fixed-Wing,Piston
MUDRY,D-140 Mousquetaire,D140,Fixed-Wing,Piston
MUDRY,Mousquetaire,D140,Fixed-Wing,Piston
MURPHY,Moose,MR35,Fixed-Wing,Piston
MURPHY,Rebel,RBEL,Fixed-Wing,Piston
MURPHY,Rebel Elite,RBEL,Fixed-Wing,Piston
MURPHY,Renegade,RENE,Fixed-Wing,Piston
MURPHY,SR-2500 Super Rebel,MR25,Fixed-Wing,Piston
MURPHY,SR-3500 Moose,MR35,Fixed-Wing,Piston
MURPHY,SR-3500 Super Rebel,MR35,Fixed-Wing,Piston
MURPHY,SR-3500 T-Moose,MR3T,Fixed-Wing,Turboprop/Turboshaft
MURPHY,Super Rebel (SR-2500),MR25,Fixed-Wing,Piston
MURPHY,Super Rebel (SR-3500),MR35,Fixed-Wing,Piston
MURPHY,T-Moose,MR3T,Fixed-Wing,Turboprop/Turboshaft
MURPHY,Elite,RBEL,Fixed-Wing,Piston
MURPHY,Yukon,YUKN,Fixed-Wing,Piston
MURPHY,Radical,RCAL,Fixed-Wing,Piston
MURRAYAIR,MA-1 Paymaster,MA1,Fixed-Wing,Piston
MURRAYAIR,Paymaster,MA1,Fixed-Wing,Piston
MUSTANG,M-2 Mustang 2,MUS2,Fixed-Wing,Piston
MUSTANG,Midget Mustang,MIMU,Fixed-Wing,Piston
MUSTANG,MM-1 Midget Mustang,MIMU,Fixed-Wing,Piston
MUSTANG,Mustang 2,MUS2,Fixed-Wing,Piston
MVEN,1 Fermer,MVN1,Fixed-Wing,Piston
MVEN,Fermer,MVN1,Fixed-Wing,Piston
MVEN,MV-500,MVN1,Fixed-Wing,Piston
MVEN,T-500,MVN1,Fixed-Wing,Piston
MVEN,2 Fermer,MVN1,Fixed-Wing,Piston
MXR,MX-2,MX2,Fixed-Wing,Piston
MXR,MXS,MXS,Fixed-Wing,Piston
MYASISHCHEV,3M,MYA4,Fixed-Wing,Jet
MYASISHCHEV,Barsuk,M203,Fixed-Wing,Piston
MYASISHCHEV,Expedition,M101,Fixed-Wing,Turboprop/Turboshaft
MYASISHCHEV,Geophysica,M55,Fixed-Wing,Jet
MYASISHCHEV,Gzhel,M101,Fixed-Wing,Turboprop/Turboshaft
MYASISHCHEV,M-4,MYA4,Fixed-Wing,Jet
MYASISHCHEV,M-17 Stratosfera,M17,Fixed-Wing,Jet
MYASISHCHEV,M-55 Geophysica,M55,Fixed-Wing,Jet
MYASISHCHEV,M-101 Expedition,M101,Fixed-Wing,Turboprop/Turboshaft
MYASISHCHEV,M-101 Gzhel,M101,Fixed-Wing,Turboprop/Turboshaft
MYASISHCHEV,M-203 Barsuk,M203,Fixed-Wing,Piston
MYASISHCHEV,Stratosfera,M17,Fixed-Wing,Jet
MYASISHCHEV,M-101 Sokol,M101,Fixed-Wing,Turboprop/Turboshaft
MYASISHCHEV,Sokol,M101,Fixed-Wing,Turboprop/Turboshaft
MYLIUS,Mistral,MY13,Fixed-Wing,Piston
MYLIUS,MY-102 Tornado,MY12,Fixed-Wing,Piston
MYLIUS,MY-103 Mistral,MY13,Fixed-Wing,Piston
MYLIUS,Tornado,MY12,Fixed-Wing,Piston
MYSKY,MS-1,MS1,Fixed-Wing,Piston
NABERN,Kl-107,KL07,Fixed-Wing,Piston
NAI,FT-300,FT30,Fixed-Wing,Piston
NAL,Hansa,NAL2,Fixed-Wing,Piston
NAL,NALLA-2 Hansa,NAL2,Fixed-Wing,Piston
NAL,NM-5,NM5,Fixed-Wing,Piston
NAMC,YS-11,YS11,Fixed-Wing,Turboprop/Turboshaft
NANCHANG,A-5,Q5,Fixed-Wing,Jet
NANCHANG,CJ-5,YK18,Fixed-Wing,Piston
NANCHANG,CJ-6,CJ6,Fixed-Wing,Piston
NANCHANG,F-6,MG19,Fixed-Wing,Jet
NANCHANG,J-6,MG19,Fixed-Wing,Jet
NANCHANG,JL-8 Karakorum,K8,Fixed-Wing,Jet
NANCHANG,K-8 Karakorum,K8,Fixed-Wing,Jet
NANCHANG,Karakorum,K8,Fixed-Wing,Jet
NANCHANG,N-5,N5,Fixed-Wing,Piston
NANCHANG,PT-6,CJ6,Fixed-Wing,Piston
NANCHANG,Q-5,Q5,Fixed-Wing,Jet
NANCHANG,Y-5,AN2,Fixed-Wing,Piston
NANJING,AC-500 Aircar,AC5A,Fixed-Wing,Piston
NANJING,Aircar,AC5A,Fixed-Wing,Piston
NANJING UNIVERSITY,AD-200,AD20,Fixed-Wing,Piston
NANJING UNIVERSITY,FT-300,FT30,Fixed-Wing,Piston
NARDI,FN-333 Riviera,FN33,Amphibian,Piston
NARDI,NH-300,H269,Helicopter,Piston
NARDI,Riviera,FN33,Amphibian,Piston
NASH,Petrel,PTRL,Fixed-Wing,Piston
NATIONAL AERONAUTICS,Cassutt 3M,CASS,Fixed-Wing,Piston
NATIONAL STEEL,Lysander,LYSA,Fixed-Wing,Piston
NAVAL AIRCRAFT FACTORY,N3N,N3N,Fixed-Wing,Piston
NAVION,Rangemaster,RANG,Fixed-Wing,Piston
NDN,NDN-1T Turbo Firecracker,ND1T,Fixed-Wing,Turboprop/Turboshaft
NDN,Turbo Firecracker,ND1T,Fixed-Wing,Turboprop/Turboshaft
NEICO,Lancair 4,LNC4,Fixed-Wing,Piston
NEICO,Lancair 200,LNC2,Fixed-Wing,Piston
NEICO,Lancair 235,LNC2,Fixed-Wing,Piston
NEICO,Lancair 320,LNC2,Fixed-Wing,Piston
NEICO,Lancair 360,LNC2,Fixed-Wing,Piston
NEIVA,56 Paulistinha,PAUL,Fixed-Wing,Piston
NEIVA,Brasilia,E120,Fixed-Wing,Turboprop/Turboshaft
NEIVA,C-42 Regente,RGNT,Fixed-Wing,Piston
NEIVA,Caraja,PAT4,Fixed-Wing,Turboprop/Turboshaft
NEIVA,Carioca,P28B,Fixed-Wing,Piston
NEIVA,Carioquinha,P28A,Fixed-Wing,Piston
NEIVA,Corisco,P28R,Fixed-Wing,Piston
NEIVA,Corisco 2,P28T,Fixed-Wing,Piston
NEIVA,EMB-120 Brasilia,E120,Fixed-Wing,Turboprop/Turboshaft
NEIVA,EMB-201 Ipanema,IPAN,Fixed-Wing,Piston
NEIVA,EMB-202 Ipanema,IPAN,Fixed-Wing,Piston
NEIVA,EMB-710 Carioca,P28B,Fixed-Wing,Piston
NEIVA,EMB-711B Corisco,P28R,Fixed-Wing,Piston
NEIVA,EMB-711C Corisco,P28R,Fixed-Wing,Piston
NEIVA,EMB-711T Corisco 2,P28T,Fixed-Wing,Piston
NEIVA,EMB-712 Carioquinha,P28A,Fixed-Wing,Piston
NEIVA,EMB-712 Tupi,P28A,Fixed-Wing,Piston
NEIVA,EMB-720 Minuano,PA32,Fixed-Wing,Piston
NEIVA,EMB-721 Sertanejo,P32R,Fixed-Wing,Piston
NEIVA,EMB-810 Seneca,PA34,Fixed-Wing,Piston
NEIVA,EMB-820 Navajo,PA31,Fixed-Wing,Piston
NEIVA,Ipanema,IPAN,Fixed-Wing,Piston
NEIVA,L-6 Paulistinha,PAUL,Fixed-Wing,Piston
NEIVA,L-42 Regente,RGNT,Fixed-Wing,Piston
NEIVA,Minuano,PA32,Fixed-Wing,Piston
NEIVA,N-591 Regente,RGNT,Fixed-Wing,Piston
NEIVA,N-592 Regente,RGNT,Fixed-Wing,Piston
NEIVA,N-621 Universal,UNIV,Fixed-Wing,Piston
NEIVA,N-622 Universal,UNIV,Fixed-Wing,Piston
NEIVA,Navajo,PA31,Fixed-Wing,Piston
NEIVA,NE-821 Caraja,PAT4,Fixed-Wing,Turboprop/Turboshaft
NEIVA,Paulistinha,PAUL,Fixed-Wing,Piston
NEIVA,Regente,RGNT,Fixed-Wing,Piston
NEIVA,Seneca,PA34,Fixed-Wing,Piston
NEIVA,Sertanejo,P32R,Fixed-Wing,Piston
NEIVA,T-25 Universal,UNIV,Fixed-Wing,Piston
NEIVA,Tupi,P28A,Fixed-Wing,Piston
NEIVA,Universal,UNIV,Fixed-Wing,Piston
NEIVA,Corisco 2 Turbo,P28U,Fixed-Wing,Piston
NEIVA,EMB-711ST Corisco 2 Turbo,P28U,Fixed-Wing,Piston
NEIVA,G-19 Ipanema,IPAN,Fixed-Wing,Piston
NEMESIS,NXT,NXT,Fixed-Wing,Piston
NESMITH,Cougar,COUG,Fixed-Wing,Piston
NEW CENTURY,Radial Rocket,RARO,Fixed-Wing,Piston
NEW GLASAIR,Glasair,GLAS,Fixed-Wing,Piston
NEW GLASTAR,GlaStar,GLST,Fixed-Wing,Piston
NEW GLASTAR,Sportsman 2+2,GLSP,Fixed-Wing,Piston
NEW HORIZONS,01 Colibri,NHCO,Fixed-Wing,Piston
NEW HORIZONS,Colibri,NHCO,Fixed-Wing,Piston
NEW MEYERS,SP-20,SP20,Fixed-Wing,Piston
NEW STANDARD,D-25,D25,Fixed-Wing,Piston
NEW ZEALAND,Cresco,CRES,Fixed-Wing,Turboprop/Turboshaft
NEW ZEALAND,Fletcher FU-24,FU24,Fixed-Wing,Piston
NEXT AIRCRAFT,MD-3 Rider,MD3R,Fixed-Wing,Piston
NEXT AIRCRAFT,Rider,MD3R,Fixed-Wing,Piston
NEXTANT,400XT Beechjet,BE4W,Fixed-Wing,Jet
NEXTANT,Beechjet (400XT),BE4W,Fixed-Wing,Jet
NEXTANT,Hawker 400XT,BE4W,Fixed-Wing,Jet
NHI,NH-90,NH90,Helicopter,Turboprop/Turboshaft
NHI,NH-90 Caiman,NH90,Helicopter,Turboprop/Turboshaft
NHI,Caiman,NH90,Helicopter,Turboprop/Turboshaft
NHI,MRH-90,NH90,Helicopter,Turboprop/Turboshaft
NHI,Hkp 14,NH90,Helicopter,Turboprop/Turboshaft
NICOLLIER,HN-700 Menestrel 2,HN70,Fixed-Wing,Piston
NICOLLIER,Menestrel 2,HN70,Fixed-Wing,Piston
NIEUPORT,28 Replica,NI28,Fixed-Wing,Piston
NIPPER,Nipper,NIPR,Fixed-Wing,Piston
NIPPER,T-66 Nipper,NIPR,Fixed-Wing,Piston
NITSCHE,AVO-68 Samburo,AV68,Fixed-Wing,Piston
NITSCHE,Samburo,AV68,Fixed-Wing,Piston
NOIN,Choucas,CHCS,Fixed-Wing,Piston
NOORDUYN,AT-16 Harvard,T6,Fixed-Wing,Piston
NOORDUYN,C-64 Norseman,NORS,Fixed-Wing,Piston
NOORDUYN,Harvard,T6,Fixed-Wing,Piston
NOORDUYN,JA Norseman,NORS,Fixed-Wing,Piston
NOORDUYN,Norseman,NORS,Fixed-Wing,Piston
NOORDUYN,UC-64 Norseman,NORS,Fixed-Wing,Piston
NORD,260 Super Broussard,N260,Fixed-Wing,Turboprop/Turboshaft
NORD,262,N262,Fixed-Wing,Turboprop/Turboshaft
NORD,262 Frégate,N262,Fixed-Wing,Turboprop/Turboshaft
NORD,1000,ME08,Fixed-Wing,Piston
NORD,1001 Pingouin 1,ME08,Fixed-Wing,Piston
NORD,1002 Pingouin 2,ME08,Fixed-Wing,Piston
NORD,1100 Noralpha,N110,Fixed-Wing,Piston
NORD,1101 Ramier 1,N110,Fixed-Wing,Piston
NORD,1102 Ramier 2,N110,Fixed-Wing,Piston
NORD,1200 Norecrin,N120,Fixed-Wing,Piston
NORD,1201 Norecrin,N120,Fixed-Wing,Piston
NORD,1202 Norecrin,N120,Fixed-Wing,Piston
NORD,1203 Norecrin,N120,Fixed-Wing,Piston
NORD,1204 Norecrin,N120,Fixed-Wing,Piston
NORD,2501 Noratlas,NORA,Fixed-Wing,Piston
NORD,3202,N320,Fixed-Wing,Piston
NORD,3400,N340,Fixed-Wing,Piston
NORD,Frégate,N262,Fixed-Wing,Turboprop/Turboshaft
NORD,Mohawk 298,N262,Fixed-Wing,Turboprop/Turboshaft
NORD,NC-854,NC85,Fixed-Wing,Piston
NORD,NC-858,NC85,Fixed-Wing,Piston
NORD,Noralpha,N110,Fixed-Wing,Piston
NORD,Noratlas,NORA,Fixed-Wing,Piston
NORD,Pingouin,ME08,Fixed-Wing,Piston
NORD,Ramier,N110,Fixed-Wing,Piston
NORD,Super Broussard,N260,Fixed-Wing,Turboprop/Turboshaft
NORD,SV-4,SV4,Fixed-Wing,Piston
NORDFLUG,2501 Noratlas,NORA,Fixed-Wing,Piston
NORDFLUG,Noratlas,NORA,Fixed-Wing,Piston
NORMAN,J-6 Karatoo,KTOO,Fixed-Wing,Piston
NORMAN,Karatoo,KTOO,Fixed-Wing,Piston
NORMAN,Nordic 2,NDIC,Fixed-Wing,Piston
NORMAN,Nordic 5,NDIC,Fixed-Wing,Piston
NORMAN,Nordic 6,NDIC,Fixed-Wing,Piston
NORMAN,Nordic 7,NDIC,Fixed-Wing,Piston
NORMAN,Nordic 8 Mini Explorer,MNEX,Fixed-Wing,Piston
NORMAND DUBE,Aerocruiser,NDAC,Fixed-Wing,Piston
NORMAND DUBE,Aerocruiser Turbo 450,NDAT,Fixed-Wing,Piston
NORTH AMERICAN,A-36 Mustang,P51,Fixed-Wing,Piston
NORTH AMERICAN,AT-6 Texan,T6,Fixed-Wing,Piston
NORTH AMERICAN,AT-28 Trojan,T28,Fixed-Wing,Piston
NORTH AMERICAN,B-25 Mitchell,B25,Fixed-Wing,Piston
NORTH AMERICAN,BC-1,T6,Fixed-Wing,Piston
NORTH AMERICAN,Bronco,V10,Fixed-Wing,Turboprop/Turboshaft
NORTH AMERICAN,BT-9 Yale,YALE,Fixed-Wing,Piston
NORTH AMERICAN,BT-14 Yale,YALE,Fixed-Wing,Piston
NORTH AMERICAN,Buckeye,T2,Fixed-Wing,Jet
NORTH AMERICAN,CT-39 Sabreliner,SBR1,Fixed-Wing,Jet
NORTH AMERICAN,F-51 Mustang,P51,Fixed-Wing,Piston
NORTH AMERICAN,F-82 Twin Mustang,P82,Fixed-Wing,Piston
NORTH AMERICAN,F-86 Sabre,F86,Fixed-Wing,Jet
NORTH AMERICAN,F-100 Super Sabre,SSAB,Fixed-Wing,Jet
NORTH AMERICAN,Harvard,T6,Fixed-Wing,Piston
NORTH AMERICAN,L-17 Navion,NAVI,Fixed-Wing,Piston
NORTH AMERICAN,Mitchell,B25,Fixed-Wing,Piston
NORTH AMERICAN,Mustang,P51,Fixed-Wing,Piston
NORTH AMERICAN,NA-145 Navion,NAVI,Fixed-Wing,Piston
NORTH AMERICAN,NA-154 Navion,NAVI,Fixed-Wing,Piston
NORTH AMERICAN,NA-265 Sabreliner 40,SBR1,Fixed-Wing,Jet
NORTH AMERICAN,NA-265 Sabreliner 50,SBR1,Fixed-Wing,Jet
NORTH AMERICAN,NA-265 Sabreliner 60,SBR1,Fixed-Wing,Jet
NORTH AMERICAN,Navion,NAVI,Fixed-Wing,Piston
NORTH AMERICAN,NJ Yale,YALE,Fixed-Wing,Piston
NORTH AMERICAN,NT-39 Sabreliner,SBR1,Fixed-Wing,Jet
NORTH AMERICAN,OV-10 Bronco,V10,Fixed-Wing,Turboprop/Turboshaft
NORTH AMERICAN,P-51 Mustang,P51,Fixed-Wing,Piston
NORTH AMERICAN,P-82 Twin Mustang,P82,Fixed-Wing,Piston
NORTH AMERICAN,PBJ Mitchell,B25,Fixed-Wing,Piston
NORTH AMERICAN,Sabre,F86,Fixed-Wing,Jet
NORTH AMERICAN,Sabreliner,SBR1,Fixed-Wing,Jet
NORTH AMERICAN,Sabreliner 40,SBR1,Fixed-Wing,Jet
NORTH AMERICAN,Sabreliner 50,SBR1,Fixed-Wing,Jet
NORTH AMERICAN,Sabreliner 60,SBR1,Fixed-Wing,Jet
NORTH AMERICAN,SNJ Texan,T6,Fixed-Wing,Piston
NORTH AMERICAN,Super Sabre,SSAB,Fixed-Wing,Jet
NORTH AMERICAN,T-2 Buckeye,T2,Fixed-Wing,Jet
NORTH AMERICAN,T-6 Texan,T6,Fixed-Wing,Piston
NORTH AMERICAN,T-28 Trojan,T28,Fixed-Wing,Piston
NORTH AMERICAN,T-39 Sabreliner,SBR1,Fixed-Wing,Jet
NORTH AMERICAN,TB-25 Mitchell,B25,Fixed-Wing,Piston
NORTH AMERICAN,Texan,T6,Fixed-Wing,Piston
NORTH AMERICAN,Tp86 Sabreliner,SBR1,Fixed-Wing,Jet
NORTH AMERICAN,Trojan,T28,Fixed-Wing,Piston
NORTH AMERICAN,Twin Mustang,P82,Fixed-Wing,Piston
NORTH AMERICAN,U-18 Navion,NAVI,Fixed-Wing,Piston
NORTH AMERICAN,Yale,YALE,Fixed-Wing,Piston
NORTH AMERICAN ROCKWELL,100 Commander 100,VO10,Fixed-Wing,Piston
NORTH AMERICAN ROCKWELL,100 Darter Commander,VO10,Fixed-Wing,Piston
NORTH AMERICAN ROCKWELL,100 Lark Commander,LARK,Fixed-Wing,Piston
NORTH AMERICAN ROCKWELL,112 Commander 112,AC11,Fixed-Wing,Piston
NORTH AMERICAN ROCKWELL,200 Commander 200,M200,Fixed-Wing,Piston
NORTH AMERICAN ROCKWELL,500 Commander 500,AC50,Fixed-Wing,Piston
NORTH AMERICAN ROCKWELL,500 Shrike Commander,AC50,Fixed-Wing,Piston
NORTH AMERICAN ROCKWELL,680FL Courser Commander,AC6L,Fixed-Wing,Piston
NORTH AMERICAN ROCKWELL,680FL Grand Commander,AC6L,Fixed-Wing,Piston
NORTH AMERICAN ROCKWELL,680V Turbo Commander,AC80,Fixed-Wing,Turboprop/Turboshaft
NORTH AMERICAN ROCKWELL,680W Turbo 2 Commander,AC80,Fixed-Wing,Turboprop/Turboshaft
NORTH AMERICAN ROCKWELL,681 Hawk Commander,AC80,Fixed-Wing,Turboprop/Turboshaft
NORTH AMERICAN ROCKWELL,685 Commander 685,AC6L,Fixed-Wing,Piston
NORTH AMERICAN ROCKWELL,690 Turbo Commander 690,AC90,Fixed-Wing,Turboprop/Turboshaft
NORTH AMERICAN ROCKWELL,A-9 Quail Commander,A9,Fixed-Wing,Piston
NORTH AMERICAN ROCKWELL,A-9 Sparrow Commander,A9,Fixed-Wing,Piston
NORTH AMERICAN ROCKWELL,Ag Commander,SS2P,Fixed-Wing,Piston
NORTH AMERICAN ROCKWELL,B-1 Snipe Commander,CLB1,Fixed-Wing,Piston
NORTH AMERICAN ROCKWELL,Bronco,V10,Fixed-Wing,Turboprop/Turboshaft
NORTH AMERICAN ROCKWELL,Buckeye,T2,Fixed-Wing,Jet
NORTH AMERICAN ROCKWELL,Commander 100,VO10,Fixed-Wing,Piston
NORTH AMERICAN ROCKWELL,Commander 112,AC11,Fixed-Wing,Piston
NORTH AMERICAN ROCKWELL,Commander 200,M200,Fixed-Wing,Piston
NORTH AMERICAN ROCKWELL,Commander 500,AC50,Fixed-Wing,Piston
NORTH AMERICAN ROCKWELL,Commander 685,AC6L,Fixed-Wing,Piston
NORTH AMERICAN ROCKWELL,Courser Commander,AC6L,Fixed-Wing,Piston
NORTH AMERICAN ROCKWELL,CT-39 Sabreliner,SBR1,Fixed-Wing,Jet
NORTH AMERICAN ROCKWELL,Darter Commander,VO10,Fixed-Wing,Piston
NORTH AMERICAN ROCKWELL,Grand Commander,AC6L,Fixed-Wing,Piston
NORTH AMERICAN ROCKWELL,Hawk Commander,AC80,Fixed-Wing,Turboprop/Turboshaft
NORTH AMERICAN ROCKWELL,Lark Commander,LARK,Fixed-Wing,Piston
NORTH AMERICAN ROCKWELL,NA-265 Sabre 75,SBR2,Fixed-Wing,Jet
NORTH AMERICAN ROCKWELL,NA-265 Sabreliner 40,SBR1,Fixed-Wing,Jet
NORTH AMERICAN ROCKWELL,NA-265 Sabreliner 60,SBR1,Fixed-Wing,Jet
NORTH AMERICAN ROCKWELL,OV-10 Bronco,V10,Fixed-Wing,Turboprop/Turboshaft
NORTH AMERICAN ROCKWELL,Quail Commander,A9,Fixed-Wing,Piston
NORTH AMERICAN ROCKWELL,S-2 Ag Commander,SS2P,Fixed-Wing,Piston
NORTH AMERICAN ROCKWELL,S-2 Thrush Commander,SS2P,Fixed-Wing,Piston
NORTH AMERICAN ROCKWELL,Sabre 40,SBR1,Fixed-Wing,Jet
NORTH AMERICAN ROCKWELL,Sabre 60,SBR1,Fixed-Wing,Jet
NORTH AMERICAN ROCKWELL,Sabre 75,SBR2,Fixed-Wing,Jet
NORTH AMERICAN ROCKWELL,Sabreliner,SBR1,Fixed-Wing,Jet
NORTH AMERICAN ROCKWELL,Sabreliner 40,SBR1,Fixed-Wing,Jet
NORTH AMERICAN ROCKWELL,Sabreliner 60,SBR1,Fixed-Wing,Jet
NORTH AMERICAN ROCKWELL,Shrike Commander,AC50,Fixed-Wing,Piston
NORTH AMERICAN ROCKWELL,Snipe Commander,CLB1,Fixed-Wing,Piston
NORTH AMERICAN ROCKWELL,Sparrow Commander,A9,Fixed-Wing,Piston
NORTH AMERICAN ROCKWELL,T-2 Buckeye,T2,Fixed-Wing,Jet
NORTH AMERICAN ROCKWELL,T-39 Sabreliner,SBR1,Fixed-Wing,Jet
NORTH AMERICAN ROCKWELL,Thrush Commander,SS2P,Fixed-Wing,Piston
NORTH AMERICAN ROCKWELL,Tp86 Sabreliner,SBR1,Fixed-Wing,Jet
NORTH AMERICAN ROCKWELL,Turbo 2 Commander,AC80,Fixed-Wing,Turboprop/Turboshaft
NORTH AMERICAN ROCKWELL,Turbo Commander 690,AC90,Fixed-Wing,Turboprop/Turboshaft
NORTH AMERICAN ROCKWELL,Turbo Commander (680),AC80,Fixed-Wing,Turboprop/Turboshaft
NORTHERN,14 Cruisemaster,B14A,Fixed-Wing,Piston
NORTHERN,Cruisemaster,B14A,Fixed-Wing,Piston
NORTHROP,AT-38 Talon,T38,Fixed-Wing,Jet
NORTHROP,B-2 Spirit,B2,Fixed-Wing,Jet
NORTHROP,Black Widow,P61,Fixed-Wing,Piston
NORTHROP,C-125 Raider,C125,Fixed-Wing,Piston
NORTHROP,F-5 Freedom Fighter,F5,Fixed-Wing,Jet
NORTHROP,F-5 Tiger 2,F5,Fixed-Wing,Jet
NORTHROP,Freedom Fighter,F5,Fixed-Wing,Jet
NORTHROP,N-156C Freedom Fighter,F5,Fixed-Wing,Jet
NORTHROP,N-156F Freedom Fighter,F5,Fixed-Wing,Jet
NORTHROP,N-156T Talon,T38,Fixed-Wing,Jet
NORTHROP,P-61 Black Widow,P61,Fixed-Wing,Piston
NORTHROP,Raider,C125,Fixed-Wing,Piston
NORTHROP,RF-5 Freedom Fighter,F5,Fixed-Wing,Jet
NORTHROP,RF-5 Tigereye,F5,Fixed-Wing,Jet
NORTHROP,Spirit,B2,Fixed-Wing,Jet
NORTHROP,T-38 Talon,T38,Fixed-Wing,Jet
NORTHROP,Talon,T38,Fixed-Wing,Jet
NORTHROP,Tiger 2,F5,Fixed-Wing,Jet
NORTHROP,Tigereye,F5,Fixed-Wing,Jet
NORTHROP,F-5 Azarakhsh,F5,Fixed-Wing,Jet
NORTHROP,Azarakhsh,F5,Fixed-Wing,Jet
NORTHROP GRUMMAN,TE-2 Hawkeye,E2,Fixed-Wing,Turboprop/Turboshaft
NORTHROP GRUMMAN,R-03 Firebird,FRBD,Fixed-Wing,Piston
NORTHROP GRUMMAN,H-03 Firebird,FRBD,Fixed-Wing,Piston
NORTHROP GRUMMAN,Firebird,FRBD,Fixed-Wing,Piston
NORTHROP GRUMMAN,RQ-4 Global Hawk,Q4,Fixed-Wing,Jet
NORTHROP GRUMMAN,RQ-4 EuroHawk,Q4,Fixed-Wing,Jet
NORTHROP GRUMMAN,MQ-4 Triton,Q4,Fixed-Wing,Jet
NORTHROP GRUMMAN,EQ-4 Global Hawk,Q4,Fixed-Wing,Jet
NORTHROP GRUMMAN,Triton,Q4,Fixed-Wing,Jet
NORTHROP GRUMMAN,Global Hawk,Q4,Fixed-Wing,Jet
NORTHROP GRUMMAN,EuroHawk,Q4,Fixed-Wing,Jet
NORTHROP GRUMMAN,X-47B,X47B,Fixed-Wing,Jet
NORTHROP GRUMMAN,B-2 Spirit,B2,Fixed-Wing,Jet
NORTHROP GRUMMAN,E-2 Hawkeye,E2,Fixed-Wing,Turboprop/Turboshaft
NORTHROP GRUMMAN,E-8 J-Stars,B703,Fixed-Wing,Jet
NORTHROP GRUMMAN,Hawkeye,E2,Fixed-Wing,Turboprop/Turboshaft
NORTHROP GRUMMAN,J-Stars,B703,Fixed-Wing,Jet
NORTHROP GRUMMAN,Spirit,B2,Fixed-Wing,Jet
NORTHWEST TURBINE,60 Royal Turbine Duke,B60T,Fixed-Wing,Turboprop/Turboshaft
NORTHWEST TURBINE,Royal Turbine Duke,B60T,Fixed-Wing,Turboprop/Turboshaft
NOSTALGAIR,Citabriette,N3,Fixed-Wing,Piston
NOSTALGAIR,N-3 Citabriette,N3,Fixed-Wing,Piston
NOSTALGAIR,N-3 Super Pup,N3,Fixed-Wing,Piston
NOSTALGAIR,Super Pup,N3,Fixed-Wing,Piston
NURTANIO,Aviocar,C212,Fixed-Wing,Turboprop/Turboshaft
NURTANIO,CN-235,CN35,Fixed-Wing,Turboprop/Turboshaft
NURTANIO,NAS-332 Super Puma,AS32,Helicopter,Turboprop/Turboshaft
NURTANIO,NBO-105,B105,Helicopter,Turboprop/Turboshaft
NURTANIO,NC-212 Aviocar,C212,Fixed-Wing,Turboprop/Turboshaft
NURTANIO,NSA-330 Puma,PUMA,Helicopter,Turboprop/Turboshaft
NURTANIO,Puma,PUMA,Helicopter,Turboprop/Turboshaft
NURTANIO,Super Puma,AS32,Helicopter,Turboprop/Turboshaft
NUSANTARA,Aviocar,C212,Fixed-Wing,Turboprop/Turboshaft
NUSANTARA,CN-235,CN35,Fixed-Wing,Turboprop/Turboshaft
NUSANTARA,N-250,N250,Fixed-Wing,Turboprop/Turboshaft
NUSANTARA,NAS-332 Super Puma,AS32,Helicopter,Turboprop/Turboshaft
NUSANTARA,NBell-407,B407,Helicopter,Turboprop/Turboshaft
NUSANTARA,NBell-412,B412,Helicopter,Turboprop/Turboshaft
NUSANTARA,NBK-117,BK17,Helicopter,Turboprop/Turboshaft
NUSANTARA,NBO-105,B105,Helicopter,Turboprop/Turboshaft
NUSANTARA,NC-212 Aviocar,C212,Fixed-Wing,Turboprop/Turboshaft
NUSANTARA,Super Puma,AS32,Helicopter,Turboprop/Turboshaft
NUVENTURE,Venture,VTUR,Fixed-Wing,Piston
NUWACO,T-10,NT10,Fixed-Wing,Piston
O'NEILL,Magnum,OMAG,Fixed-Wing,Piston
OAKLAND,Centaurus,L37,Fixed-Wing,Piston
OBERLERCHNER,JOB-15,JB15,Fixed-Wing,Piston
ODESSA,Y-1 Delfin,PICO,Fixed-Wing,Piston
ODESSA,Delfin,PICO,Fixed-Wing,Piston
OGMA,Chipmunk,DHC1,Fixed-Wing,Piston
OGMA,D-5,D5,Fixed-Wing,Piston
OGMA,DH-82 Tiger Moth,DH82,Fixed-Wing,Piston
OGMA,DHC-1 Chipmunk,DHC1,Fixed-Wing,Piston
OGMA,Epsilon,TB30,Fixed-Wing,Piston
OGMA,TB-30 Epsilon,TB30,Fixed-Wing,Piston
OGMA,Tiger Moth,DH82,Fixed-Wing,Piston
OLDFIELD,Baby Lakes,BLKS,Fixed-Wing,Piston
OLDFIELD,Buddy Baby Lakes,BLKS,Fixed-Wing,Piston
OLDFIELD,Super Baby Lakes,BLKS,Fixed-Wing,Piston
OLYMPIC ULTRALIGHTS,Desert Eagle 2,OUDE,Fixed-Wing,Piston
OMA SUD,Skycar,SKYC,Fixed-Wing,Piston
OMAC,Laser 300,OMLA,Fixed-Wing,Turboprop/Turboshaft
OMF,OMF-100 Symphony,SYMP,Fixed-Wing,Piston
OMF,Symphony,SYMP,Fixed-Wing,Piston
OMNI,404 Turbo Titan,C04T,Fixed-Wing,Turboprop/Turboshaft
OMNI,Turbo Titan,C04T,Fixed-Wing,Turboprop/Turboshaft
OMNI-WELD,Questor,QEST,Fixed-Wing,Piston
ON MARK,Marketeer,B26,Fixed-Wing,Piston
ON MARK,Marksman,B26,Fixed-Wing,Piston
ONE PRO,One,ONE,Fixed-Wing,Piston
OPTICA,OA-7 Optica,OPCA,Fixed-Wing,Piston
OPTICA,Optica,OPCA,Fixed-Wing,Piston
OPTION AIR,Acapella,ACPL,Fixed-Wing,Piston
ORION,10,OR10,Amphibian,Piston
ORION,SK-12,OR12,Amphibian,Piston
ORLICAN,Brigadyr,L60,Fixed-Wing,Piston
ORLICAN,K-60 Brigadyr,L60,Fixed-Wing,Piston
ORLICAN,L-40 Meta Sokol,L40,Fixed-Wing,Piston
ORLICAN,L-60 Brigadyr,L60,Fixed-Wing,Piston
ORLICAN,Meta Sokol,L40,Fixed-Wing,Piston
OSKBES-MAI,Acrobat,A900,Fixed-Wing,Piston
OSKBES-MAI,Interfly,A910,Fixed-Wing,Piston
OSKBES-MAI,Kityonok,A223,Fixed-Wing,Piston
OSKBES-MAI,MAI-205,A205,Gyrocopter,Piston
OSKBES-MAI,MAI-223 Kityonok,A223,Fixed-Wing,Piston
OSKBES-MAI,MAI-890,A890,Fixed-Wing,Piston
OSKBES-MAI,MAI-900 Acrobat,A900,Fixed-Wing,Piston
OSKBES-MAI,MAI-910 Interfly,A910,Fixed-Wing,Piston
OSKBES-MAI,MAI-960 Interfly,A910,Fixed-Wing,Piston
OSKBES-MAI,MAI-411,A411,Fixed-Wing,Piston
OSPREY,GP-3 Osprey 2,GP3,Amphibian,Piston
OSPREY,GP-4,GP4,Fixed-Wing,Piston
OSPREY,Osprey 2,GP3,Amphibian,Piston
P&M AVIATION,PulsR,PULR,Fixed-Wing,Piston
P&M AVIATION,HypR,HYPR,Fixed-Wing,Piston
PACAERO,Learstar,L18,Fixed-Wing,Piston
PACAERO,Nomad,T28,Fixed-Wing,Piston
PACAERO,T-28 Nomad,T28,Fixed-Wing,Piston
PACI,Skyfox,FOX,Fixed-Wing,Piston
PACIFIC AEROSPACE,750XL,P750,Fixed-Wing,Turboprop/Turboshaft
PACIFIC AEROSPACE,Airtrainer,CT4,Fixed-Wing,Piston
PACIFIC AEROSPACE,Cresco,CRES,Fixed-Wing,Turboprop/Turboshaft
PACIFIC AEROSPACE,CT-4 Airtrainer,CT4,Fixed-Wing,Piston
PACIFIC AEROSPACE,Fletcher FU-24,FU24,Fixed-Wing,Piston
PACIFIC AEROSPACE,FBA-2 Expedition E350,FBA2,Fixed-Wing,Piston
PACIFIC AEROSPACE,Expedition E350,FBA2,Fixed-Wing,Piston
PACIFIC AEROSPACE,P-750 XStol,P750,Fixed-Wing,Turboprop/Turboshaft
PACIFIC AEROSPACE,XStol,P750,Fixed-Wing,Turboprop/Turboshaft
PACIFIC AEROSPACE,Akala,CT4,Fixed-Wing,Piston
PACIFIC AEROSPACE,CT-4 Akala,CT4,Fixed-Wing,Piston
PACIFIC AIRMOTIVE,Nomad,T28,Fixed-Wing,Piston
PACIFIC AIRMOTIVE,T-28 Nomad,T28,Fixed-Wing,Piston
PACIFIC AIRMOTIVE,Tradewind,TRWN,Fixed-Wing,Piston
PADC,BN-2A Islander,BN2P,Fixed-Wing,Piston
PADC,BN-2B Islander,BN2P,Fixed-Wing,Piston
PADC,BO-105,B105,Helicopter,Turboprop/Turboshaft
PADC,Islander,BN2P,Fixed-Wing,Piston
PADC,Lancair 4,LNC4,Fixed-Wing,Piston
PADC,Lancair ES,LNCE,Fixed-Wing,Piston
PADC,S-211,S211,Fixed-Wing,Jet
PADC,SF-260T,F26T,Fixed-Wing,Turboprop/Turboshaft
PAI,Lancair 4,LNC4,Fixed-Wing,Piston
PAI,Lancair 320,LNC2,Fixed-Wing,Piston
PAI,Lancair ES,LNCE,Fixed-Wing,Piston
PAKISTAN,Mushshak,MF17,Fixed-Wing,Piston
PAKISTAN,Shahbaz,MF17,Fixed-Wing,Piston
PAKISTAN,Super Mushshak,MF17,Fixed-Wing,Piston
PAKISTAN,JF-17 Thunder,FC1,Fixed-Wing,Jet
PAKISTAN,Falco,FLCO,Fixed-Wing,Piston
PANAVIA,Tornado,TOR,Fixed-Wing,Jet
PANHA,2061,B06,Helicopter,Turboprop/Turboshaft
PANHA,2091,SUCO,Helicopter,Turboprop/Turboshaft
PANHA,Shabaviz 2-75,UH1,Helicopter,Turboprop/Turboshaft
PANZL,S-330,ST30,Fixed-Wing,Piston
PAPA 51,Thunder Mustang,TMUS,Fixed-Wing,Piston
PARADISE,P-1,PAR1,Fixed-Wing,Piston
PARADISE,P-2,PAR1,Fixed-Wing,Piston
PARADISE,P-4,PAR4,Fixed-Wing,Piston
PARAMOUNT,Cabinaire,CABN,Fixed-Wing,Piston
PARAVAR PARS,Saba,SABA,Fixed-Wing,Piston
PARKER,Teenie Two,TTWO,Fixed-Wing,Piston
PARNALL,Elf,ELF,Fixed-Wing,Piston
PARRISH,Dart,DART,Fixed-Wing,Piston
PARTENAIR,Mystere,S45,Fixed-Wing,Piston
PARTENAIR,S-45 Mystere,S45,Fixed-Wing,Piston
PARTENAVIA,AP-68TP-300 Spartacus,P68T,Fixed-Wing,Turboprop/Turboshaft
PARTENAVIA,AP-68TP-600 Viator,VTOR,Fixed-Wing,Turboprop/Turboshaft
PARTENAVIA,Charlie,OSCR,Fixed-Wing,Piston
PARTENAVIA,Fachiro 2,P57,Fixed-Wing,Piston
PARTENAVIA,Observer,P68,Fixed-Wing,Piston
PARTENAVIA,Oscar,OSCR,Fixed-Wing,Piston
PARTENAVIA,P-57 Fachiro 2,P57,Fixed-Wing,Piston
PARTENAVIA,P-64 Oscar,OSCR,Fixed-Wing,Piston
PARTENAVIA,P-66 Charlie,OSCR,Fixed-Wing,Piston
PARTENAVIA,P-66 Oscar,OSCR,Fixed-Wing,Piston
PARTENAVIA,P-68,P68,Fixed-Wing,Piston
PARTENAVIA,P-68 Observer,P68,Fixed-Wing,Piston
PARTENAVIA,P-68 Victor,P68,Fixed-Wing,Piston
PARTENAVIA,Spartacus,P68T,Fixed-Wing,Turboprop/Turboshaft
PARTENAVIA,Viator,VTOR,Fixed-Wing,Turboprop/Turboshaft
PARTENAVIA,Victor,P68,Fixed-Wing,Piston
PASOTTI,F-7 Rondone 2,ROND,Fixed-Wing,Piston
PASOTTI,Rondone 2,ROND,Fixed-Wing,Piston
PATRIA,NH-90,NH90,Helicopter,Turboprop/Turboshaft
PATRIA,Hornet,F18H,Fixed-Wing,Jet
PATRIA,FA-18 Hornet,F18H,Fixed-Wing,Jet
PATRIA,Hkp 14,NH90,Helicopter,Turboprop/Turboshaft
PAULISTA,CAP-4 Paulistinha,PAUL,Fixed-Wing,Piston
PAULISTA,Paulistinha,PAUL,Fixed-Wing,Piston
PAWNEE,Chief,CHIF,Helicopter,Piston
PAXMAN'S,Viper,VIPR,Fixed-Wing,Piston
PAYNE,Knight Twister,KNTW,Fixed-Wing,Piston
PAYNE,Sunday Knight Twister,KNTW,Fixed-Wing,Piston
PAZMANY,Laminar,PL1,Fixed-Wing,Piston
PAZMANY,PL-1 Laminar,PL1,Fixed-Wing,Piston
PAZMANY,PL-2,PL2,Fixed-Wing,Piston
PAZMANY,PL-4,PL4,Fixed-Wing,Piston
PAZMANY,PL-9 Stork,PL9,Fixed-Wing,Piston
PAZMANY,Stork,PL9,Fixed-Wing,Piston
PCV,Asso 4 Whisky,ASO4,Fixed-Wing,Piston
PEGASE AERO,Pegazair,PEGZ,Fixed-Wing,Piston
PELEGRIN,Tarragon,TARR,Fixed-Wing,Piston
PENA,Bilouis,BILO,Fixed-Wing,Piston
PENA,Capena,CPNA,Fixed-Wing,Piston
PENA,Dahu,DAHU,Fixed-Wing,Piston
PENNEC-LUCAS,Dieselis,DIES,Fixed-Wing,Piston
PERCIVAL,K-1 Vega Gull,VGUL,Fixed-Wing,Piston
PERCIVAL,P-10 Vega Gull,VGUL,Fixed-Wing,Piston
PERCIVAL,P-28 Proctor,PROC,Fixed-Wing,Piston
PERCIVAL,P-30 Proctor,PROC,Fixed-Wing,Piston
PERCIVAL,P-31 Proctor,PROC,Fixed-Wing,Piston
PERCIVAL,P-34 Proctor,PROC,Fixed-Wing,Piston
PERCIVAL,P-40 Prentice,PREN,Fixed-Wing,Piston
PERCIVAL,P-44 Proctor,PROC,Fixed-Wing,Piston
PERCIVAL,P-56 Provost,PPRO,Fixed-Wing,Piston
PERCIVAL,P-57 Sea Prince,PRCE,Fixed-Wing,Piston
PERCIVAL,P-66 Pembroke,PEMB,Fixed-Wing,Piston
PERCIVAL,Pembroke,PEMB,Fixed-Wing,Piston
PERCIVAL,Prentice,PREN,Fixed-Wing,Piston
PERCIVAL,Proctor,PROC,Fixed-Wing,Piston
PERCIVAL,Provost,PPRO,Fixed-Wing,Piston
PERCIVAL,Sea Prince,PRCE,Fixed-Wing,Piston
PERCIVAL,Vega Gull,VGUL,Fixed-Wing,Piston
PEREGRINE,Falcon,BD10,Fixed-Wing,Jet
PEREGRINE,PJ-2 Falcon,BD10,Fixed-Wing,Jet
PEREGRINE,PJ-3 Falcon,BD10,Fixed-Wing,Jet
PEREIRA,GP-3 Osprey 2,GP3,Amphibian,Piston
PEREIRA,GP-4,GP4,Fixed-Wing,Piston
PEREIRA,Osprey 2,GP3,Amphibian,Piston
PERFORMANCE,Legend,LEGD,Fixed-Wing,Piston
PERFORMANCE,Turbine Legend,TLEG,Fixed-Wing,Turboprop/Turboshaft
PETERSON,460,C182,Fixed-Wing,Piston
PETERSON,230,C182,Fixed-Wing,Piston
PETERSON,260,C182,Fixed-Wing,Piston
PETERSON,Katmai,C182,Fixed-Wing,Piston
PETROLINI,IAe-20 El Boyero,EBOY,Fixed-Wing,Piston
PETROLINI,El Boyero,EBOY,Fixed-Wing,Piston
PHENIX,Phenix,PHIX,Gyrocopter,Piston
PHILLIPS,Speedtwin,ST1,Fixed-Wing,Piston
PHILLIPS,ST-1 Speedtwin,ST1,Fixed-Wing,Piston
PHILLIPS & POWIS,Falcon Major,FALM,Fixed-Wing,Piston
PHILLIPS & POWIS,Hawk Major,M2HK,Fixed-Wing,Piston
PHILLIPS & POWIS,Hawk Speed Six,M2HK,Fixed-Wing,Piston
PHILLIPS & POWIS,M-2 Hawk Major,M2HK,Fixed-Wing,Piston
PHILLIPS & POWIS,M-2 Hawk Speed Six,M2HK,Fixed-Wing,Piston
PHILLIPS & POWIS,M-3 Falcon Major,FALM,Fixed-Wing,Piston
PHILLIPS & POWIS,M-11 Whitney Straight,WHIT,Fixed-Wing,Piston
PHILLIPS & POWIS,M-14 Magister,MAGI,Fixed-Wing,Piston
PHILLIPS & POWIS,Magister,MAGI,Fixed-Wing,Piston
PHILLIPS & POWIS,Whitney Straight,WHIT,Fixed-Wing,Piston
PHOENIX (1),LA-5 Major,MAJR,Fixed-Wing,Piston
PHOENIX (1),Major,MAJR,Fixed-Wing,Piston
PHOENIX (2),Maverick,MVRK,Fixed-Wing,Piston
PHOENIX AIR,U-15 Phoenix,U15,Fixed-Wing,Piston
PHOENIX AIR,Phoenix,U15,Fixed-Wing,Piston
PHOENIX-AVIACOR,Kasatik,KSTK,Fixed-Wing,Piston
PHOENIX-AVIACOR,M-12 Kasatik,KSTK,Fixed-Wing,Piston
PIAGGIO,Albatross,P66P,Fixed-Wing,Piston
PIAGGIO,Avanti,P180,Fixed-Wing,Turboprop/Turboshaft
PIAGGIO,P-136,P136,Amphibian,Piston
PIAGGIO,P-148,P148,Fixed-Wing,Piston
PIAGGIO,P-149,P149,Fixed-Wing,Piston
PIAGGIO,P-166,P66P,Fixed-Wing,Piston
PIAGGIO,P-166A,P66P,Fixed-Wing,Piston
PIAGGIO,P-166B Portofino,P66P,Fixed-Wing,Piston
PIAGGIO,P-166C,P66P,Fixed-Wing,Piston
PIAGGIO,P-166DL2,P66P,Fixed-Wing,Piston
PIAGGIO,P-166DL3,P66T,Fixed-Wing,Turboprop/Turboshaft
PIAGGIO,P-166DP1,P66T,Fixed-Wing,Turboprop/Turboshaft
PIAGGIO,P-166M,P66P,Fixed-Wing,Piston
PIAGGIO,P-166S Albatross,P66P,Fixed-Wing,Piston
PIAGGIO,P-180 Avanti,P180,Fixed-Wing,Turboprop/Turboshaft
PIAGGIO,Portofino,P66P,Fixed-Wing,Piston
PIAGGIO,P-1HH Hammerhead,P1HH,Fixed-Wing,Turboprop/Turboshaft
PIAGGIO,Hammerhead,P1HH,Fixed-Wing,Turboprop/Turboshaft
PIASECKI,X-49 SpeedHawk,X49,Helicopter,Turboprop/Turboshaft
PIASECKI,SpeedHawk,X49,Helicopter,Turboprop/Turboshaft
PIEL,CP-90 Pinocchio 2,CP90,Fixed-Wing,Piston
PIEL,Pinocchio 2,CP90,Fixed-Wing,Piston
PIEL,Béryl,CP75,Fixed-Wing,Piston
PIEL,CP-30 Emeraude,CP30,Fixed-Wing,Piston
PIEL,CP-60 Diamant,CP60,Fixed-Wing,Piston
PIEL,CP-70 Béryl,CP75,Fixed-Wing,Piston
PIEL,CP-80 Zéphir,CP80,Fixed-Wing,Piston
PIEL,CP-301 Emeraude,CP30,Fixed-Wing,Piston
PIEL,CP-302 Emeraude,CP30,Fixed-Wing,Piston
PIEL,CP-304 Emeraude,CP30,Fixed-Wing,Piston
PIEL,CP-305 Emeraude,CP30,Fixed-Wing,Piston
PIEL,CP-309 Emeraude,CP30,Fixed-Wing,Piston
PIEL,CP-311 Emeraude,CP30,Fixed-Wing,Piston
PIEL,CP-315 Emeraude,CP30,Fixed-Wing,Piston
PIEL,CP-316 Emeraude,CP30,Fixed-Wing,Piston
PIEL,CP-319 Emeraude,CP30,Fixed-Wing,Piston
PIEL,CP-320 Super Emeraude,CP32,Fixed-Wing,Piston
PIEL,CP-325 Super Emeraude,CP32,Fixed-Wing,Piston
PIEL,CP-328 Super Emeraude,CP32,Fixed-Wing,Piston
PIEL,CP-601 Diamant,CP60,Fixed-Wing,Piston
PIEL,CP-604 Super Diamant,CP60,Fixed-Wing,Piston
PIEL,CP-605 Super Diamant,CP60,Fixed-Wing,Piston
PIEL,CP-607 Super Diamant,CP60,Fixed-Wing,Piston
PIEL,CP-615 Super Diamant,CP60,Fixed-Wing,Piston
PIEL,CP-701 Béryl,CP75,Fixed-Wing,Piston
PIEL,CP-750 Béryl,CP75,Fixed-Wing,Piston
PIEL,CP-751 Béryl,CP75,Fixed-Wing,Piston
PIEL,CP-760 Béryl,CP75,Fixed-Wing,Piston
PIEL,CP-801 Zéphir,CP80,Fixed-Wing,Piston
PIEL,CP-802 Zéphir,CP80,Fixed-Wing,Piston
PIEL,CP-1310 Super Emeraude,CP13,Fixed-Wing,Piston
PIEL,CP-1315 Super Emeraude,CP13,Fixed-Wing,Piston
PIEL,CP-1320 Saphir,SAPH,Fixed-Wing,Piston
PIEL,CP-1330 Super Emeraude,CP13,Fixed-Wing,Piston
PIEL,Diamant,CP60,Fixed-Wing,Piston
PIEL,Emeraude,CP30,Fixed-Wing,Piston
PIEL,Saphir,SAPH,Fixed-Wing,Piston
PIEL,Super Diamant,CP60,Fixed-Wing,Piston
PIEL,Super Emeraude (CP-320/325/328),CP32,Fixed-Wing,Piston
PIEL,Super Emeraude (CP-1310/1315/1330),CP13,Fixed-Wing,Piston
PIEL,Zéphir,CP80,Fixed-Wing,Piston
PIETENPOL,Aerial,PARL,Fixed-Wing,Piston
PIETENPOL,Aircamper,CAMP,Fixed-Wing,Piston
PIETENPOL,B-4 Aircamper,CAMP,Fixed-Wing,Piston
PIK,Hinu,PK15,Fixed-Wing,Piston
PIK,Muhinu,PK19,Fixed-Wing,Piston
PIK,PIK-11 Tumppu,PK11,Fixed-Wing,Piston
PIK,PIK-15 Hinu,PK15,Fixed-Wing,Piston
PIK,PIK-18 Sytky,PK18,Fixed-Wing,Piston
PIK,PIK-19 Muhinu,PK19,Fixed-Wing,Piston
PIK,PIK-20E,PK20,Fixed-Wing,Piston
PIK,PIK-21 Super Sytky,PK21,Fixed-Wing,Piston
PIK,PIK-23 Suhinu,PK23,Fixed-Wing,Piston
PIK,PIK-23 Towmaster,PK23,Fixed-Wing,Piston
PIK,Suhinu,PK23,Fixed-Wing,Piston
PIK,Super Sytky,PK21,Fixed-Wing,Piston
PIK,Sytky,PK18,Fixed-Wing,Piston
PIK,Towmaster,PK23,Fixed-Wing,Piston
PIK,Tumppu,PK11,Fixed-Wing,Piston
PIK,PIK-25 Varttimarkka,PK25,Fixed-Wing,Piston
PIK,Varttimarkka,PK25,Fixed-Wing,Piston
PILATUS,PC-24,PC24,Fixed-Wing,Jet
PILATUS,Astra,PC7,Fixed-Wing,Turboprop/Turboshaft
PILATUS,AT-92 Turbo Trainer,PC7,Fixed-Wing,Turboprop/Turboshaft
PILATUS,Chiricahua,PC6T,Fixed-Wing,Turboprop/Turboshaft
PILATUS,Eagle,PC12,Fixed-Wing,Turboprop/Turboshaft
PILATUS,Hudournik,PC9,Fixed-Wing,Turboprop/Turboshaft
PILATUS,P-2,PP2,Fixed-Wing,Piston
PILATUS,P-3,PP3,Fixed-Wing,Piston
PILATUS,PC-6 Porter,PC6P,Fixed-Wing,Piston
PILATUS,PC-6A Turbo-Porter,PC6T,Fixed-Wing,Turboprop/Turboshaft
PILATUS,PC-6B Turbo-Porter,PC6T,Fixed-Wing,Turboprop/Turboshaft
PILATUS,PC-6C Turbo-Porter,PC6T,Fixed-Wing,Turboprop/Turboshaft
PILATUS,PC-7 Astra,PC7,Fixed-Wing,Turboprop/Turboshaft
PILATUS,PC-7 Turbo Trainer,PC7,Fixed-Wing,Turboprop/Turboshaft
PILATUS,PC-9,PC9,Fixed-Wing,Turboprop/Turboshaft
PILATUS,PC-9 Hudournik,PC9,Fixed-Wing,Turboprop/Turboshaft
PILATUS,PC-12,PC12,Fixed-Wing,Turboprop/Turboshaft
PILATUS,PC-12 Eagle,PC12,Fixed-Wing,Turboprop/Turboshaft
PILATUS,PC-12 Spectre,PC12,Fixed-Wing,Turboprop/Turboshaft
PILATUS,PC-21,PC21,Fixed-Wing,Turboprop/Turboshaft
PILATUS,Porter,PC6P,Fixed-Wing,Piston
PILATUS,Spectre,PC12,Fixed-Wing,Turboprop/Turboshaft
PILATUS,Turbo Trainer,PC7,Fixed-Wing,Turboprop/Turboshaft
PILATUS,Turbo-Porter,PC6T,Fixed-Wing,Turboprop/Turboshaft
PILATUS,U-28,PC12,Fixed-Wing,Turboprop/Turboshaft
PILATUS,UV-20 Chiricahua,PC6T,Fixed-Wing,Turboprop/Turboshaft
PILATUS BRITTEN-NORMAN,BN-2A Islander,BN2P,Fixed-Wing,Piston
PILATUS BRITTEN-NORMAN,BN-2A Mk3 Trislander,TRIS,Fixed-Wing,Piston
PILATUS BRITTEN-NORMAN,BN-2B Islander,BN2P,Fixed-Wing,Piston
PILATUS BRITTEN-NORMAN,BN-2T Defender 4000,BN2T,Fixed-Wing,Turboprop/Turboshaft
PILATUS BRITTEN-NORMAN,BN-2T Turbine Islander,BN2T,Fixed-Wing,Turboprop/Turboshaft
PILATUS BRITTEN-NORMAN,Defender 4000,BN2T,Fixed-Wing,Turboprop/Turboshaft
PILATUS BRITTEN-NORMAN,Islander,BN2P,Fixed-Wing,Piston
PILATUS BRITTEN-NORMAN,Trislander,TRIS,Fixed-Wing,Piston
PILATUS BRITTEN-NORMAN,Turbine Islander,BN2T,Fixed-Wing,Turboprop/Turboshaft
PIPER,6X,PA32,Fixed-Wing,Piston
PIPER,6XT,PA32,Fixed-Wing,Piston
PIPER,108 Station Wagon,S108,Fixed-Wing,Piston
PIPER,108 Voyager,S108,Fixed-Wing,Piston
PIPER,AE Cub Cruiser,J5,Fixed-Wing,Piston
PIPER,Aerostar,AEST,Fixed-Wing,Piston
PIPER,Apache,PA23,Fixed-Wing,Piston
PIPER,Archer 2,P28A,Fixed-Wing,Piston
PIPER,Archer 3,P28A,Fixed-Wing,Piston
PIPER,Arrow 3,P28R,Fixed-Wing,Piston
PIPER,Arrow 4,P28T,Fixed-Wing,Piston
PIPER,Aztec,PA27,Fixed-Wing,Piston
PIPER,Cadet,P28A,Fixed-Wing,Piston
PIPER,Caribbean,PA22,Fixed-Wing,Piston
PIPER,Cherokee 140-4,P28A,Fixed-Wing,Piston
PIPER,Cherokee (PA-28-140/150/160/180),P28A,Fixed-Wing,Piston
PIPER,Cherokee (PA-28-235),P28B,Fixed-Wing,Piston
PIPER,Cherokee Archer,P28A,Fixed-Wing,Piston
PIPER,Cherokee Archer 2,P28A,Fixed-Wing,Piston
PIPER,Cherokee Arrow,P28R,Fixed-Wing,Piston
PIPER,Cherokee Arrow 2,P28R,Fixed-Wing,Piston
PIPER,Cherokee Arrow 3,P28R,Fixed-Wing,Piston
PIPER,Cherokee Challenger,P28A,Fixed-Wing,Piston
PIPER,Cherokee Charger,P28B,Fixed-Wing,Piston
PIPER,Cherokee Chief,P28A,Fixed-Wing,Piston
PIPER,Cherokee Cruiser,P28A,Fixed-Wing,Piston
PIPER,Cherokee Flite Liner,P28A,Fixed-Wing,Piston
PIPER,Cherokee Lance,P32R,Fixed-Wing,Piston
PIPER,Cherokee Pathfinder,P28B,Fixed-Wing,Piston
PIPER,Cherokee Six,PA32,Fixed-Wing,Piston
PIPER,Cherokee Warrior,P28A,Fixed-Wing,Piston
PIPER,Cherokee Warrior 2,P28A,Fixed-Wing,Piston
PIPER,Cheyenne,PAY2,Fixed-Wing,Turboprop/Turboshaft
PIPER,Cheyenne 1,PAY1,Fixed-Wing,Turboprop/Turboshaft
PIPER,Cheyenne 2,PAY2,Fixed-Wing,Turboprop/Turboshaft
PIPER,Cheyenne 2XL,PAY2,Fixed-Wing,Turboprop/Turboshaft
PIPER,Cheyenne 3,PAY3,Fixed-Wing,Turboprop/Turboshaft
PIPER,Cheyenne 400,PAY4,Fixed-Wing,Turboprop/Turboshaft
PIPER,Chieftain,PA31,Fixed-Wing,Piston
PIPER,Clipper,PA16,Fixed-Wing,Piston
PIPER,Colt,PA22,Fixed-Wing,Piston
PIPER,Comanche,PA24,Fixed-Wing,Piston
PIPER,Cub (J-2),J2,Fixed-Wing,Piston
PIPER,Cub (J-3/L-4/NE),J3,Fixed-Wing,Piston
PIPER,Cub Coupe,J4,Fixed-Wing,Piston
PIPER,Cub Cruiser,J5,Fixed-Wing,Piston
PIPER,Cub Special,PA11,Fixed-Wing,Piston
PIPER,Dakota,P28B,Fixed-Wing,Piston
PIPER,Family Cruiser,PA14,Fixed-Wing,Piston
PIPER,J-2 Cub,J2,Fixed-Wing,Piston
PIPER,J-3 Cub,J3,Fixed-Wing,Piston
PIPER,J-4 Cub Coupe,J4,Fixed-Wing,Piston
PIPER,J-5 Cub Cruiser,J5,Fixed-Wing,Piston
PIPER,L-4 Cub,J3,Fixed-Wing,Piston
PIPER,L-14 Cub Cruiser,J5,Fixed-Wing,Piston
PIPER,L-18B Cub Special,PA11,Fixed-Wing,Piston
PIPER,L-18C Super Cub,PA18,Fixed-Wing,Piston
PIPER,L-21 Super Cub,PA18,Fixed-Wing,Piston
PIPER,Lance,P32R,Fixed-Wing,Piston
PIPER,Lance 2,P32T,Fixed-Wing,Piston
PIPER,Malibu,PA46,Fixed-Wing,Piston
PIPER,Malibu Meridian,P46T,Fixed-Wing,Turboprop/Turboshaft
PIPER,Malibu Mirage,PA46,Fixed-Wing,Piston
PIPER,Mojave,PA31,Fixed-Wing,Piston
PIPER,Navajo,PA31,Fixed-Wing,Piston
PIPER,Navajo Chieftain,PA31,Fixed-Wing,Piston
PIPER,Navajo CR,PA31,Fixed-Wing,Piston
PIPER,NE Cub,J3,Fixed-Wing,Piston
PIPER,PA-11 Cub Special,PA11,Fixed-Wing,Piston
PIPER,PA-12 Super Cruiser,PA12,Fixed-Wing,Piston
PIPER,PA-14 Family Cruiser,PA14,Fixed-Wing,Piston
PIPER,PA-15 Vagabond,PA15,Fixed-Wing,Piston
PIPER,PA-16 Clipper,PA16,Fixed-Wing,Piston
PIPER,PA-17 Vagabond,PA17,Fixed-Wing,Piston
PIPER,PA-17 Vagabond Trainer,PA17,Fixed-Wing,Piston
PIPER,PA-18 Super Cub,PA18,Fixed-Wing,Piston
PIPER,PA-20 Pacer,PA20,Fixed-Wing,Piston
PIPER,PA-22 Caribbean,PA22,Fixed-Wing,Piston
PIPER,PA-22 Colt,PA22,Fixed-Wing,Piston
PIPER,PA-22 Tri-Pacer,PA22,Fixed-Wing,Piston
PIPER,PA-23-150 Apache,PA23,Fixed-Wing,Piston
PIPER,PA-23-160 Apache,PA23,Fixed-Wing,Piston
PIPER,PA-23-235 Aztec,PA27,Fixed-Wing,Piston
PIPER,PA-23-250 Aztec,PA27,Fixed-Wing,Piston
PIPER,PA-23-250 Turbo Aztec,PA27,Fixed-Wing,Piston
PIPER,PA-24 Comanche,PA24,Fixed-Wing,Piston
PIPER,PA-25 Pawnee,PA25,Fixed-Wing,Piston
PIPER,PA-28-140 Cherokee,P28A,Fixed-Wing,Piston
PIPER,PA-28-140 Cherokee 140-4,P28A,Fixed-Wing,Piston
PIPER,PA-28-140 Cherokee Cruiser,P28A,Fixed-Wing,Piston
PIPER,PA-28-140 Cherokee Flite Liner,P28A,Fixed-Wing,Piston
PIPER,PA-28-150 Cherokee,P28A,Fixed-Wing,Piston
PIPER,PA-28-151 Cherokee Warrior,P28A,Fixed-Wing,Piston
PIPER,PA-28-160 Cherokee,P28A,Fixed-Wing,Piston
PIPER,PA-28-161 Cadet,P28A,Fixed-Wing,Piston
PIPER,PA-28-161 Cherokee Warrior 2,P28A,Fixed-Wing,Piston
PIPER,PA-28-161 Warrior 2,P28A,Fixed-Wing,Piston
PIPER,PA-28-161 Warrior 3,P28A,Fixed-Wing,Piston
PIPER,PA-28-180 Cherokee,P28A,Fixed-Wing,Piston
PIPER,PA-28-180 Cherokee Archer,P28A,Fixed-Wing,Piston
PIPER,PA-28-180 Cherokee Challenger,P28A,Fixed-Wing,Piston
PIPER,PA-28-180TG Cherokee Chief,P28A,Fixed-Wing,Piston
PIPER,PA-28-181 Archer 2,P28A,Fixed-Wing,Piston
PIPER,PA-28-181 Archer 3,P28A,Fixed-Wing,Piston
PIPER,PA-28-181 Cherokee Archer 2,P28A,Fixed-Wing,Piston
PIPER,PA-28-201T Turbo Dakota,P28B,Fixed-Wing,Piston
PIPER,PA-28-235 Cherokee,P28B,Fixed-Wing,Piston
PIPER,PA-28-235 Cherokee Charger,P28B,Fixed-Wing,Piston
PIPER,PA-28-235 Cherokee Pathfinder,P28B,Fixed-Wing,Piston
PIPER,PA-28-236 Dakota,P28B,Fixed-Wing,Piston
PIPER,PA-28R-180 Cherokee Arrow,P28R,Fixed-Wing,Piston
PIPER,PA-28R-200 Cherokee Arrow,P28R,Fixed-Wing,Piston
PIPER,PA-28R-200 Cherokee Arrow 2,P28R,Fixed-Wing,Piston
PIPER,PA-28R-201 Arrow 3,P28R,Fixed-Wing,Piston
PIPER,PA-28R-201 Cherokee Arrow 3,P28R,Fixed-Wing,Piston
PIPER,PA-28R-300 Pillán,PILL,Fixed-Wing,Piston
PIPER,PA-28RT-201 Arrow 4,P28T,Fixed-Wing,Piston
PIPER,PA-30 Turbo Twin Comanche,PA30,Fixed-Wing,Piston
PIPER,PA-30 Twin Comanche,PA30,Fixed-Wing,Piston
PIPER,PA-31-300 Navajo,PA31,Fixed-Wing,Piston
PIPER,PA-31-310 Navajo,PA31,Fixed-Wing,Piston
PIPER,Archer TX,P28A,Fixed-Wing,Piston
PIPER,PA-28-181 Archer TX,P28A,Fixed-Wing,Piston
PIPER,Turbo Twin Comanche,PA30,Fixed-Wing,Piston
PIPER,Twin Comanche,PA30,Fixed-Wing,Piston
PIPER,Twin Comanche CR,PA30,Fixed-Wing,Piston
PIPER,U-7 Super Cub,PA18,Fixed-Wing,Piston
PIPER,U-11 Aztec,PA27,Fixed-Wing,Piston
PIPER,UC-26 Aztec,PA27,Fixed-Wing,Piston
PIPER,Vagabond (PA-15),PA15,Fixed-Wing,Piston
PIPER,Vagabond (PA-17),PA17,Fixed-Wing,Piston
PIPER,Vagabond Trainer,PA17,Fixed-Wing,Piston
PIPER,Voyager,S108,Fixed-Wing,Piston
PIPER,Warrior 2,P28A,Fixed-Wing,Piston
PIPER,Warrior 3,P28A,Fixed-Wing,Piston
PIPER,PA-31-325 Navajo CR,PA31,Fixed-Wing,Piston
PIPER,PA-31-350 Chieftain,PA31,Fixed-Wing,Piston
PIPER,PA-31-350 Navajo Chieftain,PA31,Fixed-Wing,Piston
PIPER,PA-31-350 T-1020,PA31,Fixed-Wing,Piston
PIPER,PA-31P-350 Mojave,PA31,Fixed-Wing,Piston
PIPER,PA-31P-425 Pressurized Navajo,PA31,Fixed-Wing,Piston
PIPER,PA-31T1-500 Cheyenne 1,PAY1,Fixed-Wing,Turboprop/Turboshaft
PIPER,PA-31T2-620 Cheyenne 2XL,PAY2,Fixed-Wing,Turboprop/Turboshaft
PIPER,PA-31T3-500 T-1040,PAT4,Fixed-Wing,Turboprop/Turboshaft
PIPER,PA-31T-620 Cheyenne,PAY2,Fixed-Wing,Turboprop/Turboshaft
PIPER,PA-31T-620 Cheyenne 2,PAY2,Fixed-Wing,Turboprop/Turboshaft
PIPER,PA-32 6X,PA32,Fixed-Wing,Piston
PIPER,PA-32 6XT,PA32,Fixed-Wing,Piston
PIPER,PA-32 Cherokee Six,PA32,Fixed-Wing,Piston
PIPER,PA-32 Saratoga,PA32,Fixed-Wing,Piston
PIPER,PA-32 Six,PA32,Fixed-Wing,Piston
PIPER,PA-32 Turbo Saratoga,PA32,Fixed-Wing,Piston
PIPER,PA-32R-300 Cherokee Lance,P32R,Fixed-Wing,Piston
PIPER,PA-32R-300 Lance,P32R,Fixed-Wing,Piston
PIPER,PA-32R-301 Saratoga 2 HP,P32R,Fixed-Wing,Piston
PIPER,PA-32R-301 Saratoga SP,P32R,Fixed-Wing,Piston
PIPER,PA-32R-301T Saratoga 2 TC,P32R,Fixed-Wing,Piston
PIPER,PA-32R-301T Turbo Saratoga SP,P32R,Fixed-Wing,Piston
PIPER,PA-32RT-300 Lance 2,P32T,Fixed-Wing,Piston
PIPER,PA-32RT-300T Turbo Lance 2,P32T,Fixed-Wing,Piston
PIPER,PA-34 Seneca,PA34,Fixed-Wing,Piston
PIPER,PA-36 Pawnee Brave,PA36,Fixed-Wing,Piston
PIPER,PA-38 Tomahawk,PA38,Fixed-Wing,Piston
PIPER,PA-39 Twin Comanche CR,PA30,Fixed-Wing,Piston
PIPER,PA-42-720 Cheyenne 3,PAY3,Fixed-Wing,Turboprop/Turboshaft
PIPER,PA-42-1000 Cheyenne 400,PAY4,Fixed-Wing,Turboprop/Turboshaft
PIPER,PA-44 Seminole,PA44,Fixed-Wing,Piston
PIPER,PA-44 Turbo Seminole,PA44,Fixed-Wing,Piston
PIPER,PA-46-310P Malibu,PA46,Fixed-Wing,Piston
PIPER,PA-46-350P Malibu Mirage,PA46,Fixed-Wing,Piston
PIPER,PA-46-500TP Malibu Meridian,P46T,Fixed-Wing,Turboprop/Turboshaft
PIPER,PA-60 Aerostar,AEST,Fixed-Wing,Piston
PIPER,Pacer,PA20,Fixed-Wing,Piston
PIPER,Pawnee,PA25,Fixed-Wing,Piston
PIPER,Pawnee Brave,PA36,Fixed-Wing,Piston
PIPER,Pillán,PILL,Fixed-Wing,Piston
PIPER,Pressurized Navajo,PA31,Fixed-Wing,Piston
PIPER,Saratoga,PA32,Fixed-Wing,Piston
PIPER,Saratoga 2 HP,P32R,Fixed-Wing,Piston
PIPER,Saratoga 2 TC,P32R,Fixed-Wing,Piston
PIPER,Saratoga SP,P32R,Fixed-Wing,Piston
PIPER,Seminole,PA44,Fixed-Wing,Piston
PIPER,Seneca,PA34,Fixed-Wing,Piston
PIPER,Six,PA32,Fixed-Wing,Piston
PIPER,Station Wagon,S108,Fixed-Wing,Piston
PIPER,Super Cruiser,PA12,Fixed-Wing,Piston
PIPER,Super Cub,PA18,Fixed-Wing,Piston
PIPER,T-1020,PA31,Fixed-Wing,Piston
PIPER,T-1040,PAT4,Fixed-Wing,Turboprop/Turboshaft
PIPER,Tomahawk,PA38,Fixed-Wing,Piston
PIPER,Tri-Pacer,PA22,Fixed-Wing,Piston
PIPER,Turbo Aztec,PA27,Fixed-Wing,Piston
PIPER,Turbo Dakota,P28B,Fixed-Wing,Piston
PIPER,Turbo Lance 2,P32T,Fixed-Wing,Piston
PIPER,Turbo Saratoga,PA32,Fixed-Wing,Piston
PIPER,Turbo Saratoga SP,P32R,Fixed-Wing,Piston
PIPER,Turbo Seminole,PA44,Fixed-Wing,Piston
PIPER,PiperSport,CRUZ,Fixed-Wing,Piston
PIPER,PA-28-181 Archer LX,P28A,Fixed-Wing,Piston
PIPER,PA-47 Piper Jet,PA47,Fixed-Wing,Jet
PIPER,PA-47 Piper Jet Altaire,PA47,Fixed-Wing,Jet
PIPER,Archer LX,P28A,Fixed-Wing,Piston
PIPER,Piper Jet,PA47,Fixed-Wing,Jet
PIPER,Piper Jet Altaire,PA47,Fixed-Wing,Jet
PIPER,PA-46-350P M350,PA46,Fixed-Wing,Piston
PIPER,M350,PA46,Fixed-Wing,Piston
PIPER,PA-46-500TP Meridian M500,P46T,Fixed-Wing,Turboprop/Turboshaft
PIPER,Meridian M500,P46T,Fixed-Wing,Turboprop/Turboshaft
PIPER,M500,P46T,Fixed-Wing,Turboprop/Turboshaft
PIPER,PA-46-600TP M600,M600,Fixed-Wing,Turboprop/Turboshaft
PIPER,M600,M600,Fixed-Wing,Turboprop/Turboshaft
PIPER,PA-28R-201T  Turbo Cherokee Arrow 3,P28S,Fixed-Wing,Piston
PIPER,PA-28-181 Pilot,P28A,Fixed-Wing,Piston
PIPER,PA-28-181 Archer DX,P28A,Fixed-Wing,Piston
PIPER,PA-28-181 Archer DLX,P28A,Fixed-Wing,Piston
PIPER,Pilot,P28A,Fixed-Wing,Piston
PIPER,Archer DX,P28A,Fixed-Wing,Piston
PIPER,Archer DLX,P28A,Fixed-Wing,Piston
PIPER,PA-28R-201T Turbo Arrow,P28S,Fixed-Wing,Piston
PIPER,Turbo Cherokee Arrow 3,P28S,Fixed-Wing,Piston
PIPER,Turbo Arrow 3,P28S,Fixed-Wing,Piston
PIPER,Turbo Arrow,P28S,Fixed-Wing,Piston
PIPER,Turbo Arrow 4,P28U,Fixed-Wing,Piston
PIPER,PA-28R-201T Turbo Arrow 3,P28S,Fixed-Wing,Piston
PIPER,PA-28R-201 Arrow,P28R,Fixed-Wing,Piston
PIPER,Arrow,P28R,Fixed-Wing,Piston
PIPER,PA-46R-350T Malibu Matrix,PA46,Fixed-Wing,Piston
PIPER,Malibu Matrix,PA46,Fixed-Wing,Piston
PIPER,PA-28RT-201T Turbo Arrow 4,P28U,Fixed-Wing,Piston
PIPISTREL,Taurus Electro G2,PITE,Fixed-Wing,Electric
PIPISTREL,Taurus 503,PITA,Fixed-Wing,Piston
PIPISTREL,Taurus Electro G4,PIT4,Fixed-Wing,Electric
PIPISTREL,WattsUp,PIAE,Fixed-Wing,Electric
PIPISTREL,Alpha Electro,PIAE,Fixed-Wing,Electric
PIPISTREL,Surveyor,PIVI,Fixed-Wing,Piston
PIPISTREL,Virus (piston),PIVI,Fixed-Wing,Piston
PIPISTREL,Virus (electric),PIVE,Fixed-Wing,Electric
PIPISTREL,Velis Electro,PIVE,Fixed-Wing,Electric
PIPISTREL,Alpha Trainer,PIAT,Fixed-Wing,Piston
PIPISTREL,Taurus Electro,PITE,Fixed-Wing,Electric
PIPISTREL,Panthera,PIPA,Fixed-Wing,Piston
PIPISTREL,Sinus,PISI,Fixed-Wing,Piston
PITCAIRN-CIERVA,PCA-2,PCA2,Gyrocopter,Piston
PITTS,Macho Stinker,PTMS,Fixed-Wing,Piston
PITTS,S-1-11 Super Stinker,PTSS,Fixed-Wing,Piston
PITTS,S-1 Special,PTS1,Fixed-Wing,Piston
PITTS,S-2 Special,PTS2,Fixed-Wing,Piston
PITTS,S-12 Macho Stinker,PTMS,Fixed-Wing,Piston
PITTS,S-12 Super Stinker,PTMS,Fixed-Wing,Piston
PITTS,Special (S-1),PTS1,Fixed-Wing,Piston
PITTS,Special (S-2),PTS2,Fixed-Wing,Piston
PITTS,Super Stinker (S-1-11),PTSS,Fixed-Wing,Piston
PITTS,Super Stinker (S-12),PTMS,Fixed-Wing,Piston
PLAN,Busard,MP20,Fixed-Wing,Piston
PLAN,MP-205 Busard,MP20,Fixed-Wing,Piston
PLAN,MP-207 Busard,MP20,Fixed-Wing,Piston
PLUMB,CJ-3 Cracker Jack,CRAC,Fixed-Wing,Piston
PLUMB,Cracker Jack,CRAC,Fixed-Wing,Piston
POBER,Junior Ace,JACE,Fixed-Wing,Piston
POBER,Super Ace,SACE,Fixed-Wing,Piston
PODESVA,Trener Baby,TRBA,Fixed-Wing,Piston
PODESVA,Bf-109G-2,BF19,Fixed-Wing,Piston
PODESVA,Stearman,PSTM,Fixed-Wing,Piston
PODESVA,TUL-03 Amigo,TUL3,Fixed-Wing,Piston
PODESVA,Amigo,TUL3,Fixed-Wing,Piston
PODESVA,Chico,CHIC,Fixed-Wing,Piston
POLIKARPOV,I-15bis,I15B,Fixed-Wing,Piston
POLIKARPOV,I-16,I16,Fixed-Wing,Piston
POLIKARPOV,I-153,I153,Fixed-Wing,Piston
POLIKARPOV,Po-2,PO2,Fixed-Wing,Piston
POLITECHNIKA WARSZAWSKA,PW-4,PW4,Fixed-Wing,Piston
PORTERFIELD,Collegiate,CP65,Fixed-Wing,Piston
PORTERFIELD,CP-65 Collegiate,CP65,Fixed-Wing,Piston
PORTO,Risen,RISN,Fixed-Wing,Piston
PORTO,Siren,RISN,Fixed-Wing,Piston
POTEZ,60 Sauterelle,PO60,Fixed-Wing,Piston
POTEZ,600 Sauterelle,PO60,Fixed-Wing,Piston
POTEZ,CM-170R Magister,FOUG,Fixed-Wing,Jet
POTEZ,CM-175 Zéphyr,FOUG,Fixed-Wing,Jet
POTEZ,Magister,FOUG,Fixed-Wing,Jet
POTEZ,Sauterelle,PO60,Fixed-Wing,Piston
POTEZ,Zéphyr,FOUG,Fixed-Wing,Jet
POTEZ AIR-FOUGA,CM-170R Magister,FOUG,Fixed-Wing,Jet
POTEZ AIR-FOUGA,CM-175 Zéphyr,FOUG,Fixed-Wing,Jet
POTEZ AIR-FOUGA,Magister,FOUG,Fixed-Wing,Jet
POTEZ AIR-FOUGA,Zéphyr,FOUG,Fixed-Wing,Jet
POTTIER,Amster,P270,Fixed-Wing,Piston
POTTIER,Bleu Citron,P130,Fixed-Wing,Piston
POTTIER,Bouvreuil,P50,Fixed-Wing,Piston
POTTIER,Coati,PT21,Fixed-Wing,Piston
POTTIER,Koala,P220,Fixed-Wing,Piston
POTTIER,Minacro,P60,Fixed-Wing,Piston
POTTIER,P-50 Bouvreuil,P50,Fixed-Wing,Piston
POTTIER,P-60 Minacro,P60,Fixed-Wing,Piston
POTTIER,P-70,P70,Fixed-Wing,Piston
POTTIER,P-80,P80,Fixed-Wing,Piston
POTTIER,P-100,P100,Fixed-Wing,Piston
POTTIER,P-130 Bleu Citron,P130,Fixed-Wing,Piston
POTTIER,P-170,PT70,Fixed-Wing,Piston
POTTIER,P-180,PT80,Fixed-Wing,Piston
POTTIER,P-210 Coati,PT21,Fixed-Wing,Piston
POTTIER,P-220 Koala,P220,Fixed-Wing,Piston
POTTIER,P-230 Panda,P230,Fixed-Wing,Piston
POTTIER,P-270 Amster,P270,Fixed-Wing,Piston
POTTIER,Panda,P230,Fixed-Wing,Piston
POWELL,Acey Deucy,ACED,Fixed-Wing,Piston
POWELL,P-70 Acey Deucy,ACED,Fixed-Wing,Piston
PRACTAVIA,Sprite,SPRT,Fixed-Wing,Piston
PRESCOTT,Pusher,PUSH,Fixed-Wing,Piston
PRESTIGE,Storm Rally,SGRA,Fixed-Wing,Piston
PRIVATE EXPLORER,T-Explorer,PRXT,Fixed-Wing,Turboprop/Turboshaft
PRIVATE EXPLORER,Private Explorer,PREX,Fixed-Wing,Piston
PRO-COMPOSITES,Personal Cruiser,PECR,Fixed-Wing,Piston
PRO-COMPOSITES,Vision,VISI,Fixed-Wing,Piston
PROCAER,F-15 Picchio,PICO,Fixed-Wing,Piston
PROCAER,Picchio,PICO,Fixed-Wing,Piston
PROFESSIONAL AVIATION,C-47TP Super Dakota,DC3T,Fixed-Wing,Turboprop/Turboshaft
PROFESSIONAL AVIATION,Jet Prop DC-3,DC3T,Fixed-Wing,Turboprop/Turboshaft
PROFESSIONAL AVIATION,Super Dakota,DC3T,Fixed-Wing,Turboprop/Turboshaft
PROGRESS,Rysachok,RYSA,Fixed-Wing,Turboprop/Turboshaft
PROGRESSIVE AERODYNE,SeaRey,SREY,Amphibian,Piston
PROMAVIA,F-1300 Jet Squalus,JSQA,Fixed-Wing,Jet
PROMAVIA,Jet Squalus,JSQA,Fixed-Wing,Jet
PROTECH,ProStar,SASY,Fixed-Wing,Piston
PROTECH,PT-2 ProStar,SASY,Fixed-Wing,Piston
PROTECH,PT-2 Sassy,SASY,Fixed-Wing,Piston
PROTECH,Sassy,SASY,Fixed-Wing,Piston
PROWLER,Jaguar,PROW,Fixed-Wing,Piston
PROWLER,Prowler,PROW,Fixed-Wing,Piston
PULSAR,Pulsar,PULS,Fixed-Wing,Piston
PULSAR,Sport 150,KIS2,Fixed-Wing,Piston
PULSAR,Super Cruiser,KIS4,Fixed-Wing,Piston
PULSAR,Super Pulsar 100,PULS,Fixed-Wing,Piston
PULSAR,Super Pulsar 600,PUL6,Fixed-Wing,Piston
PUTZER,Elster,ELST,Fixed-Wing,Piston
PZL-MIELEC,Air Wolf,M26,Fixed-Wing,Piston
PZL-MIELEC,An-2 Antek,AN2,Fixed-Wing,Piston
PZL-MIELEC,An-28,AN28,Fixed-Wing,Turboprop/Turboshaft
PZL-MIELEC,An-28 Bryza,AN28,Fixed-Wing,Turboprop/Turboshaft
PZL-MIELEC,Antek,AN2,Fixed-Wing,Piston
PZL-MIELEC,Belphegor,M15,Fixed-Wing,Jet
PZL-MIELEC,Bies,TS8,Fixed-Wing,Piston
PZL-MIELEC,CSS-13,PO2,Fixed-Wing,Piston
PZL-MIELEC,Dromader,M18,Fixed-Wing,Piston
PZL-MIELEC,Dromader Mini,M21,Fixed-Wing,Piston
PZL-MIELEC,Dromader Super,M24,Fixed-Wing,Piston
PZL-MIELEC,Gemini,PA34,Fixed-Wing,Piston
PZL-MIELEC,I-22 Iryda,I22,Fixed-Wing,Jet
PZL-MIELEC,Iryda,I22,Fixed-Wing,Jet
PZL-MIELEC,Iskierka,M26,Fixed-Wing,Piston
PZL-MIELEC,Iskra,TS11,Fixed-Wing,Jet
PZL-MIELEC,LiM-1,MG15,Fixed-Wing,Jet
PZL-MIELEC,LiM-2,MG15,Fixed-Wing,Jet
PZL-MIELEC,LiM-5,MG17,Fixed-Wing,Jet
PZL-MIELEC,LiM-6,MG17,Fixed-Wing,Jet
PZL-MIELEC,M-15 Belphegor,M15,Fixed-Wing,Jet
PZL-MIELEC,M-18 Dromader,M18,Fixed-Wing,Piston
PZL-MIELEC,M-18 Turbine Dromader,M18T,Fixed-Wing,Turboprop/Turboshaft
PZL-MIELEC,M-20 Gemini,PA34,Fixed-Wing,Piston
PZL-MIELEC,M-20 Mewa,PA34,Fixed-Wing,Piston
PZL-MIELEC,M-21 Dromader Mini,M21,Fixed-Wing,Piston
PZL-MIELEC,M-24 Dromader Super,M24,Fixed-Wing,Piston
PZL-MIELEC,M-26 Air Wolf,M26,Fixed-Wing,Piston
PZL-MIELEC,M-26 Iskierka,M26,Fixed-Wing,Piston
PZL-MIELEC,M-28 Bryza (TWD-10 engines),AN28,Fixed-Wing,Turboprop/Turboshaft
PZL-MIELEC,M-93 Iryda,I22,Fixed-Wing,Jet
PZL-MIELEC,M-96 Iryda,I22,Fixed-Wing,Jet
PZL-MIELEC,Mewa,PA34,Fixed-Wing,Piston
PZL-MIELEC,SBLiM-1,MG15,Fixed-Wing,Jet
PZL-MIELEC,SBLiM-2,MG15,Fixed-Wing,Jet
PZL-MIELEC,TS-8 Bies,TS8,Fixed-Wing,Piston
PZL-MIELEC,TS-11 Iskra,TS11,Fixed-Wing,Jet
PZL-MIELEC,Turbine Dromader,M18T,Fixed-Wing,Turboprop/Turboshaft
PZL-MIELEC,M-28 Skytruck,M28,Fixed-Wing,Turboprop/Turboshaft
PZL-MIELEC,M-28 Bryza (PT6A engines),M28,Fixed-Wing,Turboprop/Turboshaft
PZL-MIELEC,Bryza (TWD-10 engines),AN28,Fixed-Wing,Turboprop/Turboshaft
PZL-MIELEC,Bryza (PT6A engines),M28,Fixed-Wing,Turboprop/Turboshaft
PZL-MIELEC,Skytruck,M28,Fixed-Wing,Turboprop/Turboshaft
PZL-MIELEC,C-145,M28,Fixed-Wing,Turboprop/Turboshaft
PZL-OKECIE,PZL-104M Wilga 2000,PZ4M,Fixed-Wing,Piston
PZL-OKECIE,PZL-105 Flaming,PZ05,Fixed-Wing,Piston
PZL-OKECIE,PZL-106A Kruk,PZ06,Fixed-Wing,Piston
PZL-OKECIE,PZL-106AR Kruk,PZ06,Fixed-Wing,Piston
PZL-OKECIE,PZL-106AS Kruk,PZ06,Fixed-Wing,Piston
PZL-OKECIE,PZL-106AT Turbo Javelin,PZ6T,Fixed-Wing,Turboprop/Turboshaft
PZL-OKECIE,PZL-106AT Turbo Kruk,PZ6T,Fixed-Wing,Turboprop/Turboshaft
PZL-OKECIE,PZL-106B Kruk,PZ06,Fixed-Wing,Piston
PZL-OKECIE,PZL-106BR Kruk,PZ06,Fixed-Wing,Piston
PZL-OKECIE,PZL-106BS Kruk,PZ06,Fixed-Wing,Piston
PZL-OKECIE,PZL-106BT Turbo Javelin,PZ6T,Fixed-Wing,Turboprop/Turboshaft
PZL-OKECIE,PZL-106BT Turbo Kruk,PZ6T,Fixed-Wing,Turboprop/Turboshaft
PZL-OKECIE,PZL-110 Koliber,RALL,Fixed-Wing,Piston
PZL-OKECIE,PZL-110 Koliber 150,RALL,Fixed-Wing,Piston
PZL-OKECIE,PZL-110 Koliber 160,RALL,Fixed-Wing,Piston
PZL-OKECIE,PZL-111 Koliber 235,RALL,Fixed-Wing,Piston
PZL-OKECIE,PZL-111 Koliber Senior,RALL,Fixed-Wing,Piston
PZL-OKECIE,PZL-112 Junior,PZ12,Fixed-Wing,Piston
PZL-OKECIE,PZL-112 Koliber Junior,PZ12,Fixed-Wing,Piston
PZL-OKECIE,PZL-126 Mrówka,PZ26,Fixed-Wing,Piston
PZL-OKECIE,PZL-130 Orlik,PZ3T,Fixed-Wing,Turboprop/Turboshaft
PZL-OKECIE,Turbo Javelin,PZ6T,Fixed-Wing,Turboprop/Turboshaft
PZL-OKECIE,Turbo Kruk,PZ6T,Fixed-Wing,Turboprop/Turboshaft
PZL-OKECIE,Wilga 35,PZ04,Fixed-Wing,Piston
PZL-OKECIE,Wilga 80,PZ04,Fixed-Wing,Piston
PZL-OKECIE,Wilga 2000,PZ4M,Fixed-Wing,Piston
PZL-OKECIE,Yak-12,YK12,Fixed-Wing,Piston
PZL-OKECIE,CSS-13,PO2,Fixed-Wing,Piston
PZL-OKECIE,Flaming,PZ05,Fixed-Wing,Piston
PZL-OKECIE,Gawron,PZ01,Fixed-Wing,Piston
PZL-OKECIE,Junior,PZ12,Fixed-Wing,Piston
PZL-OKECIE,Koliber 150,RALL,Fixed-Wing,Piston
PZL-OKECIE,Koliber 160,RALL,Fixed-Wing,Piston
PZL-OKECIE,Koliber 235,RALL,Fixed-Wing,Piston
PZL-OKECIE,Koliber Junior,PZ12,Fixed-Wing,Piston
PZL-OKECIE,Koliber Senior,RALL,Fixed-Wing,Piston
PZL-OKECIE,Kos,PZ02,Fixed-Wing,Piston
PZL-OKECIE,Kruk,PZ06,Fixed-Wing,Piston
PZL-OKECIE,Mrówka,PZ26,Fixed-Wing,Piston
PZL-OKECIE,Orlik,PZ3T,Fixed-Wing,Turboprop/Turboshaft
PZL-OKECIE,PZL-101 Gawron,PZ01,Fixed-Wing,Piston
PZL-OKECIE,PZL-102 Kos,PZ02,Fixed-Wing,Piston
PZL-OKECIE,PZL-104 Wilga 35,PZ04,Fixed-Wing,Piston
PZL-OKECIE,PZL-104 Wilga 80,PZ04,Fixed-Wing,Piston
PZL-SWIDNIK,Anakonda,W3,Helicopter,Turboprop/Turboshaft
PZL-SWIDNIK,Bazant,MI2,Helicopter,Turboprop/Turboshaft
PZL-SWIDNIK,Erka,W3,Helicopter,Turboprop/Turboshaft
PZL-SWIDNIK,Gipsowka,W3,Helicopter,Turboprop/Turboshaft
PZL-SWIDNIK,Huzar,W3,Helicopter,Turboprop/Turboshaft
PZL-SWIDNIK,I-23 Manager,I23,Fixed-Wing,Piston
PZL-SWIDNIK,Kania,MI2,Helicopter,Turboprop/Turboshaft
PZL-SWIDNIK,Kitty Hawk,MI2,Helicopter,Turboprop/Turboshaft
PZL-SWIDNIK,Maluch,PSW4,Helicopter,Turboprop/Turboshaft
PZL-SWIDNIK,Manager,I23,Fixed-Wing,Piston
PZL-SWIDNIK,Mi-2,MI2,Helicopter,Turboprop/Turboshaft
PZL-SWIDNIK,Mi-2 Bazant,MI2,Helicopter,Turboprop/Turboshaft
PZL-SWIDNIK,Mi-2 Kania,MI2,Helicopter,Turboprop/Turboshaft
PZL-SWIDNIK,Mi-2 Kitty Hawk,MI2,Helicopter,Turboprop/Turboshaft
PZL-SWIDNIK,Procjon,W3,Helicopter,Turboprop/Turboshaft
PZL-SWIDNIK,S-1 Procjon,W3,Helicopter,Turboprop/Turboshaft
PZL-SWIDNIK,Sokól,W3,Helicopter,Turboprop/Turboshaft
PZL-SWIDNIK,SRR-10 Procjon,W3,Helicopter,Turboprop/Turboshaft
PZL-SWIDNIK,SW-4 Maluch,PSW4,Helicopter,Turboprop/Turboshaft
PZL-SWIDNIK,W-3 Anakonda,W3,Helicopter,Turboprop/Turboshaft
PZL-SWIDNIK,W-3 Erka,W3,Helicopter,Turboprop/Turboshaft
PZL-SWIDNIK,W-3 Gipsowka,W3,Helicopter,Turboprop/Turboshaft
PZL-SWIDNIK,W-3 Huzar,W3,Helicopter,Turboprop/Turboshaft
PZL-SWIDNIK,W-3 Sokól,W3,Helicopter,Turboprop/Turboshaft
PZL-SWIDNIK,W-3 Gluszec,W3,Helicopter,Turboprop/Turboshaft
PZL-SWIDNIK,Gluszec,W3,Helicopter,Turboprop/Turboshaft
PZL-SWIDNIK,SW-4,PSW4,Helicopter,Turboprop/Turboshaft
PZL-SWIDNIK,SW-4 Puszczyk,PSW4,Helicopter,Turboprop/Turboshaft
PZL-SWIDNIK,Puszczyk,PSW4,Helicopter,Turboprop/Turboshaft
PZL-SWIDNIK,AW-009,PSW4,Helicopter,Turboprop/Turboshaft
QINGDAO,B-2,BRB2,Helicopter,Piston
QUARTZ MOUNTAIN,11E,L11E,Fixed-Wing,Piston
QUASAR,Quasar Lite,QUAS,Fixed-Wing,Piston
QUERCY,CQR-01,QR01,Fixed-Wing,Piston
QUEST,Kodiak 100,K100,Fixed-Wing,Turboprop/Turboshaft
QUEST,Kodiak 200,K200,Fixed-Wing,Turboprop/Turboshaft
QUESTAIR,M-20 Venture,VTUR,Fixed-Wing,Piston
QUESTAIR,Spirit,SPIR,Fixed-Wing,Piston
QUESTAIR,Venture,VTUR,Fixed-Wing,Piston
QUICKIE,Quickie,QUIC,Fixed-Wing,Piston
QUICKIE,Quickie Q2,QIC2,Fixed-Wing,Piston
QUICKIE,Quickie Q200,QIC2,Fixed-Wing,Piston
QUIKKIT,Glass Goose,GOOS,Amphibian,Piston
R & B,Bearhawk,BEAR,Fixed-Wing,Piston
R & B,Bearhawk Patrol,BPAT,Fixed-Wing,Piston
R & B,RB-4 Bearhawk,BEAR,Fixed-Wing,Piston
RACA,500,H500,Helicopter,Turboprop/Turboshaft
RADAB,Windex,WDEX,Fixed-Wing,Piston
RAF,SE-5A,SE5A,Fixed-Wing,Piston
RAF,SE-5A Replica,SE5A,Fixed-Wing,Piston
RAGWING,RW-19 Stork,RW19,Fixed-Wing,Piston
RAGWING,RW-20 Stork,RW20,Fixed-Wing,Piston
RAGWING,RW-22 Tiger Moth,RW22,Fixed-Wing,Piston
RAGWING,RW-26 Special 2,RW26,Fixed-Wing,Piston
RAGWING,Special 2,RW26,Fixed-Wing,Piston
RAGWING,Stork (RW-19),RW19,Fixed-Wing,Piston
RAGWING,Stork (RW-20),RW20,Fixed-Wing,Piston
RAGWING,Tiger Moth,RW22,Fixed-Wing,Piston
RAINBOW,Cheetah,CTAH,Fixed-Wing,Piston
RAINBOW SKYREACH,Cheetah,CTAH,Fixed-Wing,Piston
RAINBOW SKYREACH,BushCat,BUSH,Fixed-Wing,Piston
RAJ HAMSA,X-AIR H Hanuman,XA85,Fixed-Wing,Piston
RAJ HAMSA,X-AIR Hawk,XA85,Fixed-Wing,Piston
RAJ HAMSA,X-AIR S,XAIR,Fixed-Wing,Piston
RAJ HAMSA,X-AIR F Gumnam,XAIR,Fixed-Wing,Piston
RAJ HAMSA,X-AIR Falcon,XAIR,Fixed-Wing,Piston
RAJ HAMSA,XA-85 X-Air LS,XA85,Fixed-Wing,Piston
RAJ HAMSA,X-Air LS,XA85,Fixed-Wing,Piston
RAND,KR-1,KR1,Fixed-Wing,Piston
RAND,KR-2,KR2,Fixed-Wing,Piston
RANS,Airaile,RS12,Fixed-Wing,Piston
RANS,Courier,CRER,Fixed-Wing,Piston
RANS,Coyote 2,COY2,Fixed-Wing,Piston
RANS,Pursuit,PURS,Fixed-Wing,Piston
RANS,S-6 Coyote 2,COY2,Fixed-Wing,Piston
RANS,S-7 Courier,CRER,Fixed-Wing,Piston
RANS,S-10 Sakota,SAKO,Fixed-Wing,Piston
RANS,S-11 Pursuit,PURS,Fixed-Wing,Piston
RANS,S-12 Airaile,RS12,Fixed-Wing,Piston
RANS,S-12 Super Airaile,RS12,Fixed-Wing,Piston
RANS,S-16 Shekari,SHEK,Fixed-Wing,Piston
RANS,Sakota,SAKO,Fixed-Wing,Piston
RANS,Shekari,SHEK,Fixed-Wing,Piston
RANS,Super Airaile,RS12,Fixed-Wing,Piston
RANS,S-19 Venterra,VTRA,Fixed-Wing,Piston
RANS,Venterra,VTRA,Fixed-Wing,Piston
RANS,S-20 Raven,RS20,Fixed-Wing,Piston
RANS,Raven,RS20,Fixed-Wing,Piston
RANS,S-21 Outbound,RS21,Fixed-Wing,Piston
RANS,Outbound,RS21,Fixed-Wing,Piston
RAVIN,Ravin 300,RAV3,Fixed-Wing,Piston
RAVIN,Ravin 500,RAV5,Fixed-Wing,Piston
RAYTHEON,33 Bonanza,BE33,Fixed-Wing,Piston
RAYTHEON,36 Bonanza (turbine),B36T,Fixed-Wing,Turboprop/Turboshaft
RAYTHEON,58 Baron,BE58,Fixed-Wing,Piston
RAYTHEON,90 King Air,BE9L,Fixed-Wing,Turboprop/Turboshaft
RAYTHEON,200 Super King Air,BE20,Fixed-Wing,Turboprop/Turboshaft
RAYTHEON,300 (B300) Super King Air 350,B350,Fixed-Wing,Turboprop/Turboshaft
RAYTHEON,300 Super King Air,BE30,Fixed-Wing,Turboprop/Turboshaft
RAYTHEON,390 Premier 1,PRM1,Fixed-Wing,Jet
RAYTHEON,1900,B190,Fixed-Wing,Turboprop/Turboshaft
RAYTHEON,2000 Starship,STAR,Fixed-Wing,Turboprop/Turboshaft
RAYTHEON,3000 Harvard 2,TEX2,Fixed-Wing,Turboprop/Turboshaft
RAYTHEON,3000 Texan 2,TEX2,Fixed-Wing,Turboprop/Turboshaft
RAYTHEON,4000 Hawker 4000,HA4T,Fixed-Wing,Jet
RAYTHEON,4000 Hawker Horizon,HA4T,Fixed-Wing,Jet
RAYTHEON,Baron,BE58,Fixed-Wing,Piston
RAYTHEON,Bonanza (33),BE33,Fixed-Wing,Piston
RAYTHEON,"Bonanza (36, turbine)",B36T,Fixed-Wing,Turboprop/Turboshaft
RAYTHEON,C-12 Huron,BE20,Fixed-Wing,Turboprop/Turboshaft
RAYTHEON,CT-156 Harvard 2,TEX2,Fixed-Wing,Turboprop/Turboshaft
RAYTHEON,Harvard 2,TEX2,Fixed-Wing,Turboprop/Turboshaft
RAYTHEON,Hawker 800,H25B,Fixed-Wing,Jet
RAYTHEON,Hawker 850,H25B,Fixed-Wing,Jet
RAYTHEON,Hawker 1000,H25C,Fixed-Wing,Jet
RAYTHEON,A36 Chofit,BE36,Fixed-Wing,Piston
RAYTHEON,Hawker 4000,HA4T,Fixed-Wing,Jet
RAYTHEON,Hawker Horizon,HA4T,Fixed-Wing,Jet
RAYTHEON,Jayhawk,BE40,Fixed-Wing,Jet
RAYTHEON,King Air,BE9L,Fixed-Wing,Turboprop/Turboshaft
RAYTHEON,LR-2 Super King Air 350,B350,Fixed-Wing,Turboprop/Turboshaft
RAYTHEON,Premier 1,PRM1,Fixed-Wing,Jet
RAYTHEON,Sentinel,GLEX,Fixed-Wing,Jet
RAYTHEON,Starship,STAR,Fixed-Wing,Turboprop/Turboshaft
RAYTHEON,Super King Air 350,B350,Fixed-Wing,Turboprop/Turboshaft
RAYTHEON,Super King Air (200),BE20,Fixed-Wing,Turboprop/Turboshaft
RAYTHEON,Super King Air (300),BE30,Fixed-Wing,Turboprop/Turboshaft
RAYTHEON,T-1 Jayhawk,BE40,Fixed-Wing,Jet
RAYTHEON,T-6 Texan 2,TEX2,Fixed-Wing,Turboprop/Turboshaft
RAYTHEON,Texan 2,TEX2,Fixed-Wing,Turboprop/Turboshaft
RAYTHEON,U-125,H25B,Fixed-Wing,Jet
RAYTHEON,A36 Bonanza 36,BE36,Fixed-Wing,Piston
RAYTHEON,Bonanza (G36),BE36,Fixed-Wing,Piston
RAYTHEON,Chofit,BE36,Fixed-Wing,Piston
RAYTHEON,G36 Bonanza,BE36,Fixed-Wing,Piston
RAYTHEON,B36TC Bonanza,BT36,Fixed-Wing,Piston
RAYTHEON,Bonanza (B36TC),BT36,Fixed-Wing,Piston
RAYTHEON,400A Beechjet,BE40,Fixed-Wing,Jet
RAYTHEON,Hawker 400XP,BE40,Fixed-Wing,Jet
RAYTHEON,400T Jayhawk,BE40,Fixed-Wing,Jet
RAYTHEON,400T TX,BE40,Fixed-Wing,Jet
RAYTHEON,TX,BE40,Fixed-Wing,Jet
RAYTHEON,T-400,BE40,Fixed-Wing,Jet
RAYTHEON,Beechjet (400A),BE40,Fixed-Wing,Jet
RAYTHEON,Beechjet (400XT/400XPR),BE4W,Fixed-Wing,Jet
RAYTHEON,400XT Beechjet,BE4W,Fixed-Wing,Jet
RAYTHEON,400XPR Beechjet,BE4W,Fixed-Wing,Jet
RAYTHEON,Hawker 400XT,BE4W,Fixed-Wing,Jet
RAYTHEON,Hawker 400XPR,BE4W,Fixed-Wing,Jet
RAYTHEON,Bonanza 36,BE36,Fixed-Wing,Piston
REALITY,Escapade,ESCP,Fixed-Wing,Piston
REARWIN,175 Skyranger,SKYR,Fixed-Wing,Piston
REARWIN,180 Skyranger,SKYR,Fixed-Wing,Piston
REARWIN,7000 Sportster,SPST,Fixed-Wing,Piston
REARWIN,8500 Sportster,SPST,Fixed-Wing,Piston
REARWIN,9000 Sportster,SPST,Fixed-Wing,Piston
REARWIN,Skyranger,SKYR,Fixed-Wing,Piston
REARWIN,Sportster,SPST,Fixed-Wing,Piston
REARWIN,2000 Ken-Royce,KERO,Fixed-Wing,Piston
REARWIN,Ken-Royce,KERO,Fixed-Wing,Piston
REARWIN,6000 Speedster,SPDR,Fixed-Wing,Piston
REARWIN,Speedster,SPDR,Fixed-Wing,Piston
REARWIN,8090 Cloudster,CLDS,Fixed-Wing,Piston
REARWIN,8125 Cloudster,CLDS,Fixed-Wing,Piston
REARWIN,8135 Cloudster,CLDS,Fixed-Wing,Piston
REARWIN,Cloudster,CLDS,Fixed-Wing,Piston
REARWIN,190 Skyranger,SKYR,Fixed-Wing,Piston
REDA,Pony,PONY,Amphibian,Piston
REDFERN,DH-2,RDH2,Fixed-Wing,Piston
REDFERN,Fokker Dr-1,DR1,Fixed-Wing,Piston
REDFERN,Nieuport 17,NPOR,Fixed-Wing,Piston
REDFERN,Nieuport 24,NPOR,Fixed-Wing,Piston
REFLEX,Lightning Bug,LBUG,Fixed-Wing,Piston
REFLEX,White Lightning,WHIL,Fixed-Wing,Piston
REFLEX,WLAC-1 White Lightning,WHIL,Fixed-Wing,Piston
REIMS,Aerobat (FA150/FRA150),C150,Fixed-Wing,Piston
REIMS,Aerobat (FA152),C152,Fixed-Wing,Piston
REIMS,Caravan 2,F406,Fixed-Wing,Turboprop/Turboshaft
REIMS,Cardinal RG,C77R,Fixed-Wing,Piston
REIMS,Commuter,C150,Fixed-Wing,Piston
REIMS,F150,C150,Fixed-Wing,Piston
REIMS,F150 Commuter,C150,Fixed-Wing,Piston
REIMS,F152,C152,Fixed-Wing,Piston
REIMS,F172,C172,Fixed-Wing,Piston
REIMS,F172 Skyhawk,C172,Fixed-Wing,Piston
REIMS,F177RG Cardinal RG,C77R,Fixed-Wing,Piston
REIMS,F182 Skylane,C182,Fixed-Wing,Piston
REIMS,F207,C207,Fixed-Wing,Piston
REIMS,F337 Super Skymaster,C337,Fixed-Wing,Piston
REIMS,F406 Caravan 2,F406,Fixed-Wing,Turboprop/Turboshaft
REIMS,F406 Vigilant,F406,Fixed-Wing,Turboprop/Turboshaft
REIMS,FA150 Aerobat,C150,Fixed-Wing,Piston
REIMS,FA152 Aerobat,C152,Fixed-Wing,Piston
REIMS,FP172,C172,Fixed-Wing,Piston
REIMS,FP337 Pressurized Skymaster,P337,Fixed-Wing,Piston
REIMS,FR172 Hawk XP,C172,Fixed-Wing,Piston
REIMS,FR172 Reims Rocket,C172,Fixed-Wing,Piston
REIMS,FR182 Skylane RG,C82R,Fixed-Wing,Piston
REIMS,FRA150 Aerobat,C150,Fixed-Wing,Piston
REIMS,FT337E Turbo Super Skymaster,C337,Fixed-Wing,Piston
REIMS,FT337F Turbo Super Skymaster,C337,Fixed-Wing,Piston
REIMS,FT337G Pressurized Skymaster,P337,Fixed-Wing,Piston
REIMS,FTB337 Milirole,C337,Fixed-Wing,Piston
REIMS,Hawk XP,C172,Fixed-Wing,Piston
REIMS,Milirole,C337,Fixed-Wing,Piston
REIMS,Reims Rocket,C172,Fixed-Wing,Piston
REIMS,Skyhawk,C172,Fixed-Wing,Piston
REIMS,Skylane,C182,Fixed-Wing,Piston
REIMS,Skylane RG,C82R,Fixed-Wing,Piston
REIMS,Super Skymaster,C337,Fixed-Wing,Piston
REIMS,Turbo Super Skymaster,C337,Fixed-Wing,Piston
REIMS,Vigilant,F406,Fixed-Wing,Turboprop/Turboshaft
REINER STEMME,Q-01,Q01,Fixed-Wing,Piston
REINSDORF,325,XA42,Fixed-Wing,Piston
REMOS,GX,GX,Fixed-Wing,Piston
REMOS,G-3 Mirage,G3,Fixed-Wing,Piston
REMOS,Mirage,G3,Fixed-Wing,Piston
RENAISSANCE (1),Berkut,BKUT,Fixed-Wing,Piston
RENAISSANCE (2),8,L8,Fixed-Wing,Piston
RENARD,CP-301 Emeraude,CP30,Fixed-Wing,Piston
RENARD,D-112,D11,Fixed-Wing,Piston
RENARD,Emeraude,CP30,Fixed-Wing,Piston
REPLICA PLANS,SE-5A Replica,SE5R,Fixed-Wing,Piston
REPUBLIC,Alouette 2,ALO2,Helicopter,Turboprop/Turboshaft
REPUBLIC,F-47 Thunderbolt,P47,Fixed-Wing,Piston
REPUBLIC,P-47 Thunderbolt,P47,Fixed-Wing,Piston
REPUBLIC,RC-3 Seabee,RC3,Amphibian,Piston
REPUBLIC,SE-3130 Alouette 2,ALO2,Helicopter,Turboprop/Turboshaft
REPUBLIC,Seabee,RC3,Amphibian,Piston
REPUBLIC,Thunderbolt,P47,Fixed-Wing,Piston
REVOLUTION,Voyager-500,V500,Helicopter,Piston
RHEIN,Fanliner,FANL,Fixed-Wing,Piston
RHEIN,Fantrainer,FANT,Fixed-Wing,Turboprop/Turboshaft
RHEIN,FL-1 Fanliner,FANL,Fixed-Wing,Piston
RHEIN,Multoplane,RW3,Fixed-Wing,Piston
RHEIN,Passat,RW3,Fixed-Wing,Piston
RHEIN,RW-3 Multoplane,RW3,Fixed-Wing,Piston
RHEIN,RW-3 Passat,RW3,Fixed-Wing,Piston
RHEIN,Sirius 2,SIR2,Fixed-Wing,Piston
RHEIN-WEST-FLUG,Multoplane,RW3,Fixed-Wing,Piston
RHEIN-WEST-FLUG,RW-3 Multoplane,RW3,Fixed-Wing,Piston
RIHN,DR-107 One Design,RODS,Fixed-Wing,Piston
RIHN,DR-109 Rhino,R109,Fixed-Wing,Piston
RIHN,One Design,RODS,Fixed-Wing,Piston
RIHN,Rhino,R109,Fixed-Wing,Piston
RILEY,55 Twin Navion,TNAV,Fixed-Wing,Piston
RILEY,65,C310,Fixed-Wing,Piston
RILEY,Dove 400,DOVE,Fixed-Wing,Piston
RILEY,Executive 400,DOVE,Fixed-Wing,Piston
RILEY,Heron,HERN,Fixed-Wing,Piston
RILEY,Rocket,C310,Fixed-Wing,Piston
RILEY,Rocket 340,C340,Fixed-Wing,Piston
RILEY,Rocket P210,P210,Fixed-Wing,Piston
RILEY,Rocket Power 414,C414,Fixed-Wing,Piston
RILEY,Super 310,C310,Fixed-Wing,Piston
RILEY,Super 340,C340,Fixed-Wing,Piston
RILEY,Super P210,P210,Fixed-Wing,Piston
RILEY,Turbine Eagle 421,C21T,Fixed-Wing,Turboprop/Turboshaft
RILEY,Turbine Rocket 421,C21T,Fixed-Wing,Turboprop/Turboshaft
RILEY,Turbo-Rocket,C310,Fixed-Wing,Piston
RILEY,Turbostream,C310,Fixed-Wing,Piston
RILEY,Twin Navion,TNAV,Fixed-Wing,Piston
RIMOWA,F-13 Replica,F13,Fixed-Wing,Piston
RLU,Breezy,RLU1,Fixed-Wing,Piston
RLU,RLU-1 Breezy,RLU1,Fixed-Wing,Piston
ROBIN,2+2 (DR-300),DR30,Fixed-Wing,Piston
ROBIN,2+2 (DR-400),DR40,Fixed-Wing,Piston
ROBIN,Acrobin,HR20,Fixed-Wing,Piston
ROBIN,Aiglon,R100,Fixed-Wing,Piston
ROBIN,Alpha,R200,Fixed-Wing,Piston
ROBIN,Alpha Sport,R200,Fixed-Wing,Piston
ROBIN,ATL,ATL,Fixed-Wing,Piston
ROBIN,Cadet,DR40,Fixed-Wing,Piston
ROBIN,Chevalier (DR-360),DR30,Fixed-Wing,Piston
ROBIN,Chevalier (DR-400),DR40,Fixed-Wing,Piston
ROBIN,Dauphin 2+2,DR40,Fixed-Wing,Piston
ROBIN,Dauphin 4,DR40,Fixed-Wing,Piston
ROBIN,Dauphin 80,DR40,Fixed-Wing,Piston
ROBIN,DR-300,DR30,Fixed-Wing,Piston
ROBIN,DR-300 2+2,DR30,Fixed-Wing,Piston
ROBIN,DR-315 Petit Prince,DR30,Fixed-Wing,Piston
ROBIN,DR-340 Major,DR30,Fixed-Wing,Piston
ROBIN,DR-360 Chevalier,DR30,Fixed-Wing,Piston
ROBIN,DR-380 Prince,DR30,Fixed-Wing,Piston
ROBIN,DR-400 2+2,DR40,Fixed-Wing,Piston
ROBIN,DR-400 Cadet,DR40,Fixed-Wing,Piston
ROBIN,DR-400 Chevalier,DR40,Fixed-Wing,Piston
ROBIN,DR-400 Dauphin 2+2,DR40,Fixed-Wing,Piston
ROBIN,DR-400 Dauphin 4,DR40,Fixed-Wing,Piston
ROBIN,DR-400 Dauphin 80,DR40,Fixed-Wing,Piston
ROBIN,DR-400 Earl,DR40,Fixed-Wing,Piston
ROBIN,DR-400 Major,DR40,Fixed-Wing,Piston
ROBIN,DR-400 Major 80,DR40,Fixed-Wing,Piston
ROBIN,DR-400 Petit Prince,DR40,Fixed-Wing,Piston
ROBIN,DR-400 Regent,DR40,Fixed-Wing,Piston
ROBIN,DR-400 Remo 180,DR40,Fixed-Wing,Piston
ROBIN,DR-400 Remo 200,DR40,Fixed-Wing,Piston
ROBIN,DR-400 Remo 212,DR40,Fixed-Wing,Piston
ROBIN,DR-400 Remorqueur,DR40,Fixed-Wing,Piston
ROBIN,DR-500 President,DR40,Fixed-Wing,Piston
ROBIN,Earl,DR40,Fixed-Wing,Piston
ROBIN,HR-100 President,HR10,Fixed-Wing,Piston
ROBIN,HR-100 Royal,HR10,Fixed-Wing,Piston
ROBIN,HR-100 Safari,HR10,Fixed-Wing,Piston
ROBIN,HR-100 Tiara,HR10,Fixed-Wing,Piston
ROBIN,HR-200,HR20,Fixed-Wing,Piston
ROBIN,HR-200 Acrobin,HR20,Fixed-Wing,Piston
ROBIN,Major 80,DR40,Fixed-Wing,Piston
ROBIN,Major (DR-340),DR30,Fixed-Wing,Piston
ROBIN,Major (DR-400),DR40,Fixed-Wing,Piston
ROBIN,Petit Prince (DR-315),DR30,Fixed-Wing,Piston
ROBIN,Petit Prince (DR-400),DR40,Fixed-Wing,Piston
ROBIN,President (DR-500),DR40,Fixed-Wing,Piston
ROBIN,President (HR-100),HR10,Fixed-Wing,Piston
ROBIN,Prince,DR30,Fixed-Wing,Piston
ROBIN,R-200,HR20,Fixed-Wing,Piston
ROBIN,R-300,R300,Fixed-Wing,Piston
ROBIN,R-1180 Aiglon,R100,Fixed-Wing,Piston
ROBIN,R-2100 Super Club,R200,Fixed-Wing,Piston
ROBIN,R-2112 Alpha,R200,Fixed-Wing,Piston
ROBIN,R-2120 Alpha,R200,Fixed-Wing,Piston
ROBIN,R-2160 Alpha Sport,R200,Fixed-Wing,Piston
ROBIN,R-3000,R300,Fixed-Wing,Piston
ROBIN,R-3100,R300,Fixed-Wing,Piston
ROBIN,R-3120,R300,Fixed-Wing,Piston
ROBIN,R-3140,R300,Fixed-Wing,Piston
ROBIN,Regent,DR40,Fixed-Wing,Piston
ROBIN,Remo 180,DR40,Fixed-Wing,Piston
ROBIN,Remo 200,DR40,Fixed-Wing,Piston
ROBIN,Remo 212,DR40,Fixed-Wing,Piston
ROBIN,Remorqueur,DR40,Fixed-Wing,Piston
ROBIN,Royal,HR10,Fixed-Wing,Piston
ROBIN,Safari,HR10,Fixed-Wing,Piston
ROBIN,Super Club,R200,Fixed-Wing,Piston
ROBIN,Tiara,HR10,Fixed-Wing,Piston
ROBIN,X-4,X4,Fixed-Wing,Piston
ROBIN,DR-400 Ecoflyer,DR40,Fixed-Wing,Piston
ROBIN,Ecoflyer,DR40,Fixed-Wing,Piston
ROBINSON,Astro,R44,Helicopter,Piston
ROBINSON,Beta,R22,Helicopter,Piston
ROBINSON,Clipper,R44,Helicopter,Piston
ROBINSON,Mariner,R22,Helicopter,Piston
ROBINSON,R-22,R22,Helicopter,Piston
ROBINSON,R-22 Beta,R22,Helicopter,Piston
ROBINSON,R-22 Mariner,R22,Helicopter,Piston
ROBINSON,R-44 Astro,R44,Helicopter,Piston
ROBINSON,R-44 Clipper,R44,Helicopter,Piston
ROBINSON,R-44 Raven,R44,Helicopter,Piston
ROBINSON,Raven,R44,Helicopter,Piston
ROBINSON,R-66,R66,Helicopter,Turboprop/Turboshaft
ROCK,Krähe,KRAH,Fixed-Wing,Piston
ROCKET,Rocket 185,R185,Fixed-Wing,Piston
ROCKWELL,112 Alpine Commander,AC11,Fixed-Wing,Piston
ROCKWELL,112 Commander 112,AC11,Fixed-Wing,Piston
ROCKWELL,114 Commander 114,AC11,Fixed-Wing,Piston
ROCKWELL,114 Gran Turismo Commander,AC11,Fixed-Wing,Piston
ROCKWELL,500 Shrike Commander,AC50,Fixed-Wing,Piston
ROCKWELL,685 Commander 685,AC6L,Fixed-Wing,Piston
ROCKWELL,690 Jetprop Commander 840,AC90,Fixed-Wing,Turboprop/Turboshaft
ROCKWELL,690 Turbo Commander 690,AC90,Fixed-Wing,Turboprop/Turboshaft
ROCKWELL,695 Jetprop Commander 980,AC95,Fixed-Wing,Turboprop/Turboshaft
ROCKWELL,695 Jetprop Commander 1000,AC95,Fixed-Wing,Turboprop/Turboshaft
ROCKWELL,700 Commander 700,RC70,Fixed-Wing,Piston
ROCKWELL,710 Commander 710,RC70,Fixed-Wing,Piston
ROCKWELL,AC-130 Spectre,C130,Fixed-Wing,Turboprop/Turboshaft
ROCKWELL,Alpine Commander,AC11,Fixed-Wing,Piston
ROCKWELL,B-1 Lancer,B1,Fixed-Wing,Jet
ROCKWELL,Bronco,V10,Fixed-Wing,Turboprop/Turboshaft
ROCKWELL,Buckeye,T2,Fixed-Wing,Jet
ROCKWELL,Commander 112,AC11,Fixed-Wing,Piston
ROCKWELL,Commander 114,AC11,Fixed-Wing,Piston
ROCKWELL,Commander 685,AC6L,Fixed-Wing,Piston
ROCKWELL,Commander 700,RC70,Fixed-Wing,Piston
ROCKWELL,Commander 710,RC70,Fixed-Wing,Piston
ROCKWELL,Gran Turismo Commander,AC11,Fixed-Wing,Piston
ROCKWELL,Jetprop Commander 840,AC90,Fixed-Wing,Turboprop/Turboshaft
ROCKWELL,Jetprop Commander 980,AC95,Fixed-Wing,Turboprop/Turboshaft
ROCKWELL,Jetprop Commander 1000,AC95,Fixed-Wing,Turboprop/Turboshaft
ROCKWELL,Lancer,B1,Fixed-Wing,Jet
ROCKWELL,NA-265 Sabre 40,SBR1,Fixed-Wing,Jet
ROCKWELL,NA-265 Sabre 60,SBR1,Fixed-Wing,Jet
ROCKWELL,NA-265 Sabre 65,SBR1,Fixed-Wing,Jet
ROCKWELL,NA-265 Sabre 75,SBR2,Fixed-Wing,Jet
ROCKWELL,NA-265 Sabre 80,SBR2,Fixed-Wing,Jet
ROCKWELL,OV-10 Bronco,V10,Fixed-Wing,Turboprop/Turboshaft
ROCKWELL,S-2 Thrush Commander,SS2P,Fixed-Wing,Piston
ROCKWELL,Sabre 40,SBR1,Fixed-Wing,Jet
ROCKWELL,Sabre 60,SBR1,Fixed-Wing,Jet
ROCKWELL,Sabre 65,SBR1,Fixed-Wing,Jet
ROCKWELL,Sabre 75,SBR2,Fixed-Wing,Jet
ROCKWELL,Sabre 80,SBR2,Fixed-Wing,Jet
ROCKWELL,Shrike Commander,AC50,Fixed-Wing,Piston
ROCKWELL,Spectre,C130,Fixed-Wing,Turboprop/Turboshaft
ROCKWELL,T-2 Buckeye,T2,Fixed-Wing,Jet
ROCKWELL,Thrush Commander,SS2P,Fixed-Wing,Piston
ROCKWELL,Turbo Commander 690,AC90,Fixed-Wing,Turboprop/Turboshaft
ROGERSON HILLER,Hauler,UH12,Helicopter,Piston
ROGERSON HILLER,Hornet,FH11,Helicopter,Turboprop/Turboshaft
ROGERSON HILLER,Pegasus,FH11,Helicopter,Turboprop/Turboshaft
ROGERSON HILLER,RH-1100 Hornet,FH11,Helicopter,Turboprop/Turboshaft
ROGERSON HILLER,RH-1100 Pegasus,FH11,Helicopter,Turboprop/Turboshaft
ROGERSON HILLER,UH-12E Hauler,UH12,Helicopter,Piston
ROKO AERO,NG-4 Prodigy 4,NG4,Fixed-Wing,Piston
ROKO AERO,Prodigy 4,NG4,Fixed-Wing,Piston
ROKO AERO,NG-4,NG4,Fixed-Wing,Piston
ROLAND,CH-602 Zodiac,CH60,Fixed-Wing,Piston
ROLAND,Zodiac,CH60,Fixed-Wing,Piston
ROLAND,601 Zodiac,CH60,Fixed-Wing,Piston
ROLAND,Z-602 Zodiac,CH60,Fixed-Wing,Piston
ROLAND,Z-602,CH60,Fixed-Wing,Piston
ROLAND,701 Stol,CH70,Fixed-Wing,Piston
ROLAND,S-Stol,CH70,Fixed-Wing,Piston
ROLAND,Stol,CH70,Fixed-Wing,Piston
ROLLADEN-SCHNEIDER,LS-8T,LS8,Fixed-Wing,Piston
ROLLADEN-SCHNEIDER,LS-9,LS9,Fixed-Wing,Piston
ROLLASON,Beta,BETA,Fixed-Wing,Piston
ROLLASON,Condor,D6CR,Fixed-Wing,Piston
ROLLASON,D-31 Turbulent,D31,Fixed-Wing,Piston
ROLLASON,D-62 Condor,D6CR,Fixed-Wing,Piston
ROLLASON,Turbulent,D31,Fixed-Wing,Piston
ROMAERO,BN-2B Islander,BN2P,Fixed-Wing,Piston
ROMAERO,BN-2T Defender 4000,BN2T,Fixed-Wing,Turboprop/Turboshaft
ROMAERO,BN-2T Turbine Islander,BN2T,Fixed-Wing,Turboprop/Turboshaft
ROMAERO,Defender 4000,BN2T,Fixed-Wing,Turboprop/Turboshaft
ROMAERO,Islander,BN2P,Fixed-Wing,Piston
ROMAERO,Turbine Islander,BN2T,Fixed-Wing,Turboprop/Turboshaft
ROTARY AIR FORCE,RAF-2000,RAF2,Gyrocopter,Piston
ROTEC,Panther 2,PANT,Fixed-Wing,Piston
ROTEC,Panther Plus,PANT,Fixed-Wing,Piston
ROTEC,Sea Panther,PANT,Fixed-Wing,Piston
ROTORSMART,HeliSmart,HSMT,Helicopter,Piston
ROTORSPORT,MT-03,MT,Gyrocopter,Piston
ROTORSPORT,MTOSport,MT,Gyrocopter,Piston
ROTORSPORT,Calidus,CDUS,Gyrocopter,Piston
ROTORSPORT,Cavalon,CLON,Gyrocopter,Piston
ROTORTEC,Cloud Dancer 2,CLD2,Gyrocopter,Piston
ROTORWAY,A-600 Talon,A600,Helicopter,Piston
ROTORWAY,Eagle 300T,EGL3,Helicopter,Turboprop/Turboshaft
ROTORWAY,Exec,EXEC,Helicopter,Piston
ROTORWAY,JetExec,EXEJ,Helicopter,Turboprop/Turboshaft
ROTORWAY,Scorpion,SCOR,Helicopter,Piston
ROUCHAUD,CP-301 Emeraude,CP30,Fixed-Wing,Piston
ROUCHAUD,Emeraude,CP30,Fixed-Wing,Piston
ROUSSEAU,CP-301 Emeraude,CP30,Fixed-Wing,Piston
ROUSSEAU,Emeraude,CP30,Fixed-Wing,Piston
RTAF,Chandra,RTA4,Fixed-Wing,Piston
RTAF,Fantrainer,FANT,Fixed-Wing,Turboprop/Turboshaft
RTAF,RTAF-4 Chandra,RTA4,Fixed-Wing,Piston
RUAG,AS-532 Cougar,AS32,Helicopter,Turboprop/Turboshaft
RUAG,Cougar,AS32,Helicopter,Turboprop/Turboshaft
RUAG,Dornier 228,D228,Fixed-Wing,Turboprop/Turboshaft
RUAG,Dornier 328 JET Envoy,J328,Fixed-Wing,Jet
RUPERT,R-11,R11,Fixed-Wing,Piston
RUSCHMEYER,MF-85,R90R,Fixed-Wing,Piston
RUSCHMEYER,R-90-230FG,R90F,Fixed-Wing,Piston
RUSCHMEYER,R-90-230RG,R90R,Fixed-Wing,Piston
RUSCHMEYER,R-90-420AT,R90T,Fixed-Wing,Turboprop/Turboshaft
RUSSO,Savage,SAVG,Fixed-Wing,Piston
RUTAN,33 VariEze,VEZE,Fixed-Wing,Piston
RUTAN,40 Defiant,DEFI,Fixed-Wing,Piston
RUTAN,61 Long-EZ,LGEZ,Fixed-Wing,Piston
RUTAN,77 Solitaire,SOLI,Fixed-Wing,Piston
RUTAN,151 Ares,ARES,Fixed-Wing,Jet
RUTAN,202 Boomerang,BOOM,Fixed-Wing,Piston
RUTAN,281 Proteus,PRTS,Fixed-Wing,Jet
RUTAN,Ares,ARES,Fixed-Wing,Jet
RUTAN,Boomerang,BOOM,Fixed-Wing,Piston
RUTAN,Cozy,COZY,Fixed-Wing,Piston
RUTAN,Defiant,DEFI,Fixed-Wing,Piston
RUTAN,Long-EZ,LGEZ,Fixed-Wing,Piston
RUTAN,Proteus,PRTS,Fixed-Wing,Jet
RUTAN,Solitaire,SOLI,Fixed-Wing,Piston
RUTAN,VariEze,VEZE,Fixed-Wing,Piston
RUTAN,VariViggen,VVIG,Fixed-Wing,Piston
RUTAN,27 VariViggen,VVIG,Fixed-Wing,Piston
RUTAN,32 VariViggen,VVIG,Fixed-Wing,Piston
RUTAN,348 White Knight Two,WHK2,Fixed-Wing,Jet
RUTAN,White Knight Two,WHK2,Fixed-Wing,Jet
RUTAN,367 BiPod,BPOD,Fixed-Wing,Electric
RUTAN,BiPod,BPOD,Fixed-Wing,Electric
RUTAN,339 Space Ship Two,SS2,Fixed-Wing,Rocket
RUTAN,Space Ship Two,SS2,Fixed-Wing,Rocket
RYAN,L-17 Navion,NAVI,Fixed-Wing,Piston
RYAN,Navion,NAVI,Fixed-Wing,Piston
RYAN,PT-20,RYST,Fixed-Wing,Piston
RYAN,PT-22 Recruit,PT22,Fixed-Wing,Piston
RYAN,Recruit,PT22,Fixed-Wing,Piston
RYAN,ST-3KR Recruit,PT22,Fixed-Wing,Piston
RYAN,ST-A,RYST,Fixed-Wing,Piston
RYAN,ST-M,RYST,Fixed-Wing,Piston
RYAN,ST-R,RYST,Fixed-Wing,Piston
RYAN,Super Navion,NAVI,Fixed-Wing,Piston
RYAN,U-18 Navion,NAVI,Fixed-Wing,Piston
RYAN,YPT-16,RYST,Fixed-Wing,Piston
S-WING,S-Wing,SWIN,Fixed-Wing,Piston
SAAB,29,SB29,Fixed-Wing,Jet
SAAB,32 Lansen,SB32,Fixed-Wing,Jet
SAAB,35 Draken,SB35,Fixed-Wing,Jet
SAAB,37 Viggen,SB37,Fixed-Wing,Jet
SAAB,39 Gripen,SB39,Fixed-Wing,Jet
SAAB,91 Safir,SB91,Fixed-Wing,Piston
SAAB,105,SB05,Fixed-Wing,Jet
SAAB,340,SF34,Fixed-Wing,Turboprop/Turboshaft
SAAB,2000,SB20,Fixed-Wing,Turboprop/Turboshaft
SAAB,AJ37 Viggen,SB37,Fixed-Wing,Jet
SAAB,AJS37 Viggen,SB37,Fixed-Wing,Jet
SAAB,Argus,SF34,Fixed-Wing,Turboprop/Turboshaft
SAAB,Draken,SB35,Fixed-Wing,Jet
SAAB,F-35 Draken,SB35,Fixed-Wing,Jet
SAAB,Gripen,SB39,Fixed-Wing,Jet
SAAB,J29,SB29,Fixed-Wing,Jet
SAAB,J32 Lansen,SB32,Fixed-Wing,Jet
SAAB,J35 Draken,SB35,Fixed-Wing,Jet
SAAB,JA37 Viggen,SB37,Fixed-Wing,Jet
SAAB,JAS39 Gripen,SB39,Fixed-Wing,Jet
SAAB,Lansen,SB32,Fixed-Wing,Jet
SAAB,MFI-15 Safari,MF17,Fixed-Wing,Piston
SAAB,MFI-17 Supporter,MF17,Fixed-Wing,Piston
SAAB,OS100,SF34,Fixed-Wing,Turboprop/Turboshaft
SAAB,RF-35 Draken,SB35,Fixed-Wing,Jet
SAAB,S100 Argus,SF34,Fixed-Wing,Turboprop/Turboshaft
SAAB,Safari,MF17,Fixed-Wing,Piston
SAAB,Safir,SB91,Fixed-Wing,Piston
SAAB,SF37 Viggen,SB37,Fixed-Wing,Jet
SAAB,SH37 Viggen,SB37,Fixed-Wing,Jet
SAAB,Sk35 Draken,SB35,Fixed-Wing,Jet
SAAB,Sk37 Viggen,SB37,Fixed-Wing,Jet
SAAB,Sk50 Safir,SB91,Fixed-Wing,Piston
SAAB,Sk60,SB05,Fixed-Wing,Jet
SAAB,Supporter,MF17,Fixed-Wing,Piston
SAAB,T-17 Supporter,MF17,Fixed-Wing,Piston
SAAB,TF-35 Draken,SB35,Fixed-Wing,Jet
SAAB,Tp100,SF34,Fixed-Wing,Turboprop/Turboshaft
SAAB,Viggen,SB37,Fixed-Wing,Jet
SAAB-FAIRCHILD,SF-340,SF34,Fixed-Wing,Turboprop/Turboshaft
SAASA,Cuauhtemoc,M4,Fixed-Wing,Piston
SAASA,M-1 Cuauhtemoc,M4,Fixed-Wing,Piston
SABCA,A-109,A109,Helicopter,Turboprop/Turboshaft
SABCA,Alpha Jet,AJET,Fixed-Wing,Jet
SABCA,F-16 Fighting Falcon,F16,Fixed-Wing,Jet
SABCA,Fighting Falcon,F16,Fixed-Wing,Jet
SADLER,A-22 Piranha,A22,Fixed-Wing,Piston
SADLER,Piranha,A22,Fixed-Wing,Piston
SADLER,Vampire,SAVA,Fixed-Wing,Piston
SAFAT,1,PA18,Fixed-Wing,Piston
SAFAT,2,ZA6,Helicopter,Piston
SAFAT,3,UT75,Fixed-Wing,Piston
SAFRAN,S-15 Patroller,S15U,Fixed-Wing,Piston
SAFRAN,Patroller,S15U,Fixed-Wing,Piston
SAI (1),Kupe,KZ2,Fixed-Wing,Piston
SAI (1),KZ-2 Kupe,KZ2,Fixed-Wing,Piston
SAI (1),KZ-2 Traener,KZ2,Fixed-Wing,Piston
SAI (1),KZ-3,KZ3,Fixed-Wing,Piston
SAI (1),KZ-4,KZ4,Fixed-Wing,Piston
SAI (1),KZ-7 Laerke,KZ7,Fixed-Wing,Piston
SAI (1),KZ-8,KZ8,Fixed-Wing,Piston
SAI (1),Laerke,KZ7,Fixed-Wing,Piston
SAI (1),Traener,KZ2,Fixed-Wing,Piston
SAI (2),G-97 Spotter,G97,Fixed-Wing,Piston
SAI (2),Spotter,G97,Fixed-Wing,Piston
SAINT GERMAIN,Raz-Mut,RAZM,Fixed-Wing,Piston
SALVAY-STARK,Skyhopper,SHOP,Fixed-Wing,Piston
SAM AIRCRAFT,Sam,SAM,Fixed-Wing,Piston
SAMSUNG,F-16 Fighting Falcon,F16,Fixed-Wing,Jet
SAMSUNG,Fighting Falcon,F16,Fixed-Wing,Jet
SAN,Abeille,D140,Fixed-Wing,Piston
SAN,Ambassadeur,DR10,Fixed-Wing,Piston
SAN,D-112,D11,Fixed-Wing,Piston
SAN,D-117,D11,Fixed-Wing,Piston
SAN,D-140 Abeille,D140,Fixed-Wing,Piston
SAN,D-140 Mousquetaire,D140,Fixed-Wing,Piston
SAN,D-150 Mascaret,D150,Fixed-Wing,Piston
SAN,DR-100 Ambassadeur,DR10,Fixed-Wing,Piston
SAN,DR-105 Ambassadeur,DR10,Fixed-Wing,Piston
SAN,DR-1050 Ambassadeur,DR10,Fixed-Wing,Piston
SAN,DR-1050 Excellence,DR10,Fixed-Wing,Piston
SAN,DR-1051 Ambassadeur,DR10,Fixed-Wing,Piston
SAN,DR-1051 Excellence,DR10,Fixed-Wing,Piston
SAN,Excellence,DR10,Fixed-Wing,Piston
SAN,Mascaret,D150,Fixed-Wing,Piston
SAN,Mousquetaire,D140,Fixed-Wing,Piston
SANDS,Fokker Dr-1,DR1,Fixed-Wing,Piston
SARGENT-FLETCHER,FU-24,FU24,Fixed-Wing,Piston
SATIC,A-300ST Beluga,A3ST,Fixed-Wing,Jet
SATIC,A-300ST Super Transporter,A3ST,Fixed-Wing,Jet
SATIC,Beluga,A3ST,Fixed-Wing,Jet
SATIC,Super Transporter,A3ST,Fixed-Wing,Jet
SATURN-AVIA,J-3 Cub,J3,Fixed-Wing,Piston
SATURN-AVIA,Cub,J3,Fixed-Wing,Piston
SAU,R-02 Robert,R2,SeaPlane,Piston
SAU,Robert,R2,SeaPlane,Piston
SAUPER,ADV-01 Papango,PAGO,Fixed-Wing,Piston
SAUPER,J-300 Joker,J300,Fixed-Wing,Piston
SAUPER,Joker,J300,Fixed-Wing,Piston
SAUPER,Papango,PAGO,Fixed-Wing,Piston
SAUSER,P-6E Replica,SP6E,Fixed-Wing,Piston
SCALED,151 Ares,ARES,Fixed-Wing,Jet
SCALED,281 Proteus,PRTS,Fixed-Wing,Jet
SCALED,311 Global Flyer,GFLY,Fixed-Wing,Jet
SCALED,Ares,ARES,Fixed-Wing,Jet
SCALED,Global Flyer,GFLY,Fixed-Wing,Jet
SCALED,Proteus,PRTS,Fixed-Wing,Jet
SCALED,TAA-1,TAA1,Fixed-Wing,Piston
SCALED,348 White Knight Two,WHK2,Fixed-Wing,Jet
SCALED,White Knight Two,WHK2,Fixed-Wing,Jet
SCALED,367 BiPod,BPOD,Fixed-Wing,Electric
SCALED,BiPod,BPOD,Fixed-Wing,Electric
SCALED,Space Ship Two,SS2,Fixed-Wing,Rocket
SCALED,339 Space Ship Two,SS2,Fixed-Wing,Rocket
SCALED,355 Firebird,S355,Fixed-Wing,Piston
SCALED,Firebird,S355,Fixed-Wing,Piston
SCALED,351 Stratolaunch,SLCH,Fixed-Wing,Jet
SCALED,Stratolaunch,SLCH,Fixed-Wing,Jet
SCAN,SCAN-30,G44,Amphibian,Piston
SCANOR,CP-301 Emeraude,CP30,Fixed-Wing,Piston
SCANOR,Emeraude,CP30,Fixed-Wing,Piston
SCENIC,DHC-6 Vistaliner,DHC6,Fixed-Wing,Turboprop/Turboshaft
SCENIC,Turbo Star 402,C02T,Fixed-Wing,Turboprop/Turboshaft
SCENIC,Turbo Star 414,C14T,Fixed-Wing,Turboprop/Turboshaft
SCENIC,Vistaliner,DHC6,Fixed-Wing,Turboprop/Turboshaft
SCHAFER,Comanchero 500,PAT4,Fixed-Wing,Turboprop/Turboshaft
SCHAFER,Comanchero 620,PAY2,Fixed-Wing,Turboprop/Turboshaft
SCHAFER,DC-3-65TP,DC3T,Fixed-Wing,Turboprop/Turboshaft
SCHEIBE,Falke,SF25,Fixed-Wing,Piston
SCHEIBE,Motorspatz,SF24,Fixed-Wing,Piston
SCHEIBE,Rotax Falke,SF25,Fixed-Wing,Piston
SCHEIBE,SF-23 Sperling,SF23,Fixed-Wing,Piston
SCHEIBE,SF-24 Motorspatz,SF24,Fixed-Wing,Piston
SCHEIBE,SF-25 Falke,SF25,Fixed-Wing,Piston
SCHEIBE,SF-25 Rotax Falke,SF25,Fixed-Wing,Piston
SCHEIBE,SF-25 Super Falke,SF25,Fixed-Wing,Piston
SCHEIBE,SF-25 Superschlepper,SF25,Fixed-Wing,Piston
SCHEIBE,SF-27M,SF27,Fixed-Wing,Piston
SCHEIBE,SF-28 Tandem Falke,SF28,Fixed-Wing,Piston
SCHEIBE,SF-32,SF32,Fixed-Wing,Piston
SCHEIBE,SF-35,SF35,Fixed-Wing,Piston
SCHEIBE,SF-36,SF36,Fixed-Wing,Piston
SCHEIBE,Sperling,SF23,Fixed-Wing,Piston
SCHEIBE,Super Falke,SF25,Fixed-Wing,Piston
SCHEIBE,Superschlepper,SF25,Fixed-Wing,Piston
SCHEIBE,Tandem Falke,SF28,Fixed-Wing,Piston
SCHEIBE,SF-25 Turbo Falke,SF25,Fixed-Wing,Piston
SCHEIBE,Turbo Falke,SF25,Fixed-Wing,Piston
SCHEMPP-HIRTH,Discus 2T,DISC,Fixed-Wing,Piston
SCHEMPP-HIRTH,Discus 2CT,DISC,Fixed-Wing,Piston
SCHEMPP-HIRTH,Nimbus 4DLM,NIMB,Fixed-Wing,Piston
SCHEMPP-HIRTH,Nimbus 4DLT,NIMB,Fixed-Wing,Piston
SCHEMPP-HIRTH,Arcus T,ARCP,Fixed-Wing,Piston
SCHEMPP-HIRTH,Arcus M,ARCP,Fixed-Wing,Piston
SCHEMPP-HIRTH,Arcus E,ARCE,Fixed-Wing,Electric
SCHEMPP-HIRTH,Duo Discus XT,DUOD,Fixed-Wing,Piston
SCHEMPP-HIRTH,Duo Discus XLT,DUOD,Fixed-Wing,Piston
SCHEMPP-HIRTH,Ventus bT,VENT,Fixed-Wing,Piston
SCHEMPP-HIRTH,Ventus cM,VENT,Fixed-Wing,Piston
SCHEMPP-HIRTH,Ventus cT,VENT,Fixed-Wing,Piston
SCHEMPP-HIRTH,Ventus 2cM,VENT,Fixed-Wing,Piston
SCHEMPP-HIRTH,Ventus 2cT,VENT,Fixed-Wing,Piston
SCHEMPP-HIRTH,Ventus 2cxM,VENT,Fixed-Wing,Piston
SCHEMPP-HIRTH,Ventus 2cxT,VENT,Fixed-Wing,Piston
SCHEMPP-HIRTH,Ventus 3M,VENT,Fixed-Wing,Piston
SCHEMPP-HIRTH,Ventus 3T,VENT,Fixed-Wing,Piston
SCHEMPP-HIRTH,Ventus 3F,VNTE,Fixed-Wing,Electric
SCHEMPP-HIRTH,Quintus,QINT,Fixed-Wing,Piston
SCHEMPP-HIRTH,Discus BM,DISC,Fixed-Wing,Piston
SCHEMPP-HIRTH,Discus BT,DISC,Fixed-Wing,Piston
SCHEMPP-HIRTH,Janus BM,JANU,Fixed-Wing,Piston
SCHEMPP-HIRTH,Janus CM,JANU,Fixed-Wing,Piston
SCHEMPP-HIRTH,Janus CT,JANU,Fixed-Wing,Piston
SCHEMPP-HIRTH,Nimbus 2M,NIMB,Fixed-Wing,Piston
SCHEMPP-HIRTH,Nimbus 3DM,NIMB,Fixed-Wing,Piston
SCHEMPP-HIRTH,Nimbus 3DT,NIMB,Fixed-Wing,Piston
SCHEMPP-HIRTH,Nimbus 3T,NIMB,Fixed-Wing,Piston
SCHEMPP-HIRTH,Nimbus 4DM,NIMB,Fixed-Wing,Piston
SCHEMPP-HIRTH,Nimbus 4DT,NIMB,Fixed-Wing,Piston
SCHEMPP-HIRTH,Nimbus 4M,NIMB,Fixed-Wing,Piston
SCHEMPP-HIRTH,Nimbus 4T,NIMB,Fixed-Wing,Piston
SCHEMPP-HIRTH,Duo Discus T,DUOD,Fixed-Wing,Piston
SCHLEICHER,ASH-25E,AS25,Fixed-Wing,Piston
SCHLEICHER,ASH-25M,AS25,Fixed-Wing,Piston
SCHLEICHER,ASH-25Mi,AS25,Fixed-Wing,Piston
SCHLEICHER,ASH-25SL,AS25,Fixed-Wing,Piston
SCHLEICHER,ASH-26E,AS26,Fixed-Wing,Piston
SCHLEICHER,ASK-14,AS14,Fixed-Wing,Piston
SCHLEICHER,ASK-16,AS16,Fixed-Wing,Piston
SCHLEICHER,ASK-21Mi,AS21,Fixed-Wing,Piston
SCHLEICHER,ASW-20TOP,AS20,Fixed-Wing,Piston
SCHLEICHER,ASW-22BE,AS22,Fixed-Wing,Piston
SCHLEICHER,ASW-22BLE,AS22,Fixed-Wing,Piston
SCHLEICHER,ASW-22M,AS22,Fixed-Wing,Piston
SCHLEICHER,ASW-24E,AS24,Fixed-Wing,Piston
SCHLEICHER,ASW-24TOP,AS24,Fixed-Wing,Piston
SCHLEICHER,ASW-28E,AS28,Fixed-Wing,Piston
SCHLEICHER,ASG-32EL,A32E,Fixed-Wing,Electric
SCHLEICHER,ASG-32Mi,A32P,Fixed-Wing,Piston
SCHLEICHER,ASG-29Es,AS29,Fixed-Wing,Piston
SCHLEICHER,AS-34Me,A34E,Fixed-Wing,Electric
SCHLEICHER,AS-33Es,A33P,Fixed-Wing,Piston
SCHLEICHER,AS-33Me,A33E,Fixed-Wing,Electric
SCHLEICHER,ASG-29E,AS29,Fixed-Wing,Piston
SCHLEICHER,ASW-20J,A20J,Fixed-Wing,Jet
SCHLEICHER,ASW-27-18E,AS29,Fixed-Wing,Piston
SCHLEICHER,ASH-30Mi,AS30,Fixed-Wing,Piston
SCHLEICHER,ASH-31Mi,AS31,Fixed-Wing,Piston
SCHWEIZER,RU-38A Twin Condor,SA38,Fixed-Wing,Piston
SCHWEIZER,Twin Condor (turbine),SA8T,Fixed-Wing,Turboprop/Turboshaft
SCHWEIZER,RU-38B Twin Condor,SA8T,Fixed-Wing,Turboprop/Turboshaft
SCHWEIZER,SA-2-38B Twin Condor,SA8T,Fixed-Wing,Turboprop/Turboshaft
SCHWEIZER,269,H269,Helicopter,Piston
SCHWEIZER,269A,H269,Helicopter,Piston
SCHWEIZER,269B,H269,Helicopter,Piston
SCHWEIZER,269C,H269,Helicopter,Piston
SCHWEIZER,269C Sky Knight,H269,Helicopter,Piston
SCHWEIZER,269D 330,S330,Helicopter,Turboprop/Turboshaft
SCHWEIZER,269D 333,S330,Helicopter,Turboprop/Turboshaft
SCHWEIZER,300,H269,Helicopter,Piston
SCHWEIZER,300 Sky Knight,H269,Helicopter,Piston
SCHWEIZER,330,S330,Helicopter,Turboprop/Turboshaft
SCHWEIZER,333,S330,Helicopter,Turboprop/Turboshaft
SCHWEIZER,Ag-Cat,G164,Fixed-Wing,Piston
SCHWEIZER,Ag-Cat Turbine,G64T,Fixed-Wing,Turboprop/Turboshaft
SCHWEIZER,Condor,SA37,Fixed-Wing,Piston
SCHWEIZER,G-164 Ag-Cat,G164,Fixed-Wing,Piston
SCHWEIZER,G-164 Ag-Cat Turbine,G64T,Fixed-Wing,Turboprop/Turboshaft
SCHWEIZER,G-164 Super Ag-Cat,G164,Fixed-Wing,Piston
SCHWEIZER,G-164 Turbo Ag-Cat,G64T,Fixed-Wing,Turboprop/Turboshaft
SCHWEIZER,Hkp5,H269,Helicopter,Piston
SCHWEIZER,Osage,H269,Helicopter,Piston
SCHWEIZER,RG-8 Condor,SA37,Fixed-Wing,Piston
SCHWEIZER,SA-2-38A Twin Condor,SA38,Fixed-Wing,Piston
SCHWEIZER,SGM-2-37,SG37,Fixed-Wing,Piston
SCHWEIZER,Sky Knight,H269,Helicopter,Piston
SCHWEIZER,Super Ag-Cat,G164,Fixed-Wing,Piston
SCHWEIZER,Teal,TEAL,Amphibian,Piston
SCHWEIZER,TG-7,SG37,Fixed-Wing,Piston
SCHWEIZER,TH-55 Osage,H269,Helicopter,Piston
SCHWEIZER,TH-300,H269,Helicopter,Piston
SCHWEIZER,TSC-1 Teal,TEAL,Amphibian,Piston
SCHWEIZER,Turbo Ag-Cat,G64T,Fixed-Wing,Turboprop/Turboshaft
SCHWEIZER,SA-2-37 Condor,SA37,Fixed-Wing,Piston
SCHWEIZER,Twin Condor (piston),SA38,Fixed-Wing,Piston
SCINTEX,CP-1310 Super Emeraude,CP13,Fixed-Wing,Piston
SCINTEX,CP-1315 Super Emeraude,CP13,Fixed-Wing,Piston
SCINTEX,CP-1330 Super Emeraude,CP13,Fixed-Wing,Piston
SCINTEX,Emeraude,CP30,Fixed-Wing,Piston
SCINTEX,ML-250 Rubis,RUBI,Fixed-Wing,Piston
SCINTEX,Rubis,RUBI,Fixed-Wing,Piston
SCINTEX,Super Emeraude,CP13,Fixed-Wing,Piston
SCINTEX,CP-301 Emeraude,CP30,Fixed-Wing,Piston
SCINTEX,CP-315 Emeraude,CP30,Fixed-Wing,Piston
SCODA,Super Petrel,PETR,Amphibian,Piston
SCOTTISH AVIATION,Bulldog,BDOG,Fixed-Wing,Piston
SCOTTISH AVIATION,Fpl61,BDOG,Fixed-Wing,Piston
SCOTTISH AVIATION,Jetstream T.Mk.1,JS20,Fixed-Wing,Turboprop/Turboshaft
SCOTTISH AVIATION,Jetstream T.Mk.2,JS20,Fixed-Wing,Turboprop/Turboshaft
SCOTTISH AVIATION,SA-3 Bulldog,BDOG,Fixed-Wing,Piston
SCOTTISH AVIATION,Sk61,BDOG,Fixed-Wing,Piston
SCOTTISH AVIATION,Twin Pioneer,TPIN,Fixed-Wing,Piston
SCWAL,101,SCW1,Fixed-Wing,Piston
SEABIRD,SB-7 Seeker,SB7,Fixed-Wing,Piston
SEABIRD,Seeker,SB7,Fixed-Wing,Piston
SEABIRD,Yamamah J430,JAB4,Fixed-Wing,Piston
SEAFLIGHT,Shearwater,SHEA,Amphibian,Piston
SEAWIND,Seawind,SEAW,Amphibian,Piston
SEAWIND,Turbine Seawind,SEAT,Amphibian,Turboprop/Turboshaft
SEGUIN,Geronimo,PA23,Fixed-Wing,Piston
SEGUIN,Princess,PA34,Fixed-Wing,Piston
SELEX ES,Falco,FLCO,Fixed-Wing,Piston
SELEX GALILEO,Falco,FLCO,Fixed-Wing,Piston
SEPECAT,Jaguar,JAGR,Fixed-Wing,Jet
SEPECAT,Shamsher,JAGR,Fixed-Wing,Jet
SEQUOIA,F-8L Falco,F8L,Fixed-Wing,Piston
SEQUOIA,Falco,F8L,Fixed-Wing,Piston
SERV-AERO,Ag-Cat-Leo,G164,Fixed-Wing,Piston
SERV-AERO,G-164 Ag-Cat-Leo,G164,Fixed-Wing,Piston
SERV-AERO,S-2 Thrush (piston conversions),SS2P,Fixed-Wing,Piston
SERV-AERO,S-2 Thrush (turboprop conversions),SS2T,Fixed-Wing,Turboprop/Turboshaft
SERV-AERO,Thrush (piston conversions),SS2P,Fixed-Wing,Piston
SERV-AERO,Thrush (turboprop conversions),SS2T,Fixed-Wing,Turboprop/Turboshaft
SERVOPLANT,Aerocraft,SERA,Fixed-Wing,Piston
SF,AS-532 Cougar,AS32,Helicopter,Turboprop/Turboshaft
SF,Cougar,AS32,Helicopter,Turboprop/Turboshaft
SF,FA-18 Hornet,F18H,Fixed-Wing,Jet
SF,Hornet,F18H,Fixed-Wing,Jet
SG AVIATION,Rally,SGRA,Fixed-Wing,Piston
SG AVIATION,Sea Storm,SSTM,Amphibian,Piston
SG AVIATION,Storm,STRM,Fixed-Wing,Piston
SGAU,Kapitan,S400,SeaPlane,Piston
SGAU,S-202,S202,Amphibian,Piston
SGAU,S-400 Kapitan,S400,SeaPlane,Piston
SGAU,Yastreb,YAST,Fixed-Wing,Piston
SHAANXI,Y-8,AN12,Fixed-Wing,Turboprop/Turboshaft
SHADIN,Aeropony,BU81,Fixed-Wing,Piston
SHADIN,S-10 Aeropony,BU81,Fixed-Wing,Piston
SHANGHAI,MD-82,MD82,Fixed-Wing,Jet
SHANGHAI,MD-83,MD83,Fixed-Wing,Jet
SHANGHAI,MD-90,MD90,Fixed-Wing,Jet
SHANGHAI SIKORSKY,Shen 2,H269,Helicopter,Piston
SHANGHAI SIKORSKY,Shen 3,H269,Helicopter,Piston
SHANGHAI SIKORSKY,Shen 4,S330,Helicopter,Turboprop/Turboshaft
SHARK AERO,Shark,SHRK,Fixed-Wing,Piston
SHARK AIRCRAFT,Shark,SASH,Fixed-Wing,Piston
SHENYANG,JZ-8F,J8B,Fixed-Wing,Jet
SHENYANG,J-15,SU27,Fixed-Wing,Jet
SHENYANG,J-16,SU27,Fixed-Wing,Jet
SHENYANG,F-5,MG17,Fixed-Wing,Jet
SHENYANG,F-6,MG19,Fixed-Wing,Jet
SHENYANG,FT-5,MG17,Fixed-Wing,Jet
SHENYANG,J-5,MG17,Fixed-Wing,Jet
SHENYANG,J-6,MG19,Fixed-Wing,Jet
SHENYANG,J-11,SU27,Fixed-Wing,Jet
SHENYANG,JJ-5,MG17,Fixed-Wing,Jet
SHENYANG,JJ-6,MG19,Fixed-Wing,Jet
SHENYANG,JZ-6,MG19,Fixed-Wing,Jet
SHENYANG,JZ-8,J8A,Fixed-Wing,Jet
SHENYANG,J-8A,J8A,Fixed-Wing,Jet
SHENYANG,J-8E,J8A,Fixed-Wing,Jet
SHENYANG,F-8T,J8B,Fixed-Wing,Jet
SHENYANG,J-8B,J8B,Fixed-Wing,Jet
SHENYANG,J-8D,J8B,Fixed-Wing,Jet
SHENYANG,J-8F,J8B,Fixed-Wing,Jet
SHENYANG,J-8H,J8B,Fixed-Wing,Jet
SHENYANG,J-8T,J8B,Fixed-Wing,Jet
SHENYANG,162 Skycatcher,C162,Fixed-Wing,Piston
SHENYANG,Skycatcher,C162,Fixed-Wing,Piston
SHENYANG SAILPLANE,HU-1 Seagull,HU1,Fixed-Wing,Piston
SHENYANG SAILPLANE,HU-2 Petrel,HU2,Fixed-Wing,Piston
SHENYANG SAILPLANE,Petrel,HU2,Fixed-Wing,Piston
SHENYANG SAILPLANE,Seagull,HU1,Fixed-Wing,Piston
SHERPA,Sherpa,SHER,Fixed-Wing,Piston
SHERPA,Sherpa C-400,SHER,Fixed-Wing,Piston
SHERPA,Sherpa K-650T,SHRT,Fixed-Wing,Turboprop/Turboshaft
SHIJIAZHUANG,LE-500 Little Eagle,TB20,Fixed-Wing,Piston
SHIJIAZHUANG,LE-500 Xiaoying,TB20,Fixed-Wing,Piston
SHIJIAZHUANG,Little Eagle,TB20,Fixed-Wing,Piston
SHIJIAZHUANG,Xiaoying,TB20,Fixed-Wing,Piston
SHIJIAZHUANG,Y-5,AN2,Fixed-Wing,Piston
SHINMAYWA,US-2,US2,Amphibian,Turboprop/Turboshaft
SHINN,2150,MOR2,Fixed-Wing,Piston
SHORT,330,SH33,Fixed-Wing,Turboprop/Turboshaft
SHORT,360,SH36,Fixed-Wing,Turboprop/Turboshaft
SHORT,Belfast,BELF,Fixed-Wing,Turboprop/Turboshaft
SHORT,C-23 Sherpa,SH33,Fixed-Wing,Turboprop/Turboshaft
SHORT,Canberra,CNBR,Fixed-Wing,Jet
SHORT,S-25 Sandringham,SAND,SeaPlane,Piston
SHORT,S-312 Tucano,TUCA,Fixed-Wing,Turboprop/Turboshaft
SHORT,Sandringham,SAND,SeaPlane,Piston
SHORT,SC-5 Belfast,BELF,Fixed-Wing,Turboprop/Turboshaft
SHORT,SC-7 Skyliner,SC7,Fixed-Wing,Turboprop/Turboshaft
SHORT,SC-7 Skyvan,SC7,Fixed-Wing,Turboprop/Turboshaft
SHORT,SD3-30,SH33,Fixed-Wing,Turboprop/Turboshaft
SHORT,SD3-60,SH36,Fixed-Wing,Turboprop/Turboshaft
SHORT,Sherpa,SH33,Fixed-Wing,Turboprop/Turboshaft
SHORT,Skyliner,SC7,Fixed-Wing,Turboprop/Turboshaft
SHORT,Skyvan,SC7,Fixed-Wing,Turboprop/Turboshaft
SHORT,Tucano,TUCA,Fixed-Wing,Turboprop/Turboshaft
SHUYA,Yunona,YUNO,Fixed-Wing,Piston
SIAI-MARCHETTI,SF-260T,F26T,Fixed-Wing,Turboprop/Turboshaft
SIAI-MARCHETTI,M-345,M345,Fixed-Wing,Jet
SIAI-MARCHETTI,Canguro,F600,Fixed-Wing,Turboprop/Turboshaft
SIAI-MARCHETTI,FN-333 Riviera,FN33,Amphibian,Piston
SIAI-MARCHETTI,Riviera,FN33,Amphibian,Piston
SIAI-MARCHETTI,S-205-18F,S05F,Fixed-Wing,Piston
SIAI-MARCHETTI,S-205-18R,S05R,Fixed-Wing,Piston
SIAI-MARCHETTI,S-205-20F,S05F,Fixed-Wing,Piston
SIAI-MARCHETTI,S-205-20R,S05R,Fixed-Wing,Piston
SIAI-MARCHETTI,S-205-22R,S05R,Fixed-Wing,Piston
SIAI-MARCHETTI,S-208,S208,Fixed-Wing,Piston
SIAI-MARCHETTI,S-211,S211,Fixed-Wing,Jet
SIAI-MARCHETTI,SF-260,F260,Fixed-Wing,Piston
SIAI-MARCHETTI,SF-260A,F260,Fixed-Wing,Piston
SIAI-MARCHETTI,SF-260B,F260,Fixed-Wing,Piston
SIAI-MARCHETTI,SF-260C,F260,Fixed-Wing,Piston
SIAI-MARCHETTI,SF-260D,F260,Fixed-Wing,Piston
SIAI-MARCHETTI,SF-260E,F260,Fixed-Wing,Piston
SIAI-MARCHETTI,SF-260F,F260,Fixed-Wing,Piston
SIAI-MARCHETTI,SF-260M,F260,Fixed-Wing,Piston
SIAI-MARCHETTI,SF-260W Warrior,F260,Fixed-Wing,Piston
SIAI-MARCHETTI,SF-600 Canguro,F600,Fixed-Wing,Turboprop/Turboshaft
SIAI-MARCHETTI,SM-1019,SM19,Fixed-Wing,Turboprop/Turboshaft
SIAI-MARCHETTI,Warrior,F260,Fixed-Wing,Piston
SIAT,223 Flamingo,S223,Fixed-Wing,Piston
SIAT,Flamingo,S223,Fixed-Wing,Piston
SICHUAN LANTIAN,Mi-17,MI8,Helicopter,Turboprop/Turboshaft
SICHUAN LANTIAN,Mi-171,MI8,Helicopter,Turboprop/Turboshaft
SIKORSKY,S-300,H269,Helicopter,Piston
SIKORSKY,S-333,S330,Helicopter,Turboprop/Turboshaft
SIKORSKY,S-434,S434,Helicopter,Turboprop/Turboshaft
SIKORSKY,CH-53K King Stallion,H53S,Helicopter,Turboprop/Turboshaft
SIKORSKY,King Stallion,H53S,Helicopter,Turboprop/Turboshaft
SIKORSKY,S-97 Raider,S97,Helicopter,Turboprop/Turboshaft
SIKORSKY,Raider,S97,Helicopter,Turboprop/Turboshaft
SIKORSKY,HM-2 Blackhawk,H60,Helicopter,Turboprop/Turboshaft
SIKORSKY,Knighthawk,H60,Helicopter,Turboprop/Turboshaft
SIKORSKY,MH-53E Sea Dragon,H53S,Helicopter,Turboprop/Turboshaft
SIKORSKY,MH-53H,H53,Helicopter,Turboprop/Turboshaft
SIKORSKY,MH-53J,H53,Helicopter,Turboprop/Turboshaft
SIKORSKY,MH-60 Black Hawk,H60,Helicopter,Turboprop/Turboshaft
SIKORSKY,MH-60 Knighthawk,H60,Helicopter,Turboprop/Turboshaft
SIKORSKY,MH-60 Strikehawk,H60,Helicopter,Turboprop/Turboshaft
SIKORSKY,NSH-60 Seahawk,H60,Helicopter,Turboprop/Turboshaft
SIKORSKY,Nuri,S61,Helicopter,Turboprop/Turboshaft
SIKORSKY,Ocean Hawk,H60,Helicopter,Turboprop/Turboshaft
SIKORSKY,Pave Hawk,H60,Helicopter,Turboprop/Turboshaft
SIKORSKY,Pelican,S61R,Helicopter,Turboprop/Turboshaft
SIKORSKY,R-4 Hoverfly,R4,Helicopter,Piston
SIKORSKY,R-5,S51,Helicopter,Piston
SIKORSKY,Rescue Hawk,H60,Helicopter,Turboprop/Turboshaft
SIKORSKY,RH-53 Sea Stallion,H53,Helicopter,Turboprop/Turboshaft
SIKORSKY,S-38 Replica,S38,Amphibian,Piston
SIKORSKY,S-39,S39,Amphibian,Piston
SIKORSKY,S-51,S51,Helicopter,Piston
SIKORSKY,S-52,S52,Helicopter,Piston
SIKORSKY,S-55,S55P,Helicopter,Piston
SIKORSKY,S-55A,S55P,Helicopter,Piston
SIKORSKY,S-55C,S55P,Helicopter,Piston
SIKORSKY,S-55T,S55T,Helicopter,Turboprop/Turboshaft
SIKORSKY,S-58,S58P,Helicopter,Piston
SIKORSKY,S-58B,S58P,Helicopter,Piston
SIKORSKY,CH-148 Cyclone,S92,Helicopter,Turboprop/Turboshaft
SIKORSKY,Cyclone,S92,Helicopter,Turboprop/Turboshaft
SIKORSKY,H-92 Superhawk,S92,Helicopter,Turboprop/Turboshaft
SIKORSKY,Superhawk,S92,Helicopter,Turboprop/Turboshaft
SIKORSKY,X-2,X2,Helicopter,Turboprop/Turboshaft
SIKORSKY,X-49 SpeedHawk,X49,Helicopter,Turboprop/Turboshaft
SIKORSKY,SpeedHawk,X49,Helicopter,Turboprop/Turboshaft
SIKORSKY,AH-60 Black Hawk,H60,Helicopter,Turboprop/Turboshaft
SIKORSKY,AUH-76,S76,Helicopter,Turboprop/Turboshaft
SIKORSKY,Black Hawk,H60,Helicopter,Turboprop/Turboshaft
SIKORSKY,CH-3,S61R,Helicopter,Turboprop/Turboshaft
SIKORSKY,CH-19,S55P,Helicopter,Piston
SIKORSKY,CH-34 Chocktaw,S58P,Helicopter,Piston
SIKORSKY,CH-53A Sea Stallion,H53,Helicopter,Turboprop/Turboshaft
SIKORSKY,CH-53A Yasur,H53,Helicopter,Turboprop/Turboshaft
SIKORSKY,CH-53C,H53,Helicopter,Turboprop/Turboshaft
SIKORSKY,CH-53D Sea Stallion,H53,Helicopter,Turboprop/Turboshaft
SIKORSKY,CH-53E Super Stallion,H53S,Helicopter,Turboprop/Turboshaft
SIKORSKY,CH-53G,H53,Helicopter,Turboprop/Turboshaft
SIKORSKY,CH-54 Tarhe,S64,Helicopter,Turboprop/Turboshaft
SIKORSKY,CH-124 Sea King,S61,Helicopter,Turboprop/Turboshaft
SIKORSKY,Chickasaw,S55P,Helicopter,Piston
SIKORSKY,Chocktaw,S58P,Helicopter,Piston
SIKORSKY,Desert Hawk,H60,Helicopter,Turboprop/Turboshaft
SIKORSKY,Eagle,S76,Helicopter,Turboprop/Turboshaft
SIKORSKY,EH-60 Black Hawk,H60,Helicopter,Turboprop/Turboshaft
SIKORSKY,Firehawk,H60,Helicopter,Turboprop/Turboshaft
SIKORSKY,H-4 Hoverfly,R4,Helicopter,Piston
SIKORSKY,H-5,S51,Helicopter,Piston
SIKORSKY,H-19,S55P,Helicopter,Piston
SIKORSKY,H-19 Chickasaw,S55P,Helicopter,Piston
SIKORSKY,H-76 Eagle,S76,Helicopter,Turboprop/Turboshaft
SIKORSKY,Helibus,S92,Helicopter,Turboprop/Turboshaft
SIKORSKY,HH-3,S61R,Helicopter,Turboprop/Turboshaft
SIKORSKY,HH-3 Pelican,S61R,Helicopter,Turboprop/Turboshaft
SIKORSKY,HH-19,S55P,Helicopter,Piston
SIKORSKY,HH-34 Seahorse,S58P,Helicopter,Piston
SIKORSKY,HH-52 Seaguard,S62,Helicopter,Turboprop/Turboshaft
SIKORSKY,HH-53,H53,Helicopter,Turboprop/Turboshaft
SIKORSKY,HH-60 Black Hawk,H60,Helicopter,Turboprop/Turboshaft
SIKORSKY,HH-60 Jayhawk,H60,Helicopter,Turboprop/Turboshaft
SIKORSKY,HH-60 Pave Hawk,H60,Helicopter,Turboprop/Turboshaft
SIKORSKY,HH-60 Rescue Hawk,H60,Helicopter,Turboprop/Turboshaft
SIKORSKY,HO3S,S51,Helicopter,Piston
SIKORSKY,HO4S,S55P,Helicopter,Piston
SIKORSKY,HO5S,S52,Helicopter,Piston
SIKORSKY,Hoverfly,R4,Helicopter,Piston
SIKORSKY,HRS,S55P,Helicopter,Piston
SIKORSKY,HSS-1 Seabat,S58P,Helicopter,Piston
SIKORSKY,HSS-2 Sea King,S61,Helicopter,Turboprop/Turboshaft
SIKORSKY,HUS Seahorse,S58P,Helicopter,Piston
SIKORSKY,Jayhawk,H60,Helicopter,Turboprop/Turboshaft
SIKORSKY,JUH-60 Black Hawk,H60,Helicopter,Turboprop/Turboshaft
SIKORSKY,S-58C,S58P,Helicopter,Piston
SIKORSKY,S-58D,S58P,Helicopter,Piston
SIKORSKY,S-58DT,S58T,Helicopter,Turboprop/Turboshaft
SIKORSKY,S-58ET,S58T,Helicopter,Turboprop/Turboshaft
SIKORSKY,S-58T,S58T,Helicopter,Turboprop/Turboshaft
SIKORSKY,S-61A,S61,Helicopter,Turboprop/Turboshaft
SIKORSKY,S-61A Nuri,S61,Helicopter,Turboprop/Turboshaft
SIKORSKY,S-61B,S61,Helicopter,Turboprop/Turboshaft
SIKORSKY,S-61D,S61,Helicopter,Turboprop/Turboshaft
SIKORSKY,S-61L,S61,Helicopter,Turboprop/Turboshaft
SIKORSKY,S-61N,S61,Helicopter,Turboprop/Turboshaft
SIKORSKY,S-61R,S61R,Helicopter,Turboprop/Turboshaft
SIKORSKY,S-62,S62,Helicopter,Turboprop/Turboshaft
SIKORSKY,S-64 Skycrane,S64,Helicopter,Turboprop/Turboshaft
SIKORSKY,S-65,H53,Helicopter,Turboprop/Turboshaft
SIKORSKY,S-65 Yasur,H53,Helicopter,Turboprop/Turboshaft
SIKORSKY,S-70,H60,Helicopter,Turboprop/Turboshaft
SIKORSKY,S-70 Black Hawk,H60,Helicopter,Turboprop/Turboshaft
SIKORSKY,S-70 Desert Hawk,H60,Helicopter,Turboprop/Turboshaft
SIKORSKY,S-70 Firehawk,H60,Helicopter,Turboprop/Turboshaft
SIKORSKY,S-70 Super Blue Hawk,H60,Helicopter,Turboprop/Turboshaft
SIKORSKY,S-70 Thunderhawk,H60,Helicopter,Turboprop/Turboshaft
SIKORSKY,S-76,S76,Helicopter,Turboprop/Turboshaft
SIKORSKY,S-76 Spirit,S76,Helicopter,Turboprop/Turboshaft
SIKORSKY,S-80,H53S,Helicopter,Turboprop/Turboshaft
SIKORSKY,S-92 Helibus,S92,Helicopter,Turboprop/Turboshaft
SIKORSKY,Sea Dragon,H53S,Helicopter,Turboprop/Turboshaft
SIKORSKY,Sea King,S61,Helicopter,Turboprop/Turboshaft
SIKORSKY,Sea Stallion,H53,Helicopter,Turboprop/Turboshaft
SIKORSKY,Seabat,S58P,Helicopter,Piston
SIKORSKY,Seaguard,S62,Helicopter,Turboprop/Turboshaft
SIKORSKY,Seahawk,H60,Helicopter,Turboprop/Turboshaft
SIKORSKY,Seahorse,S58P,Helicopter,Piston
SIKORSKY,SH-3 Sea King,S61,Helicopter,Turboprop/Turboshaft
SIKORSKY,SH-34 Seabat,S58P,Helicopter,Piston
SIKORSKY,SH-60 Ocean Hawk,H60,Helicopter,Turboprop/Turboshaft
SIKORSKY,SH-60 Seahawk,H60,Helicopter,Turboprop/Turboshaft
SIKORSKY,Skycrane,S64,Helicopter,Turboprop/Turboshaft
SIKORSKY,Spirit,S76,Helicopter,Turboprop/Turboshaft
SIKORSKY,Strikehawk,H60,Helicopter,Turboprop/Turboshaft
SIKORSKY,Super Blue Hawk,H60,Helicopter,Turboprop/Turboshaft
SIKORSKY,Super Stallion,H53S,Helicopter,Turboprop/Turboshaft
SIKORSKY,Tarhe,S64,Helicopter,Turboprop/Turboshaft
SIKORSKY,TH-53,H53,Helicopter,Turboprop/Turboshaft
SIKORSKY,Thunderhawk,H60,Helicopter,Turboprop/Turboshaft
SIKORSKY,UH-3 Sea King,S61,Helicopter,Turboprop/Turboshaft
SIKORSKY,UH-19,S55P,Helicopter,Piston
SIKORSKY,UH-19 Chickasaw,S55P,Helicopter,Piston
SIKORSKY,UH-34 Seahorse,S58P,Helicopter,Piston
SIKORSKY,UH-60 Black Hawk,H60,Helicopter,Turboprop/Turboshaft
SIKORSKY,UH-60 Firehawk,H60,Helicopter,Turboprop/Turboshaft
SIKORSKY,UH-60 Yanshuf,H60,Helicopter,Turboprop/Turboshaft
SIKORSKY,VH-3 Sea King,S61,Helicopter,Turboprop/Turboshaft
SIKORSKY,VH-53 Sea Stallion,H53,Helicopter,Turboprop/Turboshaft
SIKORSKY,VH-60 White Hawk,H60,Helicopter,Turboprop/Turboshaft
SIKORSKY,White Hawk,H60,Helicopter,Turboprop/Turboshaft
SIKORSKY,Yanshuf,H60,Helicopter,Turboprop/Turboshaft
SIKORSKY,Yasur,H53,Helicopter,Turboprop/Turboshaft
SILENCE,Twister,TWST,Fixed-Wing,Piston
SILHOUETTE,SA-60 Silhouette,SILH,Fixed-Wing,Piston
SILHOUETTE,Silhouette,SILH,Fixed-Wing,Piston
SILVAIRE,8 Silvaire,L8,Fixed-Wing,Piston
SILVAIRE,Silvaire,L8,Fixed-Wing,Piston
SILVERCRAFT,SH-4,SH4,Helicopter,Piston
SINDLINGER,Hawker Hurricane,HAHU,Fixed-Wing,Piston
SINDLINGER,HH-1 Hawker Hurricane,HAHU,Fixed-Wing,Piston
SINGAPORE,A-4 Super Skyhawk,A4,Fixed-Wing,Jet
SINGAPORE,AS-332 Super Puma,AS32,Helicopter,Turboprop/Turboshaft
SINGAPORE,S-211,S211,Fixed-Wing,Jet
SINGAPORE,Super Puma,AS32,Helicopter,Turboprop/Turboshaft
SINGAPORE,Super Skyhawk,A4,Fixed-Wing,Jet
SINGAPORE,TA-4 Super Skyhawk,A4,Fixed-Wing,Jet
SINO SWEARINGEN,SJ-30,SJ30,Fixed-Wing,Jet
SIPA,Minijet,S200,Fixed-Wing,Jet
SIPA,S-200 Minijet,S200,Fixed-Wing,Jet
SIPA,S-901,S900,Fixed-Wing,Piston
SIPA,S-902,S900,Fixed-Wing,Piston
SIPA,S-903,S900,Fixed-Wing,Piston
SIPA,S-904,S900,Fixed-Wing,Piston
SIRAVIA,MJ-22 Tempête,MJ2,Fixed-Wing,Piston
SIRAVIA,Tempête,MJ2,Fixed-Wing,Piston
SISLER,Cygnet,SF2,Fixed-Wing,Piston
SISLER,SF-2 Cygnet,SF2,Fixed-Wing,Piston
SIVEL,Corriedale,CORR,Fixed-Wing,Piston
SIVEL,SD-27 Corriedale,CORR,Fixed-Wing,Piston
SKY RAIDER,Super Sky Raider,RAID,Fixed-Wing,Piston
SKY RAIDER,Frontier,FRNT,Fixed-Wing,Piston
SKYCRAFT,ARV Super 2,ARV1,Fixed-Wing,Piston
SKYCRAFT,Super 2,ARV1,Fixed-Wing,Piston
SKYDANCER,SD-260,SD26,Fixed-Wing,Piston
SKYETON,K-10 Swift,SK10,Fixed-Wing,Piston
SKYETON,Swift,SK10,Fixed-Wing,Piston
SKYFOX,CA-25 Gazelle,FOX,Fixed-Wing,Piston
SKYFOX,CA-25 Impala,FOX,Fixed-Wing,Piston
SKYFOX,Gazelle,FOX,Fixed-Wing,Piston
SKYFOX,Impala,FOX,Fixed-Wing,Piston
SKYGEAR,Comet,SCOM,Fixed-Wing,Piston
SKYGEAR,Albatross,SALB,Fixed-Wing,Piston
SKYLINE,SL-122  Pchelka,S122,Fixed-Wing,Piston
SKYLINE,Pchelka,S122,Fixed-Wing,Piston
SKYOTE AEROMARINE,Skyote,SKYO,Fixed-Wing,Piston
SKYSTAR,Kitfox,FOX,Fixed-Wing,Piston
SKYSTAR,Kitfox Vixen,VIX,Fixed-Wing,Piston
SKYSTAR,Kitfox Voyager,VIX,Fixed-Wing,Piston
SKYSTAR,Pulsar,PULS,Fixed-Wing,Piston
SKYWOOD,SW-18 Teddy,SW18,Fixed-Wing,Piston
SKYWOOD,Teddy,SW18,Fixed-Wing,Piston
SLEPCEV,SS-4 Storch,STOR,Fixed-Wing,Piston
SLEPCEV,Storch,STOR,Fixed-Wing,Piston
SLICK,360,SLK3,Fixed-Wing,Piston
SLICK,540,SLK5,Fixed-Wing,Piston
SLING AIRCRAFT,Sling 2,SLG2,Fixed-Wing,Piston
SLING AIRCRAFT,Sling LSA,SLG2,Fixed-Wing,Piston
SLING AIRCRAFT,Sling 4,SLG4,Fixed-Wing,Piston
SLING AIRCRAFT,Sling 4 TSi,SLG4,Fixed-Wing,Piston
SLING AIRCRAFT,Sling 4 High Wing,SLH4,Fixed-Wing,Piston
SLINGSBY,Firefly,RF6,Fixed-Wing,Piston
SLINGSBY,Nipper,NIPR,Fixed-Wing,Piston
SLINGSBY,T-3 Firefly,RF6,Fixed-Wing,Piston
SLINGSBY,T-66 Nipper,NIPR,Fixed-Wing,Piston
SLINGSBY,T-67 Firefly,RF6,Fixed-Wing,Piston
SLIPSTREAM,Dragonfly,DFLY,Fixed-Wing,Piston
SLIPSTREAM,Genesis,GSIS,Fixed-Wing,Piston
SLIPSTREAM,Revelation,GSIS,Fixed-Wing,Piston
SLIPSTREAM,Scepter,SCEP,Fixed-Wing,Piston
SLIPSTREAM,SkyBlaster,SBLS,Fixed-Wing,Piston
SLIPSTREAM,SkyQuest,SQES,Fixed-Wing,Piston
SLIPSTREAM,Ultra Sport,GSIS,Fixed-Wing,Piston
SMAN,Pétrel,PETR,Amphibian,Piston
SME,AeroTiga,MD3,Fixed-Wing,Piston
SME,MD-3 AeroTiga,MD3,Fixed-Wing,Piston
SME,MD-3 Tiga,MD3,Fixed-Wing,Piston
SME,Tiga,MD3,Fixed-Wing,Piston
SMITH (1),DSA-1 Miniplane,DSA1,Fixed-Wing,Piston
SMITH (1),Miniplane,DSA1,Fixed-Wing,Piston
SMITH (2),Termite,TERM,Fixed-Wing,Piston
SMITH (3),Acro Advanced,SACR,Fixed-Wing,Piston
SMITH AVIATION,PA-18 Super Cub,PA18,Fixed-Wing,Piston
SMITH AVIATION,PA-18T Super Cub,P18T,Fixed-Wing,Turboprop/Turboshaft
SMITH AVIATION,Super Cub,PA18,Fixed-Wing,Piston
SMITH AVIATION,Super Cub (PA-18T),P18T,Fixed-Wing,Turboprop/Turboshaft
SMYTH,S Sidewinder,SIDE,Fixed-Wing,Piston
SMYTH,Sidewinder,SIDE,Fixed-Wing,Piston
SNOBIRD,636 Snobird Adventurer,SNAD,Gyrocopter,Piston
SNOBIRD,Snobird Adventurer,SNAD,Gyrocopter,Piston
SNOW,S-2,SS2P,Fixed-Wing,Piston
SOCA,CP-301 Emeraude,CP30,Fixed-Wing,Piston
SOCA,Emeraude,CP30,Fixed-Wing,Piston
SOCATA,Diplomate,ST10,Fixed-Wing,Piston
SOCATA,Epsilon,TB30,Fixed-Wing,Piston
SOCATA,Epsilon 2,MS30,Fixed-Wing,Piston
SOCATA,Gabier,RALL,Fixed-Wing,Piston
SOCATA,Gaillard,RALL,Fixed-Wing,Piston
SOCATA,Galérien,RALL,Fixed-Wing,Piston
SOCATA,Galopin,RALL,Fixed-Wing,Piston
SOCATA,Garnement,RALL,Fixed-Wing,Piston
SOCATA,Gaucho,RALL,Fixed-Wing,Piston
SOCATA,Guerrier,RALL,Fixed-Wing,Piston
SOCATA,GY-80 Horizon,GY80,Fixed-Wing,Piston
SOCATA,Horizon,GY80,Fixed-Wing,Piston
SOCATA,MS-200FG Morane,MS18,Fixed-Wing,Piston
SOCATA,MS-200RG Morane,MS25,Fixed-Wing,Piston
SOCATA,MS-300 Epsilon 2,MS30,Fixed-Wing,Piston
SOCATA,MS-880 Rallye 100,RALL,Fixed-Wing,Piston
SOCATA,MS-880 Rallye Club,RALL,Fixed-Wing,Piston
SOCATA,MS-883 Rallye 115,RALL,Fixed-Wing,Piston
SOCATA,MS-884 Rallye Minerva,RALL,Fixed-Wing,Piston
SOCATA,MS-887 Rallye 125,RALL,Fixed-Wing,Piston
SOCATA,MS-892 Rallye 150,RALL,Fixed-Wing,Piston
SOCATA,MS-892 Rallye Commodore,RALL,Fixed-Wing,Piston
SOCATA,MS-893 Gaillard,RALL,Fixed-Wing,Piston
SOCATA,MS-893 Rallye Commodore,RALL,Fixed-Wing,Piston
SOCATA,MS-894 Minerva,RALL,Fixed-Wing,Piston
SOCATA,Omega,TB31,Fixed-Wing,Turboprop/Turboshaft
SOCATA,Provence,ST10,Fixed-Wing,Piston
SOCATA,Rallye 100,RALL,Fixed-Wing,Piston
SOCATA,Rallye 115,RALL,Fixed-Wing,Piston
SOCATA,Rallye 125,RALL,Fixed-Wing,Piston
SOCATA,Rallye 150,RALL,Fixed-Wing,Piston
SOCATA,Rallye 235,RALL,Fixed-Wing,Piston
SOCATA,Rallye Club,RALL,Fixed-Wing,Piston
SOCATA,Rallye Commodore,RALL,Fixed-Wing,Piston
SOCATA,Rallye Minerva,RALL,Fixed-Wing,Piston
SOCATA,ST-10 Diplomate,ST10,Fixed-Wing,Piston
SOCATA,ST-10 Provence,ST10,Fixed-Wing,Piston
SOCATA,ST-10 Super Horizon,ST10,Fixed-Wing,Piston
SOCATA,Super Horizon,ST10,Fixed-Wing,Piston
SOCATA,Tampico,TAMP,Fixed-Wing,Piston
SOCATA,Tangara,GA7,Fixed-Wing,Piston
SOCATA,TB-9 Tampico,TAMP,Fixed-Wing,Piston
SOCATA,TB-10 Tobago,TOBA,Fixed-Wing,Piston
SOCATA,TB-20 Trinidad,TB20,Fixed-Wing,Piston
SOCATA,TB-20 Pashosh,TB20,Fixed-Wing,Piston
SOCATA,TB-30 Epsilon,TB30,Fixed-Wing,Piston
SOCATA,TB-31 Omega,TB31,Fixed-Wing,Turboprop/Turboshaft
SOCATA,TB-200 Tobago,TOBA,Fixed-Wing,Piston
SOCATA,TB-360 Tangara,GA7,Fixed-Wing,Piston
SOCATA,TBM-850,TBM8,Fixed-Wing,Turboprop/Turboshaft
SOCATA,Tobago,TOBA,Fixed-Wing,Piston
SOCATA,Trinidad,TB20,Fixed-Wing,Piston
SOCATA,Pashosh,TB20,Fixed-Wing,Piston
SOCATA,TBM-930,TBM9,Fixed-Wing,Turboprop/Turboshaft
SOCATA,TBM-900,TBM9,Fixed-Wing,Turboprop/Turboshaft
SOCATA,TB-21 Trinidad TC,TB21,Fixed-Wing,Piston
SOCATA,Trinidad TC,TB21,Fixed-Wing,Piston
SOCATA,TBM-700A,TBM7,Fixed-Wing,Turboprop/Turboshaft
SOCATA,TBM-700B,TBM7,Fixed-Wing,Turboprop/Turboshaft
SOCATA,TBM-700C,TBM7,Fixed-Wing,Turboprop/Turboshaft
SOCATA,TBM-700N (TBM-850),TBM8,Fixed-Wing,Turboprop/Turboshaft
SOCATA,TBM-700N (TBM-900),TBM9,Fixed-Wing,Turboprop/Turboshaft
SOCATA,TBM-700N (TBM-930),TBM9,Fixed-Wing,Turboprop/Turboshaft
SOCATA,TBM-910,TBM9,Fixed-Wing,Turboprop/Turboshaft
SOCATA,TBM-700N (TBM-910),TBM9,Fixed-Wing,Turboprop/Turboshaft
SOKO,Jastreb,JAST,Fixed-Wing,Jet
SOKO,Kraguj,KRAG,Fixed-Wing,Piston
SOKO,N-60 Galeb,G2GL,Fixed-Wing,Jet
SOKO,N-62 Super Galeb,G4SG,Fixed-Wing,Jet
SOKO,NJ-21 Jastreb,JAST,Fixed-Wing,Jet
SOKO,P-2 Kraguj,KRAG,Fixed-Wing,Piston
SOKO,Partizan,GAZL,Helicopter,Turboprop/Turboshaft
SOKO,RJ-1 Jastreb,JAST,Fixed-Wing,Jet
SOKO,SA-341 Partizan,GAZL,Helicopter,Turboprop/Turboshaft
SOKO,SA-342 Partizan,GAZL,Helicopter,Turboprop/Turboshaft
SOKO,Super Galeb,G4SG,Fixed-Wing,Jet
SOKO,TJ-1 Jastreb,JAST,Fixed-Wing,Jet
SOKO,TJ-21 Jastreb,JAST,Fixed-Wing,Jet
SOKO,2,SOK2,Fixed-Wing,Piston
SOKO,G-2 Galeb,G2GL,Fixed-Wing,Jet
SOKO,G-4 Super Galeb,G4SG,Fixed-Wing,Jet
SOKO,Galeb,G2GL,Fixed-Wing,Jet
SOKO,H-45 Partizan,GAZL,Helicopter,Turboprop/Turboshaft
SOKO,HN-42 Partizan,GAZL,Helicopter,Turboprop/Turboshaft
SOKO,HN-45 Partizan,GAZL,Helicopter,Turboprop/Turboshaft
SOKO,HO-42 Partizan,GAZL,Helicopter,Turboprop/Turboshaft
SOKO,IJ-21 Jastreb,JAST,Fixed-Wing,Jet
SOKO,J-1 Jastreb,JAST,Fixed-Wing,Jet
SOKO,J-20 Kraguj,KRAG,Fixed-Wing,Piston
SOKO,J-21 Jastreb,JAST,Fixed-Wing,Jet
SOKO-CNIAR,Orao,YURO,Fixed-Wing,Jet
SOKO-CNIAR,J-22 Orao,YURO,Fixed-Wing,Jet
SOKO-CNIAR,NJ-22 Orao,YURO,Fixed-Wing,Jet
SOLAR IMPULSE,1,SOL1,Fixed-Wing,Electric
SOLAR IMPULSE,2,SOL2,Fixed-Wing,Electric
SOLOY,208 Dual-Pac Caravan,C08T,Fixed-Wing,Turboprop/Turboshaft
SOLOY,208 Pathfinder 21,C08T,Fixed-Wing,Turboprop/Turboshaft
SOLOY,Bell 47,B47T,Helicopter,Turboprop/Turboshaft
SOLOY,Dual-Pac Caravan,C08T,Fixed-Wing,Turboprop/Turboshaft
SOLOY,Hiller UH-12,H12T,Helicopter,Turboprop/Turboshaft
SOLOY,Pathfinder 21,C08T,Fixed-Wing,Turboprop/Turboshaft
SOLOY,Turbine 206,C06T,Fixed-Wing,Turboprop/Turboshaft
SOLOY,Turbine 207,C07T,Fixed-Wing,Turboprop/Turboshaft
SONACA,S-200,SLG2,Fixed-Wing,Piston
SONACA,S-201,SLG2,Fixed-Wing,Piston
SONACA,S-2,SLG2,Fixed-Wing,Piston
SONEX,Sonex,SONX,Fixed-Wing,Piston
SONEX,Waiex,WAIX,Fixed-Wing,Piston
SONEX,Xenos,XNOS,Fixed-Wing,Piston
SONEX,Onex,ONEX,Fixed-Wing,Piston
SONEX,JSX SubSonex,JSX,Fixed-Wing,Jet
SONEX,SubSonex,JSX,Fixed-Wing,Jet
SOPWITH,Pup,SPUP,Fixed-Wing,Piston
SOPWITH,Pup Replica,SPUP,Fixed-Wing,Piston
SOPWITH,Camel,CAML,Fixed-Wing,Piston
SOPWITH,Camel Replica,CAML,Fixed-Wing,Piston
SOPWITH,Triplane Replica,STRI,Fixed-Wing,Piston
SORRELL,EXP-2,SNS9,Fixed-Wing,Piston
SORRELL,Guppy,SNS2,Fixed-Wing,Piston
SORRELL,Hiperbipe,SNS7,Fixed-Wing,Piston
SORRELL,SNS-2 Guppy,SNS2,Fixed-Wing,Piston
SORRELL,SNS-7 Hiperbipe,SNS7,Fixed-Wing,Piston
SORRELL,SNS-9 EXP-2,SNS9,Fixed-Wing,Piston
SPARTAN,7 Executive,SP7,Fixed-Wing,Piston
SPARTAN,Executive,SP7,Fixed-Wing,Piston
SPARTAN,UC-71 Executive,SP7,Fixed-Wing,Piston
SPECTER,Specter 2,SPC2,Fixed-Wing,Piston
SPECTRUM,Independence,SP33,Fixed-Wing,Jet
SPECTRUM,S-33 Independence,SP33,Fixed-Wing,Jet
SPEEDTWIN,E2E Speedtwin,ST1,Fixed-Wing,Piston
SPEEDTWIN,Speedtwin,ST1,Fixed-Wing,Piston
SPENCER,Air Car,S12,Amphibian,Piston
SPENCER,Air Car Junior,ACJR,Amphibian,Piston
SPENCER,S-12 Air Car,S12,Amphibian,Piston
SPEZIO,DAL-1 Tuholer,DAL1,Fixed-Wing,Piston
SPEZIO,Tuholer,DAL1,Fixed-Wing,Piston
SPORT COPTER,SportCopter 2,SCII,Gyrocopter,Piston
SPORT PERFORMANCE,Panther,PNTH,Fixed-Wing,Piston
SPORT RACER,Sport Racer,SRAC,Fixed-Wing,Piston
SPORTAVIA-PUTZER,Falke,SF25,Fixed-Wing,Piston
SPORTAVIA-PUTZER,Milan,SF31,Fixed-Wing,Piston
SPORTAVIA-PUTZER,RF-4,RF4,Fixed-Wing,Piston
SPORTAVIA-PUTZER,RF-5,RF5,Fixed-Wing,Piston
SPORTAVIA-PUTZER,RF-5 Sperber,RF5,Fixed-Wing,Piston
SPORTAVIA-PUTZER,RS-180 Sportsman,RS18,Fixed-Wing,Piston
SPORTAVIA-PUTZER,SF-25 Falke,SF25,Fixed-Wing,Piston
SPORTAVIA-PUTZER,SFS-31 Milan,SF31,Fixed-Wing,Piston
SPORTAVIA-PUTZER,Sperber,RF5,Fixed-Wing,Piston
SPORTAVIA-PUTZER,Sportsman,RS18,Fixed-Wing,Piston
SPORTINE AVIACIJA,LAK-17AT,LK17,Fixed-Wing,Piston
SPORTINE AVIACIJA,LAK-19T,LK19,Fixed-Wing,Piston
SPORTINE AVIACIJA,LAK-20M,LK20,Fixed-Wing,Piston
SPRATT,107,S107,SeaPlane,Piston
SPRING,Sprint,WS22,Fixed-Wing,Piston
SPRING,WS-202 Sprint,WS22,Fixed-Wing,Piston
SREYA,Envoy,SA6E,Fixed-Wing,Turboprop/Turboshaft
SREYA,SA-6 Envoy,SA6E,Fixed-Wing,Turboprop/Turboshaft
SSH,Jungmann,BU31,Fixed-Wing,Piston
SSH,T-131 Jungmann,BU31,Fixed-Wing,Piston
ST. CROIX,Pietenpol Aerial,PARL,Fixed-Wing,Piston
ST. CROIX,Pietenpol Aircamper,CAMP,Fixed-Wing,Piston
ST. CROIX,Sopwith Triplane,STRI,Fixed-Wing,Piston
ST. JUST,Super Cyclone,C185,Fixed-Wing,Piston
STAMPE,SV-4,SV4,Fixed-Wing,Piston
STAR-LITE,SL-1 Star-Lite,SL1,Fixed-Wing,Piston
STAR-LITE,Star-Lite,SL1,Fixed-Wing,Piston
STARCK,AS-80 Holiday,AS80,Fixed-Wing,Piston
STARCK,Holiday,AS80,Fixed-Wing,Piston
STARFIRE,Firebolt Convertible,FIBO,Fixed-Wing,Piston
STARK,CP-301 Emeraude,CP30,Fixed-Wing,Piston
STARK,D-31 Turbulent,D31,Fixed-Wing,Piston
STARK,Emeraude,CP30,Fixed-Wing,Piston
STARK,Turbulent,D31,Fixed-Wing,Piston
STARK-TREFETHEN,Sport-Aire 2,SPA2,Fixed-Wing,Piston
STARKRAFT,SK-700,SK70,Fixed-Wing,Piston
STARPAC,Phoenix Flyer,T211,Fixed-Wing,Piston
STATLER,Firefly,STFF,Fixed-Wing,Piston
STATUS AVIA,SA-1 Status,CE27,Amphibian,Piston
STATUS AVIA,Status,CE27,Amphibian,Piston
STAUDACHER,S-300,ST30,Fixed-Wing,Piston
STAUDACHER,S-600,ST60,Fixed-Wing,Piston
STEARMAN,75 Kaydet,ST75,Fixed-Wing,Piston
STEARMAN,Kaydet,ST75,Fixed-Wing,Piston
STEARMAN,PT-13 Kaydet,ST75,Fixed-Wing,Piston
STEARMAN,PT-17 Kaydet,ST75,Fixed-Wing,Piston
STEARMAN,C-3,ST3,Fixed-Wing,Piston
STEARMAN,4 Junior Speedmail,ST4,Fixed-Wing,Piston
STEARMAN,4 Senior Speedmail,ST4,Fixed-Wing,Piston
STEARMAN,Junior Speedmail,ST4,Fixed-Wing,Piston
STEARMAN,Senior Speedmail,ST4,Fixed-Wing,Piston
STEARMAN,Speedmail,ST4,Fixed-Wing,Piston
STEARMAN,6 Cloudboy,ST6,Fixed-Wing,Piston
STEARMAN,Cloudboy,ST6,Fixed-Wing,Piston
STEARMAN,YPT-9,ST6,Fixed-Wing,Piston
STEEN,Skybolt,BOLT,Fixed-Wing,Piston
STEMME,Chrysalis,S10S,Fixed-Wing,Piston
STEMME,S-10,S10S,Fixed-Wing,Piston
STEMME,S-10 Chrysalis,S10S,Fixed-Wing,Piston
STEMME,S-12 Twin Voyager,S12S,Fixed-Wing,Piston
STEMME,Twin Voyager,S12S,Fixed-Wing,Piston
STEMME,S-15,S15S,Fixed-Wing,Piston
STEMME,S-15 Patroller,S15U,Fixed-Wing,Piston
STEMME,Patroller,S15U,Fixed-Wing,Piston
STEMME,Remos GX,GX,Fixed-Wing,Piston
STEMME,GX,GX,Fixed-Wing,Piston
STEMME,S-6,S6,Fixed-Wing,Piston
STEPHENS,Akro,AKRO,Fixed-Wing,Piston
STERN,Europlane,ST87,Fixed-Wing,Piston
STERN,ST-87 Europlane,ST87,Fixed-Wing,Piston
STERN-MALLICK,SM-01 Vega,SM01,Fixed-Wing,Piston
STERN-MALLICK,Vega,SM01,Fixed-Wing,Piston
STEWART (1),S-51D,S51D,Fixed-Wing,Piston
STEWART (2),Foo Fighter,FOOF,Fixed-Wing,Piston
STEWART (2),Headwind,HEAD,Fixed-Wing,Piston
STEWART (2),JD-1 Headwind,HEAD,Fixed-Wing,Piston
STEWART (2),JD-2 Foo Fighter,FOOF,Fixed-Wing,Piston
STEWART (2),SAC-1 Headwind,HEAD,Fixed-Wing,Piston
STINSON,10 Voyager,S10,Fixed-Wing,Piston
STINSON,105,S10,Fixed-Wing,Piston
STINSON,108 Station Wagon,S108,Fixed-Wing,Piston
STINSON,108 Voyager,S108,Fixed-Wing,Piston
STINSON,A Tri-Motor,TRMA,Fixed-Wing,Piston
STINSON,AT-19 Reliant,RELI,Fixed-Wing,Piston
STINSON,HW-75,S10,Fixed-Wing,Piston
STINSON,HW-80,S10,Fixed-Wing,Piston
STINSON,L-5 Sentinel,L5,Fixed-Wing,Piston
STINSON,OY Sentinel,L5,Fixed-Wing,Piston
STINSON,Reliant,RELI,Fixed-Wing,Piston
STINSON,Sentinel,L5,Fixed-Wing,Piston
STINSON,SM-6000 Tri-Motor,SM60,Fixed-Wing,Piston
STINSON,SR Reliant,RELI,Fixed-Wing,Piston
STINSON,Station Wagon,S108,Fixed-Wing,Piston
STINSON,T Tri-Motor,SM60,Fixed-Wing,Piston
STINSON,Tri-Motor (A),TRMA,Fixed-Wing,Piston
STINSON,Tri-Motor (SM-6000/T),SM60,Fixed-Wing,Piston
STINSON,U-19 Sentinel,L5,Fixed-Wing,Piston
STINSON,V-76 Sentinel,L5,Fixed-Wing,Piston
STINSON,V-77 Reliant,RELI,Fixed-Wing,Piston
STINSON,Voyager (10),S10,Fixed-Wing,Piston
STINSON,Voyager (108),S108,Fixed-Wing,Piston
STITS,Flut-R-Bug,SA6,Fixed-Wing,Piston
STITS,Playboy,SA3,Fixed-Wing,Piston
STITS,Playmate,SA11,Fixed-Wing,Piston
STITS,SA-3 Playboy,SA3,Fixed-Wing,Piston
STITS,SA-6 Flut-R-Bug,SA6,Fixed-Wing,Piston
STITS,SA-7 Sky-Coupe,SA7,Fixed-Wing,Piston
STITS,SA-11 Playmate,SA11,Fixed-Wing,Piston
STITS,Sky-Coupe,SA7,Fixed-Wing,Piston
STODDARD-HAMILTON,Glasair,GLAS,Fixed-Wing,Piston
STODDARD-HAMILTON,GlaStar,GLST,Fixed-Wing,Piston
STODDARD-HAMILTON,SH-4 GlaStar,GLST,Fixed-Wing,Piston
STODDARD-HAMILTON,Turbine Glasair,GLTU,Fixed-Wing,Turboprop/Turboshaft
STOLP,Acroduster,SA70,Fixed-Wing,Piston
STOLP,Acroduster Too,SA75,Fixed-Wing,Piston
STOLP,SA-100 Starduster,SA10,Fixed-Wing,Piston
STOLP,SA-300 Starduster Too,SA30,Fixed-Wing,Piston
STOLP,SA-500 Starlet,SA50,Fixed-Wing,Piston
STOLP,SA-700 Acroduster,SA70,Fixed-Wing,Piston
STOLP,SA-750 Acroduster Too,SA75,Fixed-Wing,Piston
STOLP,Starduster,SA10,Fixed-Wing,Piston
STOLP,Starduster Too,SA30,Fixed-Wing,Piston
STOLP,Starlet,SA50,Fixed-Wing,Piston
STOLP,Super Starduster,SDUS,Fixed-Wing,Piston
STORCH AVIATION,SS-4 Storch,STOR,Fixed-Wing,Piston
STORCH AVIATION,SS-4 Super Storch,STOR,Fixed-Wing,Piston
STORCH AVIATION,Storch,STOR,Fixed-Wing,Piston
STORCH AVIATION,Super Storch,STOR,Fixed-Wing,Piston
STORMAIRCRAFT,Rally,SGRA,Fixed-Wing,Piston
STORMAIRCRAFT,Storm,STRM,Fixed-Wing,Piston
STREAMLINE WELDING,10 Ultimate Competitor,UL10,Fixed-Wing,Piston
STREAMLINE WELDING,10 Ultimate Winner,UL10,Fixed-Wing,Piston
STREAMLINE WELDING,20 Ultimate Companion,UL20,Fixed-Wing,Piston
STREAMLINE WELDING,Ultimate Companion,UL20,Fixed-Wing,Piston
STREAMLINE WELDING,Ultimate Competitor,UL10,Fixed-Wing,Piston
STREAMLINE WELDING,Ultimate Winner,UL10,Fixed-Wing,Piston
STRIPLIN,Lone Ranger,STRA,Fixed-Wing,Piston
STRIPLIN,Sky Ranger,STRA,Fixed-Wing,Piston
STROJNIK,S-2,STR2,Fixed-Wing,Piston
SUD,Alouette 2,ALO2,Helicopter,Turboprop/Turboshaft
SUD,Alouette 3,ALO3,Helicopter,Turboprop/Turboshaft
SUD,CM-170R Magister,FOUG,Fixed-Wing,Jet
SUD,Djinn,DJIN,Helicopter,Turboprop/Turboshaft
SUD,Fennec,T28,Fixed-Wing,Piston
SUD,Gazelle,GAZL,Helicopter,Turboprop/Turboshaft
SUD,GY-80 Horizon,GY80,Fixed-Wing,Piston
SUD,Horizon,GY80,Fixed-Wing,Piston
SUD,Lama,LAMA,Helicopter,Turboprop/Turboshaft
SUD,Magister,FOUG,Fixed-Wing,Jet
SUD,Puma,PUMA,Helicopter,Turboprop/Turboshaft
SUD,S-58,S58P,Helicopter,Piston
SUD,SA-315 Lama,LAMA,Helicopter,Turboprop/Turboshaft
SUD,SA-316 Alouette 3,ALO3,Helicopter,Turboprop/Turboshaft
SUD,SA-318 Alouette 2,ALO2,Helicopter,Turboprop/Turboshaft
SUD,SA-319 Alouette 3,ALO3,Helicopter,Turboprop/Turboshaft
SUD,SA-321 Super Frelon,FREL,Helicopter,Turboprop/Turboshaft
SUD,SA-330 Puma,PUMA,Helicopter,Turboprop/Turboshaft
SUD,SA-341 Gazelle,GAZL,Helicopter,Turboprop/Turboshaft
SUD,SA-342 Gazelle,GAZL,Helicopter,Turboprop/Turboshaft
SUD,SA-3180 Alouette 2,ALO2,Helicopter,Turboprop/Turboshaft
SUD,SE-313 Alouette 2,ALO2,Helicopter,Turboprop/Turboshaft
SUD,SE-3130 Alouette 2,ALO2,Helicopter,Turboprop/Turboshaft
SUD,SE-3160 Alouette 3,ALO3,Helicopter,Turboprop/Turboshaft
SUD,SO-1221 Djinn,DJIN,Helicopter,Turboprop/Turboshaft
SUD,SO-4050 Vautour,VAUT,Fixed-Wing,Jet
SUD,Super Frelon,FREL,Helicopter,Turboprop/Turboshaft
SUD,T-28 Fennec,T28,Fixed-Wing,Piston
SUD,Vautour,VAUT,Fixed-Wing,Jet
SUD-EST,Alouette 2,ALO2,Helicopter,Turboprop/Turboshaft
SUD-EST,SE-3130 Alouette 2,ALO2,Helicopter,Turboprop/Turboshaft
SUD-OUEST,Djinn,DJIN,Helicopter,Turboprop/Turboshaft
SUD-OUEST,SO-1221 Djinn,DJIN,Helicopter,Turboprop/Turboshaft
SUDFLUG,CM-170R Magister,FOUG,Fixed-Wing,Jet
SUDFLUG,Magister,FOUG,Fixed-Wing,Jet
SUKHOI,Berkut,S37,Fixed-Wing,Jet
SUKHOI,J-11,SU27,Fixed-Wing,Jet
SUKHOI,JJ-11,SU27,Fixed-Wing,Jet
SUKHOI,S-37 Berkut,S37,Fixed-Wing,Jet
SUKHOI,Scorpion,SU25,Fixed-Wing,Jet
SUKHOI,Su-7,SU7,Fixed-Wing,Jet
SUKHOI,Su-17,SU17,Fixed-Wing,Jet
SUKHOI,Su-20,SU17,Fixed-Wing,Jet
SUKHOI,Su-22,SU17,Fixed-Wing,Jet
SUKHOI,Su-24,SU24,Fixed-Wing,Jet
SUKHOI,Su-25,SU25,Fixed-Wing,Jet
SUKHOI,Su-25 Scorpion,SU25,Fixed-Wing,Jet
SUKHOI,Su-26,SU26,Fixed-Wing,Piston
SUKHOI,Su-27,SU27,Fixed-Wing,Jet
SUKHOI,Su-28,SU25,Fixed-Wing,Jet
SUKHOI,Su-29,SU29,Fixed-Wing,Piston
SUKHOI,Su-30,SU27,Fixed-Wing,Jet
SUKHOI,Su-31,SU31,Fixed-Wing,Piston
SUKHOI,Su-32,SU27,Fixed-Wing,Jet
SUKHOI,Su-33,SU27,Fixed-Wing,Jet
SUKHOI,Su-34,SU27,Fixed-Wing,Jet
SUKHOI,Su-35,SU27,Fixed-Wing,Jet
SUKHOI,Su-37,SU27,Fixed-Wing,Jet
SUKHOI,Su-38,SU38,Fixed-Wing,Piston
SUKHOI,Su-39,SU25,Fixed-Wing,Jet
SUKHOI,Su-47 Berkut,S37,Fixed-Wing,Jet
SUKHOI,Su-80,SU80,Fixed-Wing,Turboprop/Turboshaft
SUKHOI,Superjet 100-95,SU95,Fixed-Wing,Jet
SUKHOI,T-50,SU57,Fixed-Wing,Jet
SUKHOI,Su-57,SU57,Fixed-Wing,Jet
SUMMIT,O2-337 Sentry,C337,Fixed-Wing,Piston
SUMMIT,Sentry,C337,Fixed-Wing,Piston
SUNDERLAND,S-18,T18,Fixed-Wing,Piston
SUPAPUP,Aeropup,APUP,Fixed-Wing,Piston
SUPER 18,S-18 Super 18,PA18,Fixed-Wing,Piston
SUPER 18,Super 18,PA18,Fixed-Wing,Piston
SUPER-CHIPMUNK,Super-Chipmunk,CHIP,Fixed-Wing,Piston
SUPERMARINE,Seafire,SPIT,Fixed-Wing,Piston
SUPERMARINE,Spitfire,SPIT,Fixed-Wing,Piston
SUPERMARINE,Swift,SWIF,Fixed-Wing,Jet
SUPERMARINE AIRCRAFT,Spitfire Mk25,SASP,Fixed-Wing,Piston
SUPERMARINE AIRCRAFT,Spitfire Mk26,SASP,Fixed-Wing,Piston
SWEARINGEN,800 (65),BE65,Fixed-Wing,Piston
SWEARINGEN,800 (80),BE80,Fixed-Wing,Piston
SWEARINGEN,Excalibur,BE50,Fixed-Wing,Piston
SWEARINGEN,Merlin 2,SW2,Fixed-Wing,Turboprop/Turboshaft
SWEARINGEN,Merlin 3,SW3,Fixed-Wing,Turboprop/Turboshaft
SWEARINGEN,Merlin 4,SW4,Fixed-Wing,Turboprop/Turboshaft
SWEARINGEN,Metro,SW4,Fixed-Wing,Turboprop/Turboshaft
SWEARINGEN,SA-26 Merlin 2,SW2,Fixed-Wing,Turboprop/Turboshaft
SWEARINGEN,SA-226AT Merlin 4,SW4,Fixed-Wing,Turboprop/Turboshaft
SWEARINGEN,SA-226T Merlin 3,SW3,Fixed-Wing,Turboprop/Turboshaft
SWEARINGEN,SA-226TB Merlin 3,SW3,Fixed-Wing,Turboprop/Turboshaft
SWEARINGEN,SA-226TC Metro,SW4,Fixed-Wing,Turboprop/Turboshaft
SWEARINGEN,SJ-30,SJ30,Fixed-Wing,Jet
SWEARINGEN,SX-300,SX30,Fixed-Wing,Piston
SWEARINGEN,Taurus 90,BE9L,Fixed-Wing,Turboprop/Turboshaft
SWICK,Swick-T,TAYB,Fixed-Wing,Piston
SWISS EXCELLENCE,Risen,RISN,Fixed-Wing,Piston
SYMPHONY,SA-160 Symphony,SYMP,Fixed-Wing,Piston
SYMPHONY,Symphony,SYMP,Fixed-Wing,Piston
SYNAIRGIE,Sky Ranger,SKRA,Fixed-Wing,Piston
SZD,Bocian M-2000,SZ9M,Fixed-Wing,Piston
SZD,Ogar,SZ45,Fixed-Wing,Piston
SZD,SZD-9bis Bocian M-2000,SZ9M,Fixed-Wing,Piston
SZD,SZD-45 Ogar,SZ45,Fixed-Wing,Piston
T & T AVIATION,Falcon,CORO,Fixed-Wing,Piston
TAI,AS-532 Cougar,AS32,Helicopter,Turboprop/Turboshaft
TAI,CN-235,CN35,Fixed-Wing,Turboprop/Turboshaft
TAI,CN-235 Persuader,CN35,Fixed-Wing,Turboprop/Turboshaft
TAI,F-16 Fighting Falcon,F16,Fixed-Wing,Jet
TAI,SF-260,F260,Fixed-Wing,Piston
TAI,ZIU,ZIU,Fixed-Wing,Piston
TAI,T-129,A129,Helicopter,Turboprop/Turboshaft
TAI,Cougar,AS32,Helicopter,Turboprop/Turboshaft
TAI,Persuader,CN35,Fixed-Wing,Turboprop/Turboshaft
TAI,Fighting Falcon,F16,Fixed-Wing,Jet
TAI,Hürku?,HURK,Fixed-Wing,Turboprop/Turboshaft
TAI,KT-1,KT1,Fixed-Wing,Turboprop/Turboshaft
TAI,TT-32 Hürku?,HURK,Fixed-Wing,Turboprop/Turboshaft
TAI,Anka,ANKA,Fixed-Wing,Piston
TAIFUN,DMZ-2 Osa,DUB2,Fixed-Wing,Piston
TAIFUN,Osa,DUB2,Fixed-Wing,Piston
TAIWAN DANCER,TD-1,TD1,Fixed-Wing,Piston
TAIWAN DANCER,TD-3 Alluvion Legend,TD3,Fixed-Wing,Piston
TAIWAN DANCER,Alluvion Legend,TD3,Fixed-Wing,Piston
TAM,TAM-Jet,TJET,Fixed-Wing,Jet
TAMARIND,Commuter,COMU,Helicopter,Piston
TAMARIND,H-1 Commuter,COMU,Helicopter,Piston
TANEJA,AP-68TP-600 Viator,VTOR,Fixed-Wing,Turboprop/Turboshaft
TANEJA,Hansa,NAL2,Fixed-Wing,Piston
TANEJA,NALLA-2 Hansa,NAL2,Fixed-Wing,Piston
TANEJA,Observer,P68,Fixed-Wing,Piston
TANEJA,P-68,P68,Fixed-Wing,Piston
TANEJA,P-68 Observer,P68,Fixed-Wing,Piston
TANEJA,T-211,T211,Fixed-Wing,Piston
TANEJA,Viator,VTOR,Fixed-Wing,Turboprop/Turboshaft
TAPANEE,Levitation 4,LEVI,Fixed-Wing,Piston
TAPANEE,Pegazair,PEGZ,Fixed-Wing,Piston
TAYLOR (1),Cub (E-2),E2CB,Fixed-Wing,Piston
TAYLOR (1),Cub (J-2),J2,Fixed-Wing,Piston
TAYLOR (1),E-2 Cub,E2CB,Fixed-Wing,Piston
TAYLOR (1),J-2 Cub,J2,Fixed-Wing,Piston
TAYLOR (2),Coot,COOT,Amphibian,Piston
TAYLOR (2),Mini-Imp,MIMP,Fixed-Wing,Piston
TAYLOR (2),Super Coot,COOT,Amphibian,Piston
TAYLOR (3),Bird,BIRD,Fixed-Wing,Piston
TAYLOR (3),TA-2 Bird,BIRD,Fixed-Wing,Piston
TAYLOR (3),TA-3 Bird,BIRD,Fixed-Wing,Piston
TAYLOR (4),JT-2 Titch,JT2,Fixed-Wing,Piston
TAYLOR (4),Titch,JT2,Fixed-Wing,Piston
TAYLOR KITS,T-Kraft,TF21,Fixed-Wing,Piston
TAYLOR-YOUNG,A,TAYA,Fixed-Wing,Piston
TAYLOR-YOUNG,BC,TAYB,Fixed-Wing,Piston
TAYLOR-YOUNG,BF,TAYB,Fixed-Wing,Piston
TAYLOR-YOUNG,BL,TAYB,Fixed-Wing,Piston
TAYLORCRAFT (1),15 Foursome,TA15,Fixed-Wing,Piston
TAYLORCRAFT (1),15 Tourist,TA15,Fixed-Wing,Piston
TAYLORCRAFT (1),19 Sportsman,TF19,Fixed-Wing,Piston
TAYLORCRAFT (1),20 Ranchwagon,TA20,Fixed-Wing,Piston
TAYLORCRAFT (1),20 Seabird,TA20,Fixed-Wing,Piston
TAYLORCRAFT (1),20 Topper,TA20,Fixed-Wing,Piston
TAYLORCRAFT (1),20 Zephyr 400,TA20,Fixed-Wing,Piston
TAYLORCRAFT (1),A,TAYA,Fixed-Wing,Piston
TAYLORCRAFT (1),Ace,TAYB,Fixed-Wing,Piston
TAYLORCRAFT (1),BC,TAYB,Fixed-Wing,Piston
TAYLORCRAFT (1),BC Ace,TAYB,Fixed-Wing,Piston
TAYLORCRAFT (1),BC Sportsman,TAYB,Fixed-Wing,Piston
TAYLORCRAFT (1),BC Traveller,TAYB,Fixed-Wing,Piston
TAYLORCRAFT (1),BC Twosome,TAYB,Fixed-Wing,Piston
TAYLORCRAFT (1),BF,TAYB,Fixed-Wing,Piston
TAYLORCRAFT (1),BL,TAYB,Fixed-Wing,Piston
TAYLORCRAFT (1),Classic,TF22,Fixed-Wing,Piston
TAYLORCRAFT (1),DC,TAYD,Fixed-Wing,Piston
TAYLORCRAFT (1),DCO,TAYD,Fixed-Wing,Piston
TAYLORCRAFT (1),DF,TAYD,Fixed-Wing,Piston
TAYLORCRAFT (1),DL,TAYD,Fixed-Wing,Piston
TAYLORCRAFT (1),F-19 Sportsman,TF19,Fixed-Wing,Piston
TAYLORCRAFT (1),F-21,TF21,Fixed-Wing,Piston
TAYLORCRAFT (1),F-22 Classic,TF22,Fixed-Wing,Piston
TAYLORCRAFT (1),F-22 Ranger,TF22,Fixed-Wing,Piston
TAYLORCRAFT (1),F-22 Tracker,TF22,Fixed-Wing,Piston
TAYLORCRAFT (1),F-22 Tri-Classic,TF22,Fixed-Wing,Piston
TAYLORCRAFT (1),F-22 Trooper,TF22,Fixed-Wing,Piston
TAYLORCRAFT (1),Foursome,TA15,Fixed-Wing,Piston
TAYLORCRAFT (1),L-2,TAYD,Fixed-Wing,Piston
TAYLORCRAFT (1),O-57,TAYD,Fixed-Wing,Piston
TAYLORCRAFT (1),Ranchwagon,TA20,Fixed-Wing,Piston
TAYLORCRAFT (1),Ranger,TF22,Fixed-Wing,Piston
TAYLORCRAFT (1),Seabird,TA20,Fixed-Wing,Piston
TAYLORCRAFT (1),Sportsman (BC),TAYB,Fixed-Wing,Piston
TAYLORCRAFT (1),Sportsman (F-19),TF19,Fixed-Wing,Piston
TAYLORCRAFT (1),Topper,TA20,Fixed-Wing,Piston
TAYLORCRAFT (1),Tourist,TA15,Fixed-Wing,Piston
TAYLORCRAFT (1),Tracker,TF22,Fixed-Wing,Piston
TAYLORCRAFT (1),Traveller,TAYB,Fixed-Wing,Piston
TAYLORCRAFT (1),Tri-Classic,TF22,Fixed-Wing,Piston
TAYLORCRAFT (1),Trooper,TF22,Fixed-Wing,Piston
TAYLORCRAFT (1),Twosome,TAYB,Fixed-Wing,Piston
TAYLORCRAFT (1),Zephyr 400,TA20,Fixed-Wing,Piston
TAYLORCRAFT (2),Auster 1,PLUS,Fixed-Wing,Piston
TAYLORCRAFT (2),Auster 3,AUS3,Fixed-Wing,Piston
TAYLORCRAFT (2),Auster 4,AUS4,Fixed-Wing,Piston
TAYLORCRAFT (2),Auster 5,AUS5,Fixed-Wing,Piston
TAYLORCRAFT (2),Auster 5 Alpha,AUS5,Fixed-Wing,Piston
TAYLORCRAFT (2),Auster AOP6,AUS6,Fixed-Wing,Piston
TAYLORCRAFT (2),Autocrat,J1,Fixed-Wing,Piston
TAYLORCRAFT (2),E,AUS3,Fixed-Wing,Piston
TAYLORCRAFT (2),G,AUS4,Fixed-Wing,Piston
TAYLORCRAFT (2),J,AUS5,Fixed-Wing,Piston
TAYLORCRAFT (2),J-1 Autocrat,J1,Fixed-Wing,Piston
TAYLORCRAFT (2),K,AUS6,Fixed-Wing,Piston
TAYLORCRAFT (2),Plus C,PLUS,Fixed-Wing,Piston
TAYLORCRAFT (2),Plus D,PLUS,Fixed-Wing,Piston
TBM,TBM-700,TBM7,Fixed-Wing,Turboprop/Turboshaft
TBM,TBM-700A,TBM7,Fixed-Wing,Turboprop/Turboshaft
TEAL,Teal,TEAL,Amphibian,Piston
TEAL,TSC-1 Teal,TEAL,Amphibian,Piston
TEAM ROCKET,F-1,TRF1,Fixed-Wing,Piston
TEAM TANGO,Foxtrot-4,FOXT,Fixed-Wing,Piston
TEAM TANGO,Tango-2,TAGO,Fixed-Wing,Piston
TECH'AERO,TR-200,TR20,Fixed-Wing,Piston
TECHNOAVIA,Finist,SM92,Fixed-Wing,Piston
TECHNOAVIA,Slava,SP91,Fixed-Wing,Piston
TECHNOAVIA,SM-92 Finist,SM92,Fixed-Wing,Piston
TECHNOAVIA,SM-92T Turbo Finist,SG92,Fixed-Wing,Turboprop/Turboshaft
TECHNOAVIA,SM-94,Y18T,Fixed-Wing,Piston
TECHNOAVIA,SM-2000,SM20,Fixed-Wing,Turboprop/Turboshaft
TECHNOAVIA,SM-2000P,Y18T,Fixed-Wing,Piston
TECHNOAVIA,SMG-92 Turbo Finist,SG92,Fixed-Wing,Turboprop/Turboshaft
TECHNOAVIA,SP-55,SP55,Fixed-Wing,Piston
TECHNOAVIA,SP-91 Slava,SP91,Fixed-Wing,Piston
TECHNOAVIA,SP-95,SP95,Fixed-Wing,Piston
TECHNOAVIA,Turbo Finist,SG92,Fixed-Wing,Turboprop/Turboshaft
TECHNOAVIA,Rysachok,RYSA,Fixed-Wing,Turboprop/Turboshaft
TECHNOFLUG,Carat,TFK2,Fixed-Wing,Piston
TECHNOFLUG,TFK-2 Carat,TFK2,Fixed-Wing,Piston
TECNAM,Bravo,BRAV,Fixed-Wing,Piston
TECNAM,Echo,ECHO,Fixed-Wing,Piston
TECNAM,Golf,GOLF,Fixed-Wing,Piston
TECNAM,P-92 Echo,ECHO,Fixed-Wing,Piston
TECNAM,P-92 SeaSky,ECHO,Fixed-Wing,Piston
TECNAM,P-96 Golf,GOLF,Fixed-Wing,Piston
TECNAM,P-2002 Sierra,SIRA,Fixed-Wing,Piston
TECNAM,P-2004 Bravo,BRAV,Fixed-Wing,Piston
TECNAM,SeaSky,ECHO,Fixed-Wing,Piston
TECNAM,Sierra,SIRA,Fixed-Wing,Piston
TECNAM,Astore,ASTO,Fixed-Wing,Piston
TECNAM,P-2010 Twenty-Ten,TWEN,Fixed-Wing,Piston
TECNAM,Twenty-Ten,TWEN,Fixed-Wing,Piston
TECNAM,P-2012 Traveller,P212,Fixed-Wing,Piston
TECNAM,Traveller,P212,Fixed-Wing,Piston
TECNAM,FR-01 Snap,SNAP,Fixed-Wing,Piston
TECNAM,FR-100 Snap,SNAP,Fixed-Wing,Piston
TECNAM,Snap,SNAP,Fixed-Wing,Piston
TECNAM,P-2002,SIRA,Fixed-Wing,Piston
TECNAM,P-2006T,P06T,Fixed-Wing,Piston
TECNAM,P-2008,P208,Fixed-Wing,Piston
TECNAM,P-92 Eaglet,ECHO,Fixed-Wing,Piston
TECNAM,Eaglet,ECHO,Fixed-Wing,Piston
TED SMITH,Aerostar,AEST,Fixed-Wing,Piston
TEMCO,8 Silvaire,L8,Fixed-Wing,Piston
TEMCO,11A Sedan,L11,Fixed-Wing,Piston
TEMCO,Buckaroo,T35,Fixed-Wing,Piston
TEMCO,D-16 Twin Navion,TNAV,Fixed-Wing,Piston
TEMCO,GC-1 Swift,GC1,Fixed-Wing,Piston
TEMCO,Sedan,L11,Fixed-Wing,Piston
TEMCO,Silvaire,L8,Fixed-Wing,Piston
TEMCO,Swift,GC1,Fixed-Wing,Piston
TEMCO,T-35 Buckaroo,T35,Fixed-Wing,Piston
TEMCO,TE-1 Buckaroo,T35,Fixed-Wing,Piston
TEMCO,Twin Navion,TNAV,Fixed-Wing,Piston
TENNESSEE VALLEY,BD-4,BD4,Fixed-Wing,Piston
TERR-MAR,Turbo Sea Thrush,SS2T,Fixed-Wing,Turboprop/Turboshaft
TERRAFUGIA,Transition,TSTN,Fixed-Wing,Piston
TERZI,Katana,T30,Fixed-Wing,Piston
TERZI,Stiletto,STIL,Fixed-Wing,Piston
TERZI,T-9 Stiletto,STIL,Fixed-Wing,Piston
TERZI,T-30 Katana,T30,Fixed-Wing,Piston
TEST,TST-14 Bonus,TS14,Fixed-Wing,Piston
TEST,Bonus,TS14,Fixed-Wing,Piston
TEXAS AIRCRAFT,TA-01,COLT,Fixed-Wing,Piston
TEXAS AIRCRAFT,Colt,COLT,Fixed-Wing,Piston
TEXAS AIRPLANE,F3F Replica,F3F,Fixed-Wing,Piston
TEXAS AIRPLANE,G-11 Replica,F3F,Fixed-Wing,Piston
TEXAS AIRPLANE,G-32 Replica,F3F,Fixed-Wing,Piston
TEXAS HELICOPTER,M-74 Wasp,M74,Helicopter,Piston
TEXAS HELICOPTER,Wasp,M74,Helicopter,Piston
TEXAS SPORT,TX-3 Texas Sport,J3,Fixed-Wing,Piston
TEXAS SPORT,TX-11 Texas Sport,PA11,Fixed-Wing,Piston
TEXAS SPORT,Texas Sport (TX-3),J3,Fixed-Wing,Piston
TEXAS SPORT,Texas Sport (TX-11),PA11,Fixed-Wing,Piston
TEXTRON,220 Denali,BE22,Fixed-Wing,Turboprop/Turboshaft
TEXTRON,Denali,BE22,Fixed-Wing,Turboprop/Turboshaft
TEXTRON AIRLAND,E530 Scorpion,E530,Fixed-Wing,Jet
TEXTRON AIRLAND,Scorpion,E530,Fixed-Wing,Jet
THATCHER,CX-5,CX5,Fixed-Wing,Piston
THK,T-19 Speedfire,T19,Fixed-Wing,Piston
THK,Turkkusu,T19,Fixed-Wing,Piston
THK,Speedfire,T19,Fixed-Wing,Piston
THK,T-19 Turkkusu,T19,Fixed-Wing,Piston
THORP,T-18 Tiger,T18,Fixed-Wing,Piston
THORP,T-211,T211,Fixed-Wing,Piston
THORP,Tiger,T18,Fixed-Wing,Piston
THRUSH,S-2R-660 Turbo Thrush 660,A660,Fixed-Wing,Turboprop/Turboshaft
THRUSH,S-2RHG-T34 Turbo Thrush 510,SS2T,Fixed-Wing,Turboprop/Turboshaft
THRUSH,S-2RHG-T65 Turbo Thrush 550,SS2T,Fixed-Wing,Turboprop/Turboshaft
THRUSH,S-2R-T34 Turbo Thrush,SS2T,Fixed-Wing,Turboprop/Turboshaft
THRUSH,Turbo Thrush 510,SS2T,Fixed-Wing,Turboprop/Turboshaft
THRUSH,Turbo Thrush 550,SS2T,Fixed-Wing,Turboprop/Turboshaft
THRUSH,Turbo Thrush 660,A660,Fixed-Wing,Turboprop/Turboshaft
THRUSH,Turbo Thrush (S-2R-T34),SS2T,Fixed-Wing,Turboprop/Turboshaft
THRUSH,Thrush 400,SS2P,Fixed-Wing,Piston
THRUSH,S-2R-R1340 Trush 400,SS2P,Fixed-Wing,Piston
THRUSH,S-2R-T65 Turbo Thrush 550,SS2T,Fixed-Wing,Turboprop/Turboshaft
THUNDER WINGS,Curtiss P-40,TP40,Fixed-Wing,Piston
THUNDER WINGS,Focke-Wulf Fw-190,TFOC,Fixed-Wing,Piston
THUNDER WINGS,Supermarine Spitfire,TSPT,Fixed-Wing,Piston
THURSTON,Seafire,TA16,Amphibian,Piston
THURSTON,TA-16 Seafire,TA16,Amphibian,Piston
THURSTON,TA-16 Trojan,TA16,Amphibian,Piston
THURSTON,Teal,TEAL,Amphibian,Piston
THURSTON,Trojan,TA16,Amphibian,Piston
THURSTON,TSC-1 Teal,TEAL,Amphibian,Piston
TIGER,AG-5 Tiger,AA5,Fixed-Wing,Piston
TIGER,Tiger,AA5,Fixed-Wing,Piston
TIME WARP,Spitfire,TWSP,Fixed-Wing,Piston
TIPSY,B,TIPB,Fixed-Wing,Piston
TIPSY,BC,TIPB,Fixed-Wing,Piston
TIPSY,Belfair,TIPB,Fixed-Wing,Piston
TIPSY,Junior,TIJU,Fixed-Wing,Piston
TIPSY,Nipper,NIPR,Fixed-Wing,Piston
TIPSY,T-66 Nipper,NIPR,Fixed-Wing,Piston
TIPSY,Trainer,TIPB,Fixed-Wing,Piston
TITAN,Mustang,T51,Fixed-Wing,Piston
TITAN,T-51 Mustang,T51,Fixed-Wing,Piston
TITAN,Tornado SS,TRDO,Fixed-Wing,Piston
TL ULTRALIGHT,Sting,TL20,Fixed-Wing,Piston
TL ULTRALIGHT,StingSport,TL20,Fixed-Wing,Piston
TL ULTRALIGHT,TL-2000  Sting,TL20,Fixed-Wing,Piston
TL ULTRALIGHT,TL-2000 StingSport,TL20,Fixed-Wing,Piston
TL ULTRALIGHT,Stream,STRE,Fixed-Wing,Piston
TL ULTRALIGHT,TL-3000 Sirius,TL30,Fixed-Wing,Piston
TL ULTRALIGHT,Sirius,TL30,Fixed-Wing,Piston
TL ULTRALIGHT,TL-96 Star,TL20,Fixed-Wing,Piston
TL ULTRALIGHT,TL-96 StarSport,TL20,Fixed-Wing,Piston
TL ULTRALIGHT,TL-96 Sting,TL20,Fixed-Wing,Piston
TL ULTRALIGHT,Star,TL20,Fixed-Wing,Piston
TL ULTRALIGHT,StarSport,TL20,Fixed-Wing,Piston
TM AIRCRAFT,TM-5,TM5,Fixed-Wing,Piston
TMM-AVIA,Avia-Tor,T10,Fixed-Wing,Piston
TMM-AVIA,T-10 Avia-Tor,T10,Fixed-Wing,Piston
TOMARK,SD-4 Viper,SD4,Fixed-Wing,Piston
TOMARK,Viper,SD4,Fixed-Wing,Piston
TOYOTA,TAA-1,TAA1,Fixed-Wing,Piston
TRADEWIND TURBINES,36 Prop-Jet Bonanza,B36T,Fixed-Wing,Turboprop/Turboshaft
TRADEWIND TURBINES,Prop-Jet Bonanza,B36T,Fixed-Wing,Turboprop/Turboshaft
TRAGO MILLS,SAH-1,SAH1,Fixed-Wing,Piston
TRANSALL,C-160,C160,Fixed-Wing,Turboprop/Turboshaft
TRANSAVIA,Airtruk,PL12,Fixed-Wing,Piston
TRANSAVIA,PL-12 Airtruk,PL12,Fixed-Wing,Piston
TRANSAVIA,PL-12 Skyfarmer,PL12,Fixed-Wing,Piston
TRANSAVIA,Skyfarmer,PL12,Fixed-Wing,Piston
TRAVEL AIR,4,TVL4,Fixed-Wing,Piston
TRAVEL AIR,2000,TVLB,Fixed-Wing,Piston
TRAVEL AIR,4000,TVL4,Fixed-Wing,Piston
TRAVEL AIR,B,TVLB,Fixed-Wing,Piston
TRECKER,166,P66P,Fixed-Wing,Piston
TRECKER,Gull,P136,Amphibian,Piston
TRI-R,Cruiser,KIS4,Fixed-Wing,Piston
TRI-R,KIS TD,KIS2,Fixed-Wing,Piston
TRI-R,KIS TR-1,KIS2,Fixed-Wing,Piston
TRI-R,KIS TR-4 Cruiser,KIS4,Fixed-Wing,Piston
TRIDAIR,206L-ST Gemini ST,B06T,Helicopter,Turboprop/Turboshaft
TRIDAIR,Gemini ST,B06T,Helicopter,Turboprop/Turboshaft
TRIDENT,TR-1 Trigull,TR1,Amphibian,Piston
TRIDENT,Trigull,TR1,Amphibian,Piston
TRIKE ICAROS,Adventure,TIAD,Fixed-Wing,Piston
TUPOLEV,Tu-16,TU16,Fixed-Wing,Jet
TUPOLEV,Tu-20,TU95,Fixed-Wing,Turboprop/Turboshaft
TUPOLEV,Tu-22,TU22,Fixed-Wing,Jet
TUPOLEV,Tu-22M,T22M,Fixed-Wing,Jet
TUPOLEV,Tu-95,TU95,Fixed-Wing,Turboprop/Turboshaft
TUPOLEV,Tu-134,T134,Fixed-Wing,Jet
TUPOLEV,Tu-142,TU95,Fixed-Wing,Turboprop/Turboshaft
TUPOLEV,Tu-154,T154,Fixed-Wing,Jet
TUPOLEV,Tu-160,T160,Fixed-Wing,Jet
TUPOLEV,Tu-204,T204,Fixed-Wing,Jet
TUPOLEV,Tu-214,T204,Fixed-Wing,Jet
TUPOLEV,Tu-224,T204,Fixed-Wing,Jet
TUPOLEV,Tu-234,T204,Fixed-Wing,Jet
TUPOLEV,Tu-334,T334,Fixed-Wing,Jet
TURBINE CUBS,PA-18 Super Cub,PA18,Fixed-Wing,Piston
TURBINE CUBS,Super Cub,PA18,Fixed-Wing,Piston
TURBINE DESIGN,TD-2 Tempest,TD2,Fixed-Wing,Turboprop/Turboshaft
TURBINE DESIGN,Tempest,TD2,Fixed-Wing,Turboprop/Turboshaft
TURNER,T-40,T40,Fixed-Wing,Piston
TUSCO,Navion,NAVI,Fixed-Wing,Piston
TWI,Kiwi,KIWI,Fixed-Wing,Piston
TWI,Taifun,TFUN,Fixed-Wing,Piston
UDET,Flamingo Replica,UU12,Fixed-Wing,Piston
UDET,U-12 Flamingo Replica,UU12,Fixed-Wing,Piston
UETZ,Pelikan,PKAN,Fixed-Wing,Piston
UETZ,U-2V,D11,Fixed-Wing,Piston
UETZ,U-3M Pelikan,PKAN,Fixed-Wing,Piston
UETZ,U-4M Pelikan,PKAN,Fixed-Wing,Piston
UFO,HeliThruster,UFHT,Gyrocopter,Piston
UL-JIH,Fascination,DAL4,Fixed-Wing,Piston
UL-JIH,Evolution,DAL5,Fixed-Wing,Piston
ULLMANN,Panther,ULPA,Fixed-Wing,Piston
ULTIMATE,10 Albertan,UL10,Fixed-Wing,Piston
ULTIMATE,20,UL20,Fixed-Wing,Piston
ULTIMATE,Albertan,UL10,Fixed-Wing,Piston
ULTRALEICHTBAU,Wild Thing,WILT,Fixed-Wing,Piston
ULTRALEICHTBAU,WT-01 Wild Thing,WILT,Fixed-Wing,Piston
ULTRALEICHTBAU,WT-02 Wild Thing,WILT,Fixed-Wing,Piston
ULTRAVIA,Pelican,PELI,Fixed-Wing,Piston
UMBAUGH,18,UM18,Gyrocopter,Piston
UMBRA,Falke,SF25,Fixed-Wing,Piston
UMBRA,SF-25 Falke,SF25,Fixed-Wing,Piston
UNC,Ultra Huey,UH1,Helicopter,Turboprop/Turboshaft
UNIKOMTRANSO,Don,DON,Fixed-Wing,Piston
UNIS,Bongo,NA40,Helicopter,Turboprop/Turboshaft
UNIS,NA-40 Bongo,NA40,Helicopter,Turboprop/Turboshaft
UNITED CANADA,CH-124 Sea King,S61,Helicopter,Turboprop/Turboshaft
UNITED CONSULTANT,Twin Bee,TBEE,Amphibian,Piston
UNITED CONSULTANT,UC-1 Twin Bee,TBEE,Amphibian,Piston
UNIVERSAL COMPOSITE,Carbon Bird,CABI,Fixed-Wing,Turboprop/Turboshaft
URBAN,UFM-11 Lambada,UF13,Fixed-Wing,Piston
URBAN,Lambada,UF13,Fixed-Wing,Piston
URBAN,Samba,UF10,Fixed-Wing,Piston
URBAN,UFM-10 Samba,UF10,Fixed-Wing,Piston
URBAN,UFM-13 Lambada,UF13,Fixed-Wing,Piston
USTINOV,Adel,ADEL,Gyrocopter,Piston
UTVA,60,UT60,Fixed-Wing,Piston
UTVA,65 Privrednik,UT65,Fixed-Wing,Piston
UTVA,66,UT66,Fixed-Wing,Piston
UTVA,75,UT75,Fixed-Wing,Piston
UTVA,Lasta,LAST,Fixed-Wing,Piston
UTVA,Privrednik,UT65,Fixed-Wing,Piston
UTVA,V-53,UT75,Fixed-Wing,Piston
UTVA,N-63 Lasta,LAST,Fixed-Wing,Piston
VALENTIN,Kiwi,KIWI,Fixed-Wing,Piston
VALENTIN,Taifun,TFUN,Fixed-Wing,Piston
VALLADEAU,D-112,D11,Fixed-Wing,Piston
VALLADEAU,D-119,D11,Fixed-Wing,Piston
VALMET,35 Draken,SB35,Fixed-Wing,Jet
VALMET,CM-170R Magister,FOUG,Fixed-Wing,Jet
VALMET,Draken,SB35,Fixed-Wing,Jet
VALMET,Hawk,HAWK,Fixed-Wing,Jet
VALMET,L-70 Miltrainer,L70,Fixed-Wing,Piston
VALMET,L-70 Vinka,L70,Fixed-Wing,Piston
VALMET,L-90TP Redigo,L90,Fixed-Wing,Turboprop/Turboshaft
VALMET,Magister,FOUG,Fixed-Wing,Jet
VALMET,Miltrainer,L70,Fixed-Wing,Piston
VALMET,PIK-23 Suhinu,PK23,Fixed-Wing,Piston
VALMET,PIK-23 Towmaster,PK23,Fixed-Wing,Piston
VALMET,Redigo,L90,Fixed-Wing,Turboprop/Turboshaft
VALMET,Suhinu,PK23,Fixed-Wing,Piston
VALMET,Towmaster,PK23,Fixed-Wing,Piston
VALMET,Vinka,L70,Fixed-Wing,Piston
VALMET,Hornet,F18H,Fixed-Wing,Jet
VALMET,FA-18 Hornet,F18H,Fixed-Wing,Jet
VALTION,Viima,VIMA,Fixed-Wing,Piston
VAN'S,RV-14,RV14,Fixed-Wing,Piston
VAN'S,RV-3,RV3,Fixed-Wing,Piston
VAN'S,RV-4,RV4,Fixed-Wing,Piston
VAN'S,RV-4T,RV4T,Fixed-Wing,Turboprop/Turboshaft
VAN'S,RV-6,RV6,Fixed-Wing,Piston
VAN'S,RV-7,RV7,Fixed-Wing,Piston
VAN'S,RV-8,RV8,Fixed-Wing,Piston
VAN'S,RV-9,RV9,Fixed-Wing,Piston
VAN'S,RV-10,RV10,Fixed-Wing,Piston
VAN'S,RV-12,RV12,Fixed-Wing,Piston
VANESSA AIR,VL-3,VL3,Fixed-Wing,Piston
VANESSA AIR,Flamingo,VL3,Fixed-Wing,Piston
VANESSA AIR,VL-3 Flamingo,VL3,Fixed-Wing,Piston
VARDAX,Vazar Dash 3,DH3T,Fixed-Wing,Turboprop/Turboshaft
VARGA,2150 Kachina,MOR2,Fixed-Wing,Piston
VARGA,Kachina,MOR2,Fixed-Wing,Piston
VASHON,Ranger R7,VR7,Fixed-Wing,Piston
VAT,Elite,S55T,Helicopter,Turboprop/Turboshaft
VAT,Hummingbird,S52,Helicopter,Piston
VEB,Il-14,IL14,Fixed-Wing,Piston
VELOCITY,Rocket Racer,ROAR,Fixed-Wing,Rocket
VELOCITY,Velocity 173,VELO,Fixed-Wing,Piston
VELOCITY,Velocity LW,VELO,Fixed-Wing,Piston
VELOCITY,Velocity SE,VELO,Fixed-Wing,Piston
VELOCITY,Velocity XL,VELO,Fixed-Wing,Piston
VELOCITY,Velocity TXL,VELO,Fixed-Wing,Piston
VELOCITY,Velocity V-Twin,VELT,Fixed-Wing,Piston
VENTURE,T-211,T211,Fixed-Wing,Piston
VERHEES,D-1 Delta,DTA1,Fixed-Wing,Piston
VERHEES,Delta (D-1),DTA1,Fixed-Wing,Piston
VERHEES,D-2 Delta,DTA2,Fixed-Wing,Piston
VERHEES,Delta (D-2),DTA2,Fixed-Wing,Piston
VERILITE,100 Sunbird,SUNB,Fixed-Wing,Piston
VERILITE,Sunbird,SUNB,Fixed-Wing,Piston
VERTOL,42 Work Horse,H21,Helicopter,Piston
VERTOL,107,H46,Helicopter,Turboprop/Turboshaft
VERTOL,CH-21 Work horse,H21,Helicopter,Piston
VERTOL,Work Horse,H21,Helicopter,Piston
VFW,CH-53G,H53,Helicopter,Turboprop/Turboshaft
VICKERS-SLINGSBY,T-61 Venture,SF25,Fixed-Wing,Piston
VICKERS-SLINGSBY,Venture,SF25,Fixed-Wing,Piston
VICTA,Aircruiser,ACSR,Fixed-Wing,Piston
VICTA,Airtourer,TOUR,Fixed-Wing,Piston
VIDOR,Asso 4 Whisky,ASO4,Fixed-Wing,Piston
VIKING (1),Cygnet,SF2,Fixed-Wing,Piston
VIKING (1),Dragonfly,DFLY,Fixed-Wing,Piston
VIKING (1),SF-2 Cygnet,SF2,Fixed-Wing,Piston
VIKING (2),DHC-6 Twin Otter,DHC6,Fixed-Wing,Turboprop/Turboshaft
VIKING (2),Twin Otter,DHC6,Fixed-Wing,Turboprop/Turboshaft
VIKING (3),Kitty Hawk,KITH,Fixed-Wing,Piston
VIPER,ViperJet,VIPJ,Fixed-Wing,Jet
VISIONAIRE,VA-10 Vantage,VANT,Fixed-Wing,Jet
VISIONAIRE,Vantage,VANT,Fixed-Wing,Jet
VITEK,Ovod,OVOD,Fixed-Wing,Piston
VOL MEDITERRANI,Esqual,VM1,Fixed-Wing,Piston
VOL MEDITERRANI,VM-1 Esqual,VM1,Fixed-Wing,Piston
VOLAIRCRAFT,Volaire 10,VO10,Fixed-Wing,Piston
VOLAIRCRAFT,Volaire 1035,VO10,Fixed-Wing,Piston
VOLAIRCRAFT,Volaire 1050,VO10,Fixed-Wing,Piston
VOLANTE,Volante Two,VOL2,Fixed-Wing,Piston
VOLMER,Sportsman,VJ22,Amphibian,Piston
VOLMER,VJ-22 Sportsman,VJ22,Amphibian,Piston
VOLPAR,18,BE18,Fixed-Wing,Piston
VOLPAR,Century Jetstream 3,JS3,Fixed-Wing,Turboprop/Turboshaft
VOLPAR,Turbo 18,B18T,Fixed-Wing,Turboprop/Turboshaft
VOLPAR,Turboliner,B18T,Fixed-Wing,Turboprop/Turboshaft
VOUGHT,Panther 800,AS65,Helicopter,Turboprop/Turboshaft
VOUGHT,SA-366 Panther 800,AS65,Helicopter,Turboprop/Turboshaft
VOUGHT-SIKORSKY,Corsair,CORS,Fixed-Wing,Piston
VOUGHT-SIKORSKY,F4U Corsair,CORS,Fixed-Wing,Piston
VOUGHT-SIKORSKY,V-166 Corsair,CORS,Fixed-Wing,Piston
VSR,Snoshoo,SNOS,Fixed-Wing,Piston
VSR,SR-1 Snoshoo,SNOS,Fixed-Wing,Piston
VSTOL,Pairadigm,PDIG,Fixed-Wing,Piston
VSTOL,SS-2000 Super Solution,SUSO,Fixed-Wing,Piston
VSTOL,SST-2000 Pairadigm,PDIG,Fixed-Wing,Piston
VSTOL,Super Solution,SUSO,Fixed-Wing,Piston
VTOL AIRCRAFT,Phillicopter,PHIL,Helicopter,Piston
VULCANAIR,AP-68TP-600 Viator,VTOR,Fixed-Wing,Turboprop/Turboshaft
VULCANAIR,Canguro,F600,Fixed-Wing,Turboprop/Turboshaft
VULCANAIR,Mission,VF60,Fixed-Wing,Turboprop/Turboshaft
VULCANAIR,Observer,P68,Fixed-Wing,Piston
VULCANAIR,P-68,P68,Fixed-Wing,Piston
VULCANAIR,P-68 Observer,P68,Fixed-Wing,Piston
VULCANAIR,SF-600 Canguro,F600,Fixed-Wing,Turboprop/Turboshaft
VULCANAIR,VF-600 Mission,VF60,Fixed-Wing,Turboprop/Turboshaft
VULCANAIR,Viator,VTOR,Fixed-Wing,Turboprop/Turboshaft
VULCANAIR,AP-68TP-600 A-Viator,VTOR,Fixed-Wing,Turboprop/Turboshaft
VULCANAIR,AP-68TP-601 Marlin,VTOR,Fixed-Wing,Turboprop/Turboshaft
VULCANAIR,P-68 VR,P68,Fixed-Wing,Piston
VULCANAIR,A-Viator,VTOR,Fixed-Wing,Turboprop/Turboshaft
VULCANAIR,Marlin,VTOR,Fixed-Wing,Turboprop/Turboshaft
VULCANAIR,VR,P68,Fixed-Wing,Piston
VULCANAIR,V-1,OSCR,Fixed-Wing,Piston
VULTEE,BT-13 Valiant,VALI,Fixed-Wing,Piston
VULTEE,BT-15 Valiant,VALI,Fixed-Wing,Piston
VULTEE,SNV Valiant,VALI,Fixed-Wing,Piston
VULTEE,V-54 Valiant,VALI,Fixed-Wing,Piston
VULTEE,V-74 Valiant,VALI,Fixed-Wing,Piston
VULTEE,Valiant,VALI,Fixed-Wing,Piston
WACO,9,WAC9,Fixed-Wing,Piston
WACO,10,WACO,Fixed-Wing,Piston
WACO,125,WACO,Fixed-Wing,Piston
WACO,AGC,WACC,Fixed-Wing,Piston
WACO,AQC,WACC,Fixed-Wing,Piston
WACO,ARE Aristocrat,WACE,Fixed-Wing,Piston
WACO,Aristocrat,WACE,Fixed-Wing,Piston
WACO,ASO,WACO,Fixed-Wing,Piston
WACO,ATO,WACO,Fixed-Wing,Piston
WACO,AVN,WACN,Fixed-Wing,Piston
WACO,BSO,WACO,Fixed-Wing,Piston
WACO,C,WACC,Fixed-Wing,Piston
WACO,CJC,WACC,Fixed-Wing,Piston
WACO,CPF,WACF,Fixed-Wing,Piston
WACO,CRG,WACG,Fixed-Wing,Piston
WACO,CSO,WACO,Fixed-Wing,Piston
WACO,CTO,WACO,Fixed-Wing,Piston
WACO,CUC,WACC,Fixed-Wing,Piston
WACO,D,WACD,Fixed-Wing,Piston
WACO,DJC,WACC,Fixed-Wing,Piston
WACO,DQC,WACC,Fixed-Wing,Piston
WACO,DSO,WACO,Fixed-Wing,Piston
WACO,E (ARE/HRE/SRE) Aristocrat,WACE,Fixed-Wing,Piston
WACO,E (GXE),WACO,Fixed-Wing,Piston
WACO,EGC,WACC,Fixed-Wing,Piston
WACO,ENF,WACF,Fixed-Wing,Piston
WACO,EQC,WACC,Fixed-Wing,Piston
WACO,F,WACF,Fixed-Wing,Piston
WACO,G,WACG,Fixed-Wing,Piston
WACO,GXE,WACO,Fixed-Wing,Piston
WACO,HRE Aristocrat,WACE,Fixed-Wing,Piston
WACO,IBA,WACA,Fixed-Wing,Piston
WACO,INF,WACF,Fixed-Wing,Piston
WACO,JWM,WACM,Fixed-Wing,Piston
WACO,JYM,WACM,Fixed-Wing,Piston
WACO,KNF,WACF,Fixed-Wing,Piston
WACO,O,WACO,Fixed-Wing,Piston
WACO,PBA,WACA,Fixed-Wing,Piston
WACO,PBF,WACF,Fixed-Wing,Piston
WACO,PCF,WACF,Fixed-Wing,Piston
WACO,PLA,WACA,Fixed-Wing,Piston
WACO,PSO,WACO,Fixed-Wing,Piston
WACO,QCF,WACF,Fixed-Wing,Piston
WACO,QDC,WACC,Fixed-Wing,Piston
WACO,QSO,WACO,Fixed-Wing,Piston
WACO,RBA,WACA,Fixed-Wing,Piston
WACO,RNF,WACF,Fixed-Wing,Piston
WACO,RPT,WACT,Fixed-Wing,Piston
WACO,S,WACC,Fixed-Wing,Piston
WACO,S3HD,WACD,Fixed-Wing,Piston
WACO,SRE Aristocrat,WACE,Fixed-Wing,Piston
WACO,UBA,WACA,Fixed-Wing,Piston
WACO,UBF,WACF,Fixed-Wing,Piston
WACO,UEC,WACC,Fixed-Wing,Piston
WACO,UIC,WACC,Fixed-Wing,Piston
WACO,UKC,WACC,Fixed-Wing,Piston
WACO,UKS,WACC,Fixed-Wing,Piston
WACO,ULA,WACA,Fixed-Wing,Piston
WACO,UMF,WACF,Fixed-Wing,Piston
WACO,UPF,WACF,Fixed-Wing,Piston
WACO,VKS,WACC,Fixed-Wing,Piston
WACO,VPF,WACF,Fixed-Wing,Piston
WACO,YKC,WACC,Fixed-Wing,Piston
WACO,YKS,WACC,Fixed-Wing,Piston
WACO,YMF,WACF,Fixed-Wing,Piston
WACO,YOC,WACC,Fixed-Wing,Piston
WACO,YPF,WACF,Fixed-Wing,Piston
WACO,YQC,WACC,Fixed-Wing,Piston
WACO,ZGC,WACC,Fixed-Wing,Piston
WACO,ZKS,WACC,Fixed-Wing,Piston
WACO,ZPF,WACF,Fixed-Wing,Piston
WACO,ZQC,WACC,Fixed-Wing,Piston
WACO,ZVN,WACN,Fixed-Wing,Piston
WACO CLASSIC,YMF,WACF,Fixed-Wing,Piston
WACO CLASSIC,2T-1,G2T1,Fixed-Wing,Piston
WACO OHIO,UMF,WACF,Fixed-Wing,Piston
WACO OHIO,YMF,WACF,Fixed-Wing,Piston
WAGAERO,2+2 Sportsman,PA14,Fixed-Wing,Piston
WAGAERO,Cuby Acro Trainer,J3,Fixed-Wing,Piston
WAGAERO,Cuby Observer,J3,Fixed-Wing,Piston
WAGAERO,Cuby Sport Trainer,J3,Fixed-Wing,Piston
WAGAERO,Super Cuby,PA18,Fixed-Wing,Piston
WAGAERO,Super Sport,PA18,Fixed-Wing,Piston
WAGAERO,Wag-a-Bond,PA15,Fixed-Wing,Piston
WALLERKOWSKI,Hornisse,HORN,Fixed-Wing,Piston
WAR,Curtiss P-40 Kittyhawk,WP40,Fixed-Wing,Piston
WAR,Focke-Wulf 190,WFOC,Fixed-Wing,Piston
WAR,Hawker Sea Fury,WFUR,Fixed-Wing,Piston
WAR,Mitsubishi Zero,WZER,Fixed-Wing,Piston
WAR,Republic P-47 Thunderbolt,WP47,Fixed-Wing,Piston
WAR,Vought F4U Corsair,WF4U,Fixed-Wing,Piston
WARNER (1),Super Kingfisher,KFIS,Amphibian,Piston
WARNER (1),W-1 Super Kingfisher,KFIS,Amphibian,Piston
WARNER (2),Revolution 1,SWAK,Fixed-Wing,Piston
WARNER (2),Revolution 2,SWAK,Fixed-Wing,Piston
WARNER (2),Sportster,SWAK,Fixed-Wing,Piston
WASSMER,Atlantic,WA50,Fixed-Wing,Piston
WASSMER,Baladou,WA41,Fixed-Wing,Piston
WASSMER,D-112,D11,Fixed-Wing,Piston
WASSMER,D-120 Paris-Nice,D11,Fixed-Wing,Piston
WASSMER,Europa,WA50,Fixed-Wing,Piston
WASSMER,Pacific,WA50,Fixed-Wing,Piston
WASSMER,Paris-Nice,D11,Fixed-Wing,Piston
WASSMER,Piranha,WA80,Fixed-Wing,Piston
WASSMER,Prestige,WA42,Fixed-Wing,Piston
WASSMER,Super 4,WA40,Fixed-Wing,Piston
WASSMER,WA-40 Super 4,WA40,Fixed-Wing,Piston
WASSMER,WA-41 Baladou,WA41,Fixed-Wing,Piston
WASSMER,WA-51 Pacific,WA50,Fixed-Wing,Piston
WASSMER,WA-52 Europa,WA50,Fixed-Wing,Piston
WASSMER,WA-54 Atlantic,WA50,Fixed-Wing,Piston
WASSMER,WA-80 Piranha,WA80,Fixed-Wing,Piston
WASSMER,WA-81 Piranha,WA80,Fixed-Wing,Piston
WASSMER,WA-421 Prestige,WA42,Fixed-Wing,Piston
WATSON,GW-1 Windwagon,WIND,Fixed-Wing,Piston
WATSON,Windwagon,WIND,Fixed-Wing,Piston
WEATHERLY,201,W201,Fixed-Wing,Piston
WEATHERLY,620,W201,Fixed-Wing,Piston
WEATHERLY,620B,W201,Fixed-Wing,Piston
WEATHERLY,620BTG,W62T,Fixed-Wing,Turboprop/Turboshaft
WEATHERLY,620TP,W62T,Fixed-Wing,Turboprop/Turboshaft
WENDT,Traveler,WH1,Fixed-Wing,Piston
WENDT,WH-1 Traveler,WH1,Fixed-Wing,Piston
WESTERN,Hirondelle,PGK1,Fixed-Wing,Piston
WESTERN,PGK-1 Hirondelle,PGK1,Fixed-Wing,Piston
WESTLAND,30,WG30,Helicopter,Turboprop/Turboshaft
WESTLAND,AH-11 Super Lynx,LYNX,Helicopter,Turboprop/Turboshaft
WESTLAND,Commando,S61,Helicopter,Turboprop/Turboshaft
WESTLAND,Gazelle,GAZL,Helicopter,Turboprop/Turboshaft
WESTLAND,AW-159 Lynx Wildcat,LYNX,Helicopter,Turboprop/Turboshaft
WESTLAND,Lynx Wildcat,LYNX,Helicopter,Turboprop/Turboshaft
WESTLAND,Lynx,LYNX,Helicopter,Turboprop/Turboshaft
WESTLAND,Battlefield Lynx,LYNX,Helicopter,Turboprop/Turboshaft
WESTLAND,Super Lynx,LYNX,Helicopter,Turboprop/Turboshaft
WESTLAND,WAH-64 Apache,H64,Helicopter,Turboprop/Turboshaft
WESTLAND,Apache,H64,Helicopter,Turboprop/Turboshaft
WESTLAND,Lysander,LYSA,Fixed-Wing,Piston
WESTLAND,Puma,PUMA,Helicopter,Turboprop/Turboshaft
WESTLAND,Scout,SCOU,Helicopter,Turboprop/Turboshaft
WESTLAND,Sea King,S61,Helicopter,Turboprop/Turboshaft
WESTLAND,Sioux,B47G,Helicopter,Piston
WESTLAND,Wasp,WASP,Helicopter,Turboprop/Turboshaft
WESTLAND,Wessex,WESX,Helicopter,Turboprop/Turboshaft
WESTLAND,WG-13 Battlefield Lynx,LYNX,Helicopter,Turboprop/Turboshaft
WESTLAND,WG-13 Lynx,LYNX,Helicopter,Turboprop/Turboshaft
WESTLAND,WG-13 Super Lynx,LYNX,Helicopter,Turboprop/Turboshaft
WESTLAND,WG-30,WG30,Helicopter,Turboprop/Turboshaft
WESTLAND,Whirlwind 3,S55T,Helicopter,Turboprop/Turboshaft
WESTLAND,WS-55 Whirlwind 3,S55T,Helicopter,Turboprop/Turboshaft
WESTLAND,WS-58 Wessex,WESX,Helicopter,Turboprop/Turboshaft
WESTLAND,WS-61 Commando,S61,Helicopter,Turboprop/Turboshaft
WESTLAND,WS-61 Sea King,S61,Helicopter,Turboprop/Turboshaft
WESTLAND,WS-70,H60,Helicopter,Turboprop/Turboshaft
WET AERO,M-6,MRMD,Amphibian,Piston
WHATLEY,Special,WHAT,Fixed-Wing,Piston
WHEELER,Express,EXPR,Fixed-Wing,Piston
WHISPER,Whisper,WISP,Fixed-Wing,Piston
WHITE,Der Jäger D-9,WW1,Fixed-Wing,Piston
WHITE,WW-1 Der Jäger D-9,WW1,Fixed-Wing,Piston
WHITE LIGHTNING,White Lightning,WHIL,Fixed-Wing,Piston
WHITE LIGHTNING,WLAC-1 White Lightning,WHIL,Fixed-Wing,Piston
WILDEN,VoWi-10,VW10,Fixed-Wing,Piston
WINDECKER,Eagle,WINE,Fixed-Wing,Piston
WINDEXAIR,Windex,WDEX,Fixed-Wing,Piston
WING,D-1 Derringer,D1,Fixed-Wing,Piston
WING,Derringer,D1,Fixed-Wing,Piston
WINGTIP TO WINGTIP,S-330,ST30,Fixed-Wing,Piston
WINNER,B-150,B150,Helicopter,Turboprop/Turboshaft
WITTMAN,Tailwind,TAIL,Fixed-Wing,Piston
WITTMAN,V-Witt,VWIT,Fixed-Wing,Piston
WITTMAN,W-8 Tailwind,TAIL,Fixed-Wing,Piston
WITTMAN,W-9 Tailwind,TAIL,Fixed-Wing,Piston
WITTMAN,W-10 Tailwind,TAIL,Fixed-Wing,Piston
WITTMAN,W-5 Buttercup,W5BC,Fixed-Wing,Piston
WITTMAN,W-5 Buttercup Replica,W5BC,Fixed-Wing,Piston
WITTMAN,Buttercup,W5BC,Fixed-Wing,Piston
WITTMAN,Buttercup Replica,W5BC,Fixed-Wing,Piston
WOLF,Boredom Fighter,W11,Fixed-Wing,Piston
WOLF,W-11 Boredom Fighter,W11,Fixed-Wing,Piston
WOLFSBERG,Corvus,CORV,Fixed-Wing,Piston
WOODS,Woody Pusher,WOPU,Fixed-Wing,Piston
WORLD AIRCRAFT,WA-100 Spirit,MX1T,Fixed-Wing,Piston
WORLD AIRCRAFT,Spirit,MX1T,Fixed-Wing,Piston
WORLD AIRCRAFT,WA-200 Vision,MX1T,Fixed-Wing,Piston
WORLD AIRCRAFT,Vision,MX1T,Fixed-Wing,Piston
WORLD AIRCRAFT,Sentinel,MX1T,Fixed-Wing,Piston
WREN,460,C182,Fixed-Wing,Piston
WUHAN,280,EN28,Helicopter,Piston
WUHAN,TH-28,EN48,Helicopter,Turboprop/Turboshaft
WZL 3,DEKO-9,MGIC,Fixed-Wing,Piston
WÜST,Seahawk,WUSH,Amphibian,Piston
WÜST,Seagle,WUSH,Amphibian,Piston
WÜST,Shark,WUSH,Amphibian,Piston
XIAN,FBC-1 Flying Leopard,JH7,Fixed-Wing,Jet
XIAN,Flying Leopard,JH7,Fixed-Wing,Jet
XIAN,H-6,TU16,Fixed-Wing,Jet
XIAN,JH-7,JH7,Fixed-Wing,Jet
XIAN,MA-60,MA60,Fixed-Wing,Turboprop/Turboshaft
XIAN,MA-60H,MA6H,Fixed-Wing,Turboprop/Turboshaft
XIAN,Y-7-100,AN24,Fixed-Wing,Turboprop/Turboshaft
XIAN,Y-7-200,AN24,Fixed-Wing,Turboprop/Turboshaft
XIAN,Y-7E,AN24,Fixed-Wing,Turboprop/Turboshaft
XIAN,Y-7H,AN26,Fixed-Wing,Turboprop/Turboshaft
XIAN,Y-20 Kunpeng,Y20,Fixed-Wing,Jet
XIAN,Kunpeng,Y20,Fixed-Wing,Jet
XTREMEAIR,Sbach 342,XA42,Fixed-Wing,Piston
XTREMEAIR,Sbach 300,XA41,Fixed-Wing,Piston
XTREMEAIR,Xtreme 3000,XA41,Fixed-Wing,Piston
XTREMEAIR,XA-41,XA41,Fixed-Wing,Piston
XTREMEAIR,XA-42,XA42,Fixed-Wing,Piston
YAKIMA AEROSPORT,Super 18 Turbo Cub,PA18,Fixed-Wing,Piston
YAKIMA AEROSPORT,Super Breezy,RLU1,Fixed-Wing,Piston
YAKOVLEV,Yak-3,YAK3,Fixed-Wing,Piston
YAKOVLEV,Yak-9,YAK9,Fixed-Wing,Piston
YAKOVLEV,Yak-11,YK11,Fixed-Wing,Piston
YAKOVLEV,Yak-12,YK12,Fixed-Wing,Piston
YAKOVLEV,Yak-18,YK18,Fixed-Wing,Piston
YAKOVLEV,Yak-18A,YK18,Fixed-Wing,Piston
YAKOVLEV,Yak-18P,YK18,Fixed-Wing,Piston
YAKOVLEV,Yak-18PM,YK18,Fixed-Wing,Piston
YAKOVLEV,Yak-18PS,YK18,Fixed-Wing,Piston
YAKOVLEV,Yak-18T,Y18T,Fixed-Wing,Piston
YAKOVLEV,Yak-18U,YK18,Fixed-Wing,Piston
YAKOVLEV,Yak-28,YK28,Fixed-Wing,Jet
YAKOVLEV,Yak-38,YK38,Fixed-Wing,Jet
YAKOVLEV,Yak-40,YK40,Fixed-Wing,Jet
YAKOVLEV,Yak-42,YK42,Fixed-Wing,Jet
YAKOVLEV,Yak-50,YK50,Fixed-Wing,Piston
YAKOVLEV,Yak-52,YK52,Fixed-Wing,Piston
YAKOVLEV,Yak-53,YK53,Fixed-Wing,Piston
YAKOVLEV,Yak-54,YK54,Fixed-Wing,Piston
YAKOVLEV,Yak-55,YK55,Fixed-Wing,Piston
YAKOVLEV,Yak-58,YK58,Fixed-Wing,Piston
YAKOVLEV,Yak-112,Y112,Fixed-Wing,Piston
YAKOVLEV,Yak-130,Y130,Fixed-Wing,Jet
YAKOVLEV,Yak-142,YK42,Fixed-Wing,Jet
YAKOVLEV,Yak-30,YK30,Fixed-Wing,Jet
YAKOVLEV,Yak-32,YK30,Fixed-Wing,Jet
YAKOVLEV AIRCRAFT,Bear 360,B360,Fixed-Wing,Piston
YALO,Avid Flyer,AVID,Fixed-Wing,Piston
YALO,Bocian M-2000,SZ9M,Fixed-Wing,Piston
YALO,GM-01 Gniady,GM01,Fixed-Wing,Piston
YALO,Gniady,GM01,Fixed-Wing,Piston
YALO,SZD-9bis Bocian M-2000,SZ9M,Fixed-Wing,Piston
YEOMAN,YA-1 Cropmaster,YA1,Fixed-Wing,Piston
YEOMAN,Cropmaster,YA1,Fixed-Wing,Piston
ZENAIR,Acro-Z,CH15,Fixed-Wing,Piston
ZENAIR,Acro-Zénith,CH15,Fixed-Wing,Piston
ZENAIR,CH-50 Mini Zénith,CH50,Fixed-Wing,Piston
ZENAIR,CH-50 Mini-Z,CH50,Fixed-Wing,Piston
ZENAIR,CH-100 Mono-Z,CH10,Fixed-Wing,Piston
ZENAIR,CH-100 Mono-Zénith,CH10,Fixed-Wing,Piston
ZENAIR,CH-150 Acro-Z,CH15,Fixed-Wing,Piston
ZENAIR,CH-150 Acro-Zénith,CH15,Fixed-Wing,Piston
ZENAIR,CH-180 Super Acro-Z,CH18,Fixed-Wing,Piston
ZENAIR,CH-180 Super Acro-Zénith,CH18,Fixed-Wing,Piston
ZENAIR,CH-200 Zénith,CH20,Fixed-Wing,Piston
ZENAIR,CH-250 Zénith,CH25,Fixed-Wing,Piston
ZENAIR,CH-300 Tri-Z,CH30,Fixed-Wing,Piston
ZENAIR,CH-300 Tri-Zénith,CH30,Fixed-Wing,Piston
ZENAIR,CH-600 Zodiac,CH60,Fixed-Wing,Piston
ZENAIR,CH-601 Super Zodiac,CH60,Fixed-Wing,Piston
ZENAIR,CH-601 Zodiac,CH60,Fixed-Wing,Piston
ZENAIR,CH-620 Gemini,CH62,Fixed-Wing,Piston
ZENAIR,CH-640 Zodiac,CH64,Fixed-Wing,Piston
ZENAIR,CH-701 Stol,CH70,Fixed-Wing,Piston
ZENAIR,CH-801 Stol,CH80,Fixed-Wing,Piston
ZENAIR,CH-2000 Zénith,CH2T,Fixed-Wing,Piston
ZENAIR,Cricri,MC10,Fixed-Wing,Piston
ZENAIR,Gemini,CH62,Fixed-Wing,Piston
ZENAIR,MC-12 Cricri,MC10,Fixed-Wing,Piston
ZENAIR,Mini Zénith,CH50,Fixed-Wing,Piston
ZENAIR,Mini-Z,CH50,Fixed-Wing,Piston
ZENAIR,Mono-Z,CH10,Fixed-Wing,Piston
ZENAIR,Mono-Zénith,CH10,Fixed-Wing,Piston
ZENAIR,Stol (CH-701),CH70,Fixed-Wing,Piston
ZENAIR,Stol (CH-801),CH80,Fixed-Wing,Piston
ZENAIR,Super Acro-Z,CH18,Fixed-Wing,Piston
ZENAIR,Super Acro-Zénith,CH18,Fixed-Wing,Piston
ZENAIR,Super Zodiac,CH60,Fixed-Wing,Piston
ZENAIR,Tri-Z,CH30,Fixed-Wing,Piston
ZENAIR,Tri-Zénith,CH30,Fixed-Wing,Piston
ZENAIR,Zénith (CH-200),CH20,Fixed-Wing,Piston
ZENAIR,Zénith (CH-250),CH25,Fixed-Wing,Piston
ZENAIR,Zénith (CH-2000),CH2T,Fixed-Wing,Piston
ZENAIR,Zodiac (CH-600/601),CH60,Fixed-Wing,Piston
ZENAIR,Zodiac (CH-640),CH64,Fixed-Wing,Piston
ZENAIR,CH-750 Stol,CH75,Fixed-Wing,Piston
ZENAIR,CH-750 Cruzer,CH75,Fixed-Wing,Piston
ZENAIR,Stol,CH75,Fixed-Wing,Piston
ZENAIR,Cruzer,CH75,Fixed-Wing,Piston
ZENITH,CH-750 Stol,CH75,Fixed-Wing,Piston
ZENITH,CH-750 Cruzer,CH75,Fixed-Wing,Piston
ZENITH,Stol,CH75,Fixed-Wing,Piston
ZENITH,Cruzer,CH75,Fixed-Wing,Piston
ZENITH,CH-601 Super Zodiac,CH60,Fixed-Wing,Piston
ZENITH,CH-601 Zodiac,CH60,Fixed-Wing,Piston
ZENITH,CH-620 Gemini,CH62,Fixed-Wing,Piston
ZENITH,CH-640 Zodiac,CH64,Fixed-Wing,Piston
ZENITH,CH-701 Stol,CH70,Fixed-Wing,Piston
ZENITH,CH-801 Stol,CH80,Fixed-Wing,Piston
ZENITH,Gemini,CH62,Fixed-Wing,Piston
ZENITH,Stol (CH-701),CH70,Fixed-Wing,Piston
ZENITH,Stol (CH-801),CH80,Fixed-Wing,Piston
ZENITH,Super Zodiac,CH60,Fixed-Wing,Piston
ZENITH,Zodiac (CH-601),CH60,Fixed-Wing,Piston
ZENITH,Zodiac (CH-640),CH64,Fixed-Wing,Piston
ZIVKO,Edge 540,EDGE,Fixed-Wing,Piston
ZIVKO,Edge 540A,EDGE,Fixed-Wing,Piston
ZIVKO,Edge 540 T,EDGT,Fixed-Wing,Piston
ZLIN,Akrobat,Z26,Fixed-Wing,Piston
ZLIN,Bohatyr,Z26,Fixed-Wing,Piston
ZLIN,C-5 Trener,Z26,Fixed-Wing,Piston
ZLIN,C-6,BU81,Fixed-Wing,Piston
ZLIN,C-106,BU81,Fixed-Wing,Piston
ZLIN,C-206,BU81,Fixed-Wing,Piston
ZLIN,Condor,Z26,Fixed-Wing,Piston
ZLIN,Firnas 142,Z42,Fixed-Wing,Piston
ZLIN,Junak,Z22,Fixed-Wing,Piston
ZLIN,Rhino,SM92,Fixed-Wing,Piston
ZLIN,Safir 43,Z43,Fixed-Wing,Piston
ZLIN,Skydevil,Z26,Fixed-Wing,Piston
ZLIN,Trener,Z26,Fixed-Wing,Piston
ZLIN,Trener 2,Z26,Fixed-Wing,Piston
ZLIN,Trener 6,Z26,Fixed-Wing,Piston
ZLIN,Trener Master,Z26,Fixed-Wing,Piston
ZLIN,Universal,Z26,Fixed-Wing,Piston
ZLIN,Z-22 Junak,Z22,Fixed-Wing,Piston
ZLIN,Z-26 Trener,Z26,Fixed-Wing,Piston
ZLIN,Z-42,Z42,Fixed-Wing,Piston
ZLIN,Z-43,Z43,Fixed-Wing,Piston
ZLIN,Z-50,Z50,Fixed-Wing,Piston
ZLIN,Z-126 Trener 2,Z26,Fixed-Wing,Piston
ZLIN,Z-142,Z42,Fixed-Wing,Piston
ZLIN,Z-143,Z43,Fixed-Wing,Piston
ZLIN,Z-181,BU81,Fixed-Wing,Piston
ZLIN,Z-182,BU81,Fixed-Wing,Piston
ZLIN,Z-183,BU81,Fixed-Wing,Piston
ZLIN,Z-226 Akrobat,Z26,Fixed-Wing,Piston
ZLIN,Z-226 Bohatyr,Z26,Fixed-Wing,Piston
ZLIN,Z-226 Trener 6,Z26,Fixed-Wing,Piston
ZLIN,Z-242,Z42,Fixed-Wing,Piston
ZLIN,Z-326 Akrobat,Z26,Fixed-Wing,Piston
ZLIN,Z-326 Trener Master,Z26,Fixed-Wing,Piston
ZLIN,Z-400 Rhino,SM92,Fixed-Wing,Piston
ZLIN,Z-526 Akrobat,Z26,Fixed-Wing,Piston
ZLIN,Z-526 Condor,Z26,Fixed-Wing,Piston
ZLIN,Z-526 Skydevil,Z26,Fixed-Wing,Piston
ZLIN,Z-526 Trener Master,Z26,Fixed-Wing,Piston
ZLIN,Z-626,Z26,Fixed-Wing,Piston
ZLIN,Z-726 Universal,Z26,Fixed-Wing,Piston
ZLIN AVIATION,Savage,SAVG,Fixed-Wing,Piston
